[2026-09-19 00:03:50.830 +00:00] [INF] [61] Emby.Server.Implementations.ScheduledTasks.TaskManager: "Download missing subtitles" Completed after 0 minute(s) and 0 seconds
[2026-09-19 00:03:50.869 +00:00] [INF] [62] Emby.Server.Implementations.ScheduledTasks.TaskManager: "Clean Log Directory" Completed after 0 minute(s) and 0 seconds
[2026-09-19 00:03:50.900 +00:00] [INF] [44] Emby.Server.Implementations.ScheduledTasks.TaskManager: "Clean Transcode Directory" Completed after 0 minute(s) and 0 seconds
[2026-09-19 00:03:50.946 +00:00] [INF] [70] Emby.Server.Implementations.ScheduledTasks.TaskManager: "Refresh Channels" Completed after 0 minute(s) and 0 seconds
[2026-09-19 00:03:50.979 +00:00] [INF] [44] Emby.Server.Implementations.ScheduledTasks.TaskManager: "Audio Normalization" Completed after 0 minute(s) and 0 seconds
[2026-09-19 00:03:51.013 +00:00] [INF] [40] Emby.Server.Implementations.ScheduledTasks.TaskManager: "Download missing lyrics" Completed after 0 minute(s) and 0 seconds
[2026-09-19 00:03:51.041 +00:00] [INF] [61] Emby.Server.Implementations.ScheduledTasks.TaskManager: "Clean Cache Directory" Completed after 0 minute(s) and 0 seconds
[2026-09-19 00:03:51.013 +00:00] [ERR] [62] Emby.Server.Implementations.Updates.InstallationManager: An error occurred while accessing the plugin manifest: "https://repo.jellyfin.org/files/plugin/manifest.json"
System.Net.Http.HttpRequestException: Resource temporarily unavailable (repo.jellyfin.org:443)
 ---> System.Net.Sockets.SocketException (11): Resource temporarily unavailable
   at System.Net.Sockets.Socket.AwaitableSocketAsyncEventArgs.ThrowException(SocketError error, CancellationToken cancellationToken)
   at System.Net.Sockets.Socket.AwaitableSocketAsyncEventArgs.System.Threading.Tasks.Sources.IValueTaskSource.GetResult(Int16 token)
   at Jellyfin.Networking.HappyEyeballs.HttpClientExtension.AttemptConnection(AddressFamily addressFamily, SocketsHttpConnectionContext context, CancellationToken cancellationToken)
   at Jellyfin.Networking.HappyEyeballs.HttpClientExtension.OnConnect(SocketsHttpConnectionContext context, CancellationToken cancellationToken)
   at System.Net.Http.HttpConnectionPool.ConnectToTcpHostAsync(String host, Int32 port, HttpRequestMessage initialRequest, Boolean async, CancellationToken cancellationToken)
   --- End of inner exception stack trace ---
   at System.Net.Http.HttpConnectionPool.ConnectToTcpHostAsync(String host, Int32 port, HttpRequestMessage initialRequest, Boolean async, CancellationToken cancellationToken)
   at System.Net.Http.HttpConnectionPool.ConnectAsync(HttpRequestMessage request, Boolean async, CancellationToken cancellationToken)
   at System.Net.Http.HttpConnectionPool.CreateHttp11ConnectionAsync(HttpRequestMessage request, Boolean async, CancellationToken cancellationToken)
   at System.Net.Http.HttpConnectionPool.InjectNewHttp11ConnectionAsync(QueueItem queueItem)
   at System.Threading.Tasks.TaskCompletionSourceWithCancellation`1.WaitWithCancellationAsync(CancellationToken cancellationToken)
   at System.Net.Http.HttpConnectionPool.SendWithVersionDetectionAndRetryAsync(HttpRequestMessage request, Boolean async, Boolean doRequestAuth, CancellationToken cancellationToken)
   at System.Net.Http.RedirectHandler.SendAsync(HttpRequestMessage request, Boolean async, CancellationToken cancellationToken)
   at System.Net.Http.DecompressionHandler.SendAsync(HttpRequestMessage request, Boolean async, CancellationToken cancellationToken)
   at System.Net.Http.SocketsHttpHandler.<SendAsync>g__CreateHandlerAndSendAsync|115_0(HttpRequestMessage request, CancellationToken cancellationToken)
   at Microsoft.Extensions.Http.Logging.LoggingHttpMessageHandler.<SendCoreAsync>g__Core|4_0(HttpRequestMessage request, Boolean useAsync, CancellationToken cancellationToken)
   at Microsoft.Extensions.Http.Logging.LoggingScopeHttpMessageHandler.<SendCoreAsync>g__Core|4_0(HttpRequestMessage request, Boolean useAsync, CancellationToken cancellationToken)
   at System.Net.Http.HttpClient.<SendAsync>g__Core|83_0(HttpRequestMessage request, HttpCompletionOption completionOption, CancellationTokenSource cts, Boolean disposeCts, CancellationTokenSource pendingRequestsCts, CancellationToken originalCancellationToken)
   at System.Net.Http.Json.HttpClientJsonExtensions.<FromJsonAsyncCore>g__Core|12_0[TValue,TJsonOptions](HttpClient client, Task`1 responseTask, Boolean usingResponseHeadersRead, CancellationTokenSource linkedCTS, Func`4 deserializeMethod, TJsonOptions jsonOptions, CancellationToken cancellationToken)
   at Emby.Server.Implementations.Updates.InstallationManager.GetPackages(String manifestName, String manifest, Boolean filterIncompatible, CancellationToken cancellationToken)
[2026-09-19 00:03:51.069 +00:00] [INF] [62] Emby.Server.Implementations.ScheduledTasks.TaskManager: "Update Plugins" Completed after 0 minute(s) and 0 seconds
[2026-09-19 00:03:53.946 +00:00] [INF] [62] Jellyfin.LiveTv.Guide.GuideManager: Refreshing guide with 7 days of guide data
[2026-09-19 00:03:53.947 +00:00] [INF] [62] Emby.Server.Implementations.ScheduledTasks.TaskManager: "Refresh Guide" Completed after 0 minute(s) and 3 seconds
[2026-09-19 00:08:55.835 +00:00] [INF] [61] Emby.Server.Implementations.IO.LibraryMonitor: Stopping directory watching for path "/media/movies"
[2026-09-19 00:08:55.837 +00:00] [INF] [61] Emby.Server.Implementations.IO.LibraryMonitor: Stopping directory watching for path "/media/tv"
[2026-09-19 00:08:55.837 +00:00] [INF] [61] Emby.Server.Implementations.Library.LibraryManager: Validating media library
[2026-09-19 00:08:55.859 +00:00] [WRN] [61] MediaBrowser.Controller.Entities.BaseItem: Library folder "/config/data/data/playlists" is inaccessible or empty, skipping
[2026-09-19 00:08:55.869 +00:00] [WRN] [81] MediaBrowser.Controller.Entities.BaseItem: Library folder "/config/data/data/playlists" is inaccessible or empty, skipping
[2026-09-19 00:09:04.859 +00:00] [INF] [79] Emby.Server.Implementations.ScheduledTasks.TaskManager: "Media Segment Scan" Completed after 0 minute(s) and 9 seconds
[2026-09-19 00:09:05.576 +00:00] [ERR] [72] MediaBrowser.Providers.TV.EpisodeMetadataService: Error in "TheMovieDb" for "/media/tv/Dark Matter (2024)/Season 2/dark.matter.2024.s02e04.1080p.web.h264-cakes[EZTVx.to].mkv"
System.Net.Http.HttpRequestException: Resource temporarily unavailable (api.themoviedb.org:443)
 ---> System.Net.Sockets.SocketException (00000001, 11): Resource temporarily unavailable
   at System.Net.Dns.GetHostEntryOrAddressesCore(String hostName, Boolean justAddresses, AddressFamily addressFamily, Nullable`1 activityOrDefault)
   at System.Net.Dns.<>c.<GetHostEntryOrAddressesCoreAsync>b__34_1(Object s, NameResolutionActivity activity)
   at System.Threading.Tasks.ContinuationResultTaskFromTask`1.InnerInvoke()
   at System.Threading.ExecutionContext.RunFromThreadPoolDispatchLoop(Thread threadPoolThread, ExecutionContext executionContext, ContextCallback callback, Object state)
--- End of stack trace from previous location ---
   at System.Threading.ExecutionContext.RunFromThreadPoolDispatchLoop(Thread threadPoolThread, ExecutionContext executionContext, ContextCallback callback, Object state)
   at System.Threading.Tasks.Task.ExecuteWithThreadLocal(Task& currentTaskSlot, Thread threadPoolThread)
--- End of stack trace from previous location ---
   at TMDbLib.Rest.HappyEyeballsCallback.GetAddressesAsync(String host, CancellationToken cancellationToken)
   at TMDbLib.Rest.HappyEyeballsCallback.ConnectAsync(SocketsHttpConnectionContext context, CancellationToken cancellationToken)
   at System.Net.Http.HttpConnectionPool.ConnectToTcpHostAsync(String host, Int32 port, HttpRequestMessage initialRequest, Boolean async, CancellationToken cancellationToken)
   --- End of inner exception stack trace ---
   at System.Net.Http.HttpConnectionPool.ConnectToTcpHostAsync(String host, Int32 port, HttpRequestMessage initialRequest, Boolean async, CancellationToken cancellationToken)
   at System.Net.Http.HttpConnectionPool.ConnectAsync(HttpRequestMessage request, Boolean async, CancellationToken cancellationToken)
   at System.Net.Http.HttpConnectionPool.CreateHttp11ConnectionAsync(HttpRequestMessage request, Boolean async, CancellationToken cancellationToken)
   at System.Net.Http.HttpConnectionPool.InjectNewHttp11ConnectionAsync(QueueItem queueItem)
   at System.Threading.Tasks.TaskCompletionSourceWithCancellation`1.WaitWithCancellationAsync(CancellationToken cancellationToken)
   at System.Net.Http.HttpConnectionPool.SendWithVersionDetectionAndRetryAsync(HttpRequestMessage request, Boolean async, Boolean doRequestAuth, CancellationToken cancellationToken)
   at System.Net.Http.RedirectHandler.SendAsync(HttpRequestMessage request, Boolean async, CancellationToken cancellationToken)
   at System.Net.Http.HttpClient.<SendAsync>g__Core|83_0(HttpRequestMessage request, HttpCompletionOption completionOption, CancellationTokenSource cts, Boolean disposeCts, CancellationTokenSource pendingRequestsCts, CancellationToken originalCancellationToken)
   at TMDbLib.Rest.RestRequest.SendInternal(HttpMethod method, CancellationToken cancellationToken)
   at TMDbLib.Rest.RestRequest.Get[T](CancellationToken cancellationToken)
   at TMDbLib.Client.TMDbClient.GetTvEpisodeAsync(Int32 tvShowId, Int32 seasonNumber, Int64 episodeNumber, TvEpisodeMethods extraMethods, String language, String includeImageLanguage, CancellationToken cancellationToken)
   at MediaBrowser.Providers.Plugins.Tmdb.TmdbClientManager.GetEpisodeAsync(Int32 tvShowId, Int32 seasonNumber, Int64 episodeNumber, String displayOrder, String language, String imageLanguages, String countryCode, CancellationToken cancellationToken)
   at MediaBrowser.Providers.Plugins.Tmdb.TV.TmdbEpisodeProvider.GetMetadata(EpisodeInfo info, CancellationToken cancellationToken)
   at MediaBrowser.Providers.Manager.MetadataService`2.ExecuteRemoteProviders(MetadataResult`1 temp, String logName, Boolean replaceData, TIdType id, IEnumerable`1 providers, CancellationToken cancellationToken)
[2026-09-19 00:09:17.192 +00:00] [INF] [72] Emby.Server.Implementations.Library.LibraryManager: Running 8 post-scan task(s)
[2026-09-19 00:09:17.192 +00:00] [INF] [72] Emby.Server.Implementations.Library.LibraryManager: Running post-scan task 1/8: "SplashscreenPostScanTask"
[2026-09-19 00:09:23.998 +00:00] [INF] [72] Emby.Server.Implementations.Library.LibraryManager: Post-scan task "SplashscreenPostScanTask" completed after 0 minute(s) and 6 seconds
[2026-09-19 00:09:23.998 +00:00] [INF] [72] Emby.Server.Implementations.Library.LibraryManager: Running post-scan task 2/8: "ArtistsPostScanTask"
[2026-09-19 00:09:24.000 +00:00] [INF] [72] Emby.Server.Implementations.Library.Validators.ArtistsValidator: Refreshed metadata for 0 new artists out of 0 total
[2026-09-19 00:09:24.001 +00:00] [INF] [72] Emby.Server.Implementations.Library.LibraryManager: Post-scan task "ArtistsPostScanTask" completed after 0 minute(s) and 0 seconds
[2026-09-19 00:09:24.001 +00:00] [INF] [72] Emby.Server.Implementations.Library.LibraryManager: Running post-scan task 3/8: "CollectionPosterVerifyPostScanTask"
[2026-09-19 00:09:24.001 +00:00] [INF] [72] Emby.Server.Implementations.Library.LibraryManager: Post-scan task "CollectionPosterVerifyPostScanTask" completed after 0 minute(s) and 0 seconds
[2026-09-19 00:09:24.001 +00:00] [INF] [72] Emby.Server.Implementations.Library.LibraryManager: Running post-scan task 4/8: "CollectionPostScanTask"
[2026-09-19 00:09:24.001 +00:00] [INF] [72] Emby.Server.Implementations.Library.LibraryManager: Post-scan task "CollectionPostScanTask" completed after 0 minute(s) and 0 seconds
[2026-09-19 00:09:24.001 +00:00] [INF] [72] Emby.Server.Implementations.Library.LibraryManager: Running post-scan task 5/8: "GenresPostScanTask"
[2026-09-19 00:09:24.004 +00:00] [INF] [72] Emby.Server.Implementations.Library.Validators.GenresValidator: Refreshed metadata for 0 new genres out of 35 total
[2026-09-19 00:09:24.022 +00:00] [INF] [72] Emby.Server.Implementations.Library.LibraryManager: Post-scan task "GenresPostScanTask" completed after 0 minute(s) and 0 seconds
[2026-09-19 00:09:24.022 +00:00] [INF] [72] Emby.Server.Implementations.Library.LibraryManager: Running post-scan task 6/8: "MusicGenresPostScanTask"
[2026-09-19 00:09:24.061 +00:00] [INF] [72] Emby.Server.Implementations.Library.Validators.MusicGenresValidator: Refreshed metadata for 0 new music genres out of 0 total
[2026-09-19 00:09:24.061 +00:00] [INF] [72] Emby.Server.Implementations.Library.LibraryManager: Post-scan task "MusicGenresPostScanTask" completed after 0 minute(s) and 0 seconds
[2026-09-19 00:09:24.061 +00:00] [INF] [72] Emby.Server.Implementations.Library.LibraryManager: Running post-scan task 7/8: "StudiosPostScanTask"
[2026-09-19 00:09:24.302 +00:00] [INF] [72] Emby.Server.Implementations.Library.Validators.StudiosValidator: Refreshed metadata for 5 new studios out of 1178 total
[2026-09-19 00:09:24.305 +00:00] [INF] [72] Emby.Server.Implementations.Library.LibraryManager: Post-scan task "StudiosPostScanTask" completed after 0 minute(s) and 0 seconds
[2026-09-19 00:09:24.305 +00:00] [INF] [72] Emby.Server.Implementations.Library.LibraryManager: Running post-scan task 8/8: "CleanDatabaseScheduledTask"
[2026-09-19 00:09:24.331 +00:00] [INF] [72] Emby.Server.Implementations.Library.LibraryManager: Post-scan task "CleanDatabaseScheduledTask" completed after 0 minute(s) and 0 seconds
[2026-09-19 00:09:24.331 +00:00] [INF] [72] Emby.Server.Implementations.Library.LibraryManager: All post-scan tasks completed after 0 minute(s) and 7 seconds
[2026-09-19 00:09:24.402 +00:00] [INF] [72] Emby.Server.Implementations.ScheduledTasks.TaskManager: "Scan Media Library" Completed after 0 minute(s) and 28 seconds
[2026-09-19 00:09:24.602 +00:00] [INF] [44] Emby.Server.Implementations.IO.LibraryMonitor: Watching directory "/media/tv"
[2026-09-19 00:09:24.692 +00:00] [INF] [84] Emby.Server.Implementations.IO.LibraryMonitor: Watching directory "/media/movies"
[2026-09-19 00:15:18.714 +00:00] [INF] [66] Emby.Server.Implementations.IO.LibraryMonitor: "Bleach" ("/media/tv/Bleach") will be refreshed.
[2026-09-19 00:15:18.893 +00:00] [ERR] [66] MediaBrowser.Providers.TV.EpisodeMetadataService: Error in "TheMovieDb" for "/media/tv/Bleach/Bleach S17E21 1080p WEB H.264 AAC -Tsundere-Raws (DSNP).mkv"
System.Net.Http.HttpRequestException: Resource temporarily unavailable (api.themoviedb.org:443)
 ---> System.Net.Sockets.SocketException (00000001, 11): Resource temporarily unavailable
   at System.Net.Dns.GetHostEntryOrAddressesCore(String hostName, Boolean justAddresses, AddressFamily addressFamily, Nullable`1 activityOrDefault)
   at System.Net.Dns.<>c.<GetHostEntryOrAddressesCoreAsync>b__34_1(Object s, NameResolutionActivity activity)
   at System.Threading.Tasks.ContinuationResultTaskFromTask`1.InnerInvoke()
   at System.Threading.ExecutionContext.RunFromThreadPoolDispatchLoop(Thread threadPoolThread, ExecutionContext executionContext, ContextCallback callback, Object state)
--- End of stack trace from previous location ---
   at System.Threading.ExecutionContext.RunFromThreadPoolDispatchLoop(Thread threadPoolThread, ExecutionContext executionContext, ContextCallback callback, Object state)
   at System.Threading.Tasks.Task.ExecuteWithThreadLocal(Task& currentTaskSlot, Thread threadPoolThread)
--- End of stack trace from previous location ---
   at TMDbLib.Rest.HappyEyeballsCallback.GetAddressesAsync(String host, CancellationToken cancellationToken)
   at TMDbLib.Rest.HappyEyeballsCallback.ConnectAsync(SocketsHttpConnectionContext context, CancellationToken cancellationToken)
   at System.Net.Http.HttpConnectionPool.ConnectToTcpHostAsync(String host, Int32 port, HttpRequestMessage initialRequest, Boolean async, CancellationToken cancellationToken)
   --- End of inner exception stack trace ---
   at System.Net.Http.HttpConnectionPool.ConnectToTcpHostAsync(String host, Int32 port, HttpRequestMessage initialRequest, Boolean async, CancellationToken cancellationToken)
   at System.Net.Http.HttpConnectionPool.ConnectAsync(HttpRequestMessage request, Boolean async, CancellationToken cancellationToken)
   at System.Net.Http.HttpConnectionPool.CreateHttp11ConnectionAsync(HttpRequestMessage request, Boolean async, CancellationToken cancellationToken)
   at System.Net.Http.HttpConnectionPool.InjectNewHttp11ConnectionAsync(QueueItem queueItem)
   at System.Threading.Tasks.TaskCompletionSourceWithCancellation`1.WaitWithCancellationAsync(CancellationToken cancellationToken)
   at System.Net.Http.HttpConnectionPool.SendWithVersionDetectionAndRetryAsync(HttpRequestMessage request, Boolean async, Boolean doRequestAuth, CancellationToken cancellationToken)
   at System.Net.Http.RedirectHandler.SendAsync(HttpRequestMessage request, Boolean async, CancellationToken cancellationToken)
   at System.Net.Http.HttpClient.<SendAsync>g__Core|83_0(HttpRequestMessage request, HttpCompletionOption completionOption, CancellationTokenSource cts, Boolean disposeCts, CancellationTokenSource pendingRequestsCts, CancellationToken originalCancellationToken)
   at TMDbLib.Rest.RestRequest.SendInternal(HttpMethod method, CancellationToken cancellationToken)
   at TMDbLib.Rest.RestRequest.Get[T](CancellationToken cancellationToken)
   at TMDbLib.Client.TMDbClient.GetTvEpisodeAsync(Int32 tvShowId, Int32 seasonNumber, Int64 episodeNumber, TvEpisodeMethods extraMethods, String language, String includeImageLanguage, CancellationToken cancellationToken)
   at MediaBrowser.Providers.Plugins.Tmdb.TmdbClientManager.GetEpisodeAsync(Int32 tvShowId, Int32 seasonNumber, Int64 episodeNumber, String displayOrder, String language, String imageLanguages, String countryCode, CancellationToken cancellationToken)
   at MediaBrowser.Providers.Plugins.Tmdb.TV.TmdbEpisodeProvider.GetMetadata(EpisodeInfo info, CancellationToken cancellationToken)
   at MediaBrowser.Providers.Manager.MetadataService`2.ExecuteRemoteProviders(MetadataResult`1 temp, String logName, Boolean replaceData, TIdType id, IEnumerable`1 providers, CancellationToken cancellationToken)
[2026-09-19 00:19:05.840 +00:00] [INF] [10] Emby.Server.Implementations.ScheduledTasks.Tasks.OptimizeDatabaseTask: Vacuuming and analyzing jellyfin.db...
[2026-09-19 00:19:07.515 +00:00] [INF] [10] Jellyfin.Database.Providers.Sqlite.SqliteDatabaseProvider: jellyfin.db optimized successfully!
[2026-09-19 00:19:07.515 +00:00] [INF] [10] Emby.Server.Implementations.ScheduledTasks.TaskManager: "Optimize database" Completed after 0 minute(s) and 1 seconds
[2026-09-19 02:00:00.347 +00:00] [INF] [58] Emby.Server.Implementations.Chapters.ChapterManager: Stopping chapter extraction for "11:00 A.M." because a chapter was found with a position greater than the runtime.
[2026-09-19 02:00:00.412 +00:00] [INF] [58] Emby.Server.Implementations.Chapters.ChapterManager: Stopping chapter extraction for "3:00 P.M." because a chapter was found with a position greater than the runtime.
[2026-09-19 02:00:00.441 +00:00] [INF] [58] Emby.Server.Implementations.Chapters.ChapterManager: Stopping chapter extraction for "8:00 P.M." because a chapter was found with a position greater than the runtime.
[2026-09-19 02:00:00.486 +00:00] [INF] [58] Emby.Server.Implementations.Chapters.ChapterManager: Stopping chapter extraction for "Future Days" because a chapter was found with a position greater than the runtime.
[2026-09-19 02:00:00.494 +00:00] [INF] [58] Emby.Server.Implementations.Chapters.ChapterManager: Skipping chapter image extraction for "Dear Ed" as the average chapter duration 0 was lower than the minimum threshold 10000000
[2026-09-19 02:00:00.531 +00:00] [INF] [58] Emby.Server.Implementations.Chapters.ChapterManager: Skipping chapter image extraction for "Ready, Set… Ed!" as the average chapter duration 0 was lower than the minimum threshold 10000000
[2026-09-19 02:00:00.560 +00:00] [INF] [58] Emby.Server.Implementations.Chapters.ChapterManager: Skipping chapter image extraction for "Who Let the Ed In?" as the average chapter duration 0 was lower than the minimum threshold 10000000
[2026-09-19 02:00:00.588 +00:00] [INF] [58] Emby.Server.Implementations.Chapters.ChapterManager: Skipping chapter image extraction for "Mirror, Mirror, on the Ed" as the average chapter duration 0 was lower than the minimum threshold 10000000
[2026-09-19 02:00:00.909 +00:00] [INF] [58] Emby.Server.Implementations.Chapters.ChapterManager: Stopping chapter extraction for "Morty Daddy" because a chapter was found with a position greater than the runtime.
[2026-09-19 02:00:01.000 +00:00] [INF] [80] Emby.Server.Implementations.ScheduledTasks.TaskManager: Daily trigger for "Extract Chapter Images" set to fire at 2026-09-20 02:00:00.000 +00:00, which is 23:59:58.9997762 from now.
[2026-09-19 02:00:01.186 +00:00] [INF] [58] Emby.Server.Implementations.ScheduledTasks.TaskManager: "Extract Chapter Images" Completed after 0 minute(s) and 1 seconds
[2026-09-19 03:00:00.999 +00:00] [INF] [25] Emby.Server.Implementations.ScheduledTasks.TaskManager: Daily trigger for "Generate Trickplay Images" set to fire at 2026-09-20 03:00:00.000 +00:00, which is 23:59:59.0009481 from now.
[2026-09-19 03:00:09.301 +00:00] [INF] [72] Emby.Server.Implementations.ScheduledTasks.TaskManager: "Generate Trickplay Images" Completed after 0 minute(s) and 9 seconds
[2026-09-19 03:12:42.583 +00:00] [INF] [7] Emby.Server.Implementations.IO.LibraryMonitor: "Abbott Elementary" ("/media/tv/Abbott Elementary") will be refreshed.
[2026-09-19 03:12:45.099 +00:00] [INF] [66] Emby.Server.Implementations.IO.LibraryMonitor: "Better Call Saul" ("/media/tv/Better Call Saul") will be refreshed.
[2026-09-19 03:12:48.913 +00:00] [INF] [7] Emby.Server.Implementations.IO.LibraryMonitor: "Bleach" ("/media/tv/Bleach") will be refreshed.
[2026-09-19 03:12:49.154 +00:00] [ERR] [66] MediaBrowser.Providers.TV.EpisodeMetadataService: Error in "TheMovieDb" for "/media/tv/Bleach/Bleach S17E21 1080p WEB H.264 AAC -Tsundere-Raws (DSNP).mkv"
System.Net.Http.HttpRequestException: Resource temporarily unavailable (api.themoviedb.org:443)
 ---> System.Net.Sockets.SocketException (00000001, 11): Resource temporarily unavailable
   at System.Net.Dns.GetHostEntryOrAddressesCore(String hostName, Boolean justAddresses, AddressFamily addressFamily, Nullable`1 activityOrDefault)
   at System.Net.Dns.<>c.<GetHostEntryOrAddressesCoreAsync>b__34_1(Object s, NameResolutionActivity activity)
   at System.Threading.Tasks.ContinuationResultTaskFromTask`1.InnerInvoke()
   at System.Threading.ExecutionContext.RunFromThreadPoolDispatchLoop(Thread threadPoolThread, ExecutionContext executionContext, ContextCallback callback, Object state)
--- End of stack trace from previous location ---
   at System.Threading.ExecutionContext.RunFromThreadPoolDispatchLoop(Thread threadPoolThread, ExecutionContext executionContext, ContextCallback callback, Object state)
   at System.Threading.Tasks.Task.ExecuteWithThreadLocal(Task& currentTaskSlot, Thread threadPoolThread)
--- End of stack trace from previous location ---
   at TMDbLib.Rest.HappyEyeballsCallback.GetAddressesAsync(String host, CancellationToken cancellationToken)
   at TMDbLib.Rest.HappyEyeballsCallback.ConnectAsync(SocketsHttpConnectionContext context, CancellationToken cancellationToken)
   at System.Net.Http.HttpConnectionPool.ConnectToTcpHostAsync(String host, Int32 port, HttpRequestMessage initialRequest, Boolean async, CancellationToken cancellationToken)
   --- End of inner exception stack trace ---
   at System.Net.Http.HttpConnectionPool.ConnectToTcpHostAsync(String host, Int32 port, HttpRequestMessage initialRequest, Boolean async, CancellationToken cancellationToken)
   at System.Net.Http.HttpConnectionPool.ConnectAsync(HttpRequestMessage request, Boolean async, CancellationToken cancellationToken)
   at System.Net.Http.HttpConnectionPool.CreateHttp11ConnectionAsync(HttpRequestMessage request, Boolean async, CancellationToken cancellationToken)
   at System.Net.Http.HttpConnectionPool.InjectNewHttp11ConnectionAsync(QueueItem queueItem)
   at System.Threading.Tasks.TaskCompletionSourceWithCancellation`1.WaitWithCancellationAsync(CancellationToken cancellationToken)
   at System.Net.Http.HttpConnectionPool.SendWithVersionDetectionAndRetryAsync(HttpRequestMessage request, Boolean async, Boolean doRequestAuth, CancellationToken cancellationToken)
   at System.Net.Http.RedirectHandler.SendAsync(HttpRequestMessage request, Boolean async, CancellationToken cancellationToken)
   at System.Net.Http.HttpClient.<SendAsync>g__Core|83_0(HttpRequestMessage request, HttpCompletionOption completionOption, CancellationTokenSource cts, Boolean disposeCts, CancellationTokenSource pendingRequestsCts, CancellationToken originalCancellationToken)
   at TMDbLib.Rest.RestRequest.SendInternal(HttpMethod method, CancellationToken cancellationToken)
   at TMDbLib.Rest.RestRequest.Get[T](CancellationToken cancellationToken)
   at TMDbLib.Client.TMDbClient.GetTvEpisodeAsync(Int32 tvShowId, Int32 seasonNumber, Int64 episodeNumber, TvEpisodeMethods extraMethods, String language, String includeImageLanguage, CancellationToken cancellationToken)
   at MediaBrowser.Providers.Plugins.Tmdb.TmdbClientManager.GetEpisodeAsync(Int32 tvShowId, Int32 seasonNumber, Int64 episodeNumber, String displayOrder, String language, String imageLanguages, String countryCode, CancellationToken cancellationToken)
   at MediaBrowser.Providers.Plugins.Tmdb.TV.TmdbEpisodeProvider.GetMetadata(EpisodeInfo info, CancellationToken cancellationToken)
   at MediaBrowser.Providers.Manager.MetadataService`2.ExecuteRemoteProviders(MetadataResult`1 temp, String logName, Boolean replaceData, TIdType id, IEnumerable`1 providers, CancellationToken cancellationToken)
[2026-09-19 03:12:50.558 +00:00] [INF] [66] Emby.Server.Implementations.IO.LibraryMonitor: "Bob's Burgers" ("/media/tv/Bobs Burgers") will be refreshed.
[2026-09-19 03:12:51.226 +00:00] [INF] [66] Emby.Server.Implementations.IO.LibraryMonitor: "The Boys" ("/media/tv/The Boys") will be refreshed.
[2026-09-19 03:12:51.841 +00:00] [INF] [7] Emby.Server.Implementations.IO.LibraryMonitor: "Brooklyn Nine-Nine" ("/media/tv/Brooklyn Nine-Nine") will be refreshed.
[2026-09-19 03:12:54.935 +00:00] [INF] [7] Emby.Server.Implementations.IO.LibraryMonitor: "Constellation" ("/media/tv/Constellation") will be refreshed.
[2026-09-19 03:12:59.009 +00:00] [INF] [80] Emby.Server.Implementations.IO.LibraryMonitor: "Empire (2015)" ("/media/tv/Empire (2015)") will be refreshed.
[2026-09-19 03:13:01.157 +00:00] [INF] [66] Emby.Server.Implementations.IO.LibraryMonitor: "The Flash (2014)" ("/media/tv/The Flash (2014)") will be refreshed.
[2026-09-19 03:13:01.677 +00:00] [INF] [79] Emby.Server.Implementations.IO.LibraryMonitor: "Foundation (2021)" ("/media/tv/Foundation (2021)") will be refreshed.
[2026-09-19 03:13:03.277 +00:00] [INF] [80] Emby.Server.Implementations.IO.LibraryMonitor: "Halo" ("/media/tv/Halo") will be refreshed.
[2026-09-19 03:13:07.117 +00:00] [INF] [79] Emby.Server.Implementations.IO.LibraryMonitor: "Jury Duty" ("/media/tv/Jury Duty") will be refreshed.
[2026-09-19 03:13:13.787 +00:00] [INF] [79] Emby.Server.Implementations.IO.LibraryMonitor: "Mr. & Mrs. Smith (2024)" ("/media/tv/Mr. & Mrs. Smith (2024)") will be refreshed.
[2026-09-19 03:13:32.716 +00:00] [INF] [80] Emby.Server.Implementations.IO.LibraryMonitor: "Rick and Morty" ("/media/tv/Rick and Morty") will be refreshed.
[2026-09-19 03:13:35.167 +00:00] [INF] [79] Emby.Server.Implementations.IO.LibraryMonitor: "Shōgun" ("/media/tv/Shōgun") will be refreshed.
[2026-09-19 03:13:37.659 +00:00] [INF] [80] Emby.Server.Implementations.IO.LibraryMonitor: "Star Trek: Discovery" ("/media/tv/Star Trek - Discovery") will be refreshed.
[2026-09-19 03:13:42.331 +00:00] [INF] [79] Emby.Server.Implementations.IO.LibraryMonitor: "X-Men '97" ("/media/tv/X-Men '97") will be refreshed.
[2026-09-19 03:13:43.074 +00:00] [INF] [20] Emby.Server.Implementations.IO.LibraryMonitor: "Young Sheldon" ("/media/tv/Young Sheldon") will be refreshed.
[2026-09-19 03:49:11.808 +00:00] [INF] [33] Emby.Server.Implementations.IO.LibraryMonitor: "The Traitors (US)" ("/media/tv/The Traitors (US)") will be refreshed.
[2026-09-19 03:49:11.853 +00:00] [INF] [71] MediaBrowser.Providers.TV.SeriesMetadataService: Creating Season "Season 5" entry for "The Traitors (US)"
[2026-09-19 03:49:11.990 +00:00] [ERR] [33] MediaBrowser.Providers.TV.SeasonMetadataService: Error in "TheMovieDb" for "Season 5"
System.Net.Http.HttpRequestException: Resource temporarily unavailable (api.themoviedb.org:443)
 ---> System.Net.Sockets.SocketException (00000001, 11): Resource temporarily unavailable
   at System.Net.Dns.GetHostEntryOrAddressesCore(String hostName, Boolean justAddresses, AddressFamily addressFamily, Nullable`1 activityOrDefault)
   at System.Net.Dns.<>c.<GetHostEntryOrAddressesCoreAsync>b__34_1(Object s, NameResolutionActivity activity)
   at System.Threading.Tasks.ContinuationResultTaskFromTask`1.InnerInvoke()
   at System.Threading.ExecutionContext.RunFromThreadPoolDispatchLoop(Thread threadPoolThread, ExecutionContext executionContext, ContextCallback callback, Object state)
--- End of stack trace from previous location ---
   at System.Threading.ExecutionContext.RunFromThreadPoolDispatchLoop(Thread threadPoolThread, ExecutionContext executionContext, ContextCallback callback, Object state)
   at System.Threading.Tasks.Task.ExecuteWithThreadLocal(Task& currentTaskSlot, Thread threadPoolThread)
--- End of stack trace from previous location ---
   at TMDbLib.Rest.HappyEyeballsCallback.GetAddressesAsync(String host, CancellationToken cancellationToken)
   at TMDbLib.Rest.HappyEyeballsCallback.ConnectAsync(SocketsHttpConnectionContext context, CancellationToken cancellationToken)
   at System.Net.Http.HttpConnectionPool.ConnectToTcpHostAsync(String host, Int32 port, HttpRequestMessage initialRequest, Boolean async, CancellationToken cancellationToken)
   --- End of inner exception stack trace ---
   at System.Net.Http.HttpConnectionPool.ConnectToTcpHostAsync(String host, Int32 port, HttpRequestMessage initialRequest, Boolean async, CancellationToken cancellationToken)
   at System.Net.Http.HttpConnectionPool.ConnectAsync(HttpRequestMessage request, Boolean async, CancellationToken cancellationToken)
   at System.Net.Http.HttpConnectionPool.CreateHttp11ConnectionAsync(HttpRequestMessage request, Boolean async, CancellationToken cancellationToken)
   at System.Net.Http.HttpConnectionPool.InjectNewHttp11ConnectionAsync(QueueItem queueItem)
   at System.Threading.Tasks.TaskCompletionSourceWithCancellation`1.WaitWithCancellationAsync(CancellationToken cancellationToken)
   at System.Net.Http.HttpConnectionPool.SendWithVersionDetectionAndRetryAsync(HttpRequestMessage request, Boolean async, Boolean doRequestAuth, CancellationToken cancellationToken)
   at System.Net.Http.RedirectHandler.SendAsync(HttpRequestMessage request, Boolean async, CancellationToken cancellationToken)
   at System.Net.Http.HttpClient.<SendAsync>g__Core|83_0(HttpRequestMessage request, HttpCompletionOption completionOption, CancellationTokenSource cts, Boolean disposeCts, CancellationTokenSource pendingRequestsCts, CancellationToken originalCancellationToken)
   at TMDbLib.Rest.RestRequest.SendInternal(HttpMethod method, CancellationToken cancellationToken)
   at TMDbLib.Rest.RestRequest.Get[T](CancellationToken cancellationToken)
   at TMDbLib.Client.TMDbClient.GetTvSeasonAsync(Int32 tvShowId, Int32 seasonNumber, TvSeasonMethods extraMethods, String language, String includeImageLanguage, CancellationToken cancellationToken)
   at MediaBrowser.Providers.Plugins.Tmdb.TmdbClientManager.GetSeasonAsync(Int32 tvShowId, Int32 seasonNumber, String language, String imageLanguages, String countryCode, CancellationToken cancellationToken)
   at MediaBrowser.Providers.Plugins.Tmdb.TV.TmdbSeasonProvider.GetMetadata(SeasonInfo info, CancellationToken cancellationToken)
   at MediaBrowser.Providers.Manager.MetadataService`2.ExecuteRemoteProviders(MetadataResult`1 temp, String logName, Boolean replaceData, TIdType id, IEnumerable`1 providers, CancellationToken cancellationToken)
[2026-09-19 03:49:12.014 +00:00] [ERR] [89] MediaBrowser.Providers.Manager.ProviderManager: "TmdbSeasonImageProvider" failed in GetImageInfos for type "Season" at null
System.Net.Http.HttpRequestException: Resource temporarily unavailable (api.themoviedb.org:443)
 ---> System.Net.Sockets.SocketException (00000001, 11): Resource temporarily unavailable
   at System.Net.Dns.GetHostEntryOrAddressesCore(String hostName, Boolean justAddresses, AddressFamily addressFamily, Nullable`1 activityOrDefault)
   at System.Net.Dns.<>c.<GetHostEntryOrAddressesCoreAsync>b__34_1(Object s, NameResolutionActivity activity)
   at System.Threading.Tasks.ContinuationResultTaskFromTask`1.InnerInvoke()
   at System.Threading.ExecutionContext.RunFromThreadPoolDispatchLoop(Thread threadPoolThread, ExecutionContext executionContext, ContextCallback callback, Object state)
--- End of stack trace from previous location ---
   at System.Threading.ExecutionContext.RunFromThreadPoolDispatchLoop(Thread threadPoolThread, ExecutionContext executionContext, ContextCallback callback, Object state)
   at System.Threading.Tasks.Task.ExecuteWithThreadLocal(Task& currentTaskSlot, Thread threadPoolThread)
--- End of stack trace from previous location ---
   at TMDbLib.Rest.HappyEyeballsCallback.GetAddressesAsync(String host, CancellationToken cancellationToken)
   at TMDbLib.Rest.HappyEyeballsCallback.ConnectAsync(SocketsHttpConnectionContext context, CancellationToken cancellationToken)
   at System.Net.Http.HttpConnectionPool.ConnectToTcpHostAsync(String host, Int32 port, HttpRequestMessage initialRequest, Boolean async, CancellationToken cancellationToken)
   --- End of inner exception stack trace ---
   at System.Net.Http.HttpConnectionPool.ConnectToTcpHostAsync(String host, Int32 port, HttpRequestMessage initialRequest, Boolean async, CancellationToken cancellationToken)
   at System.Net.Http.HttpConnectionPool.ConnectAsync(HttpRequestMessage request, Boolean async, CancellationToken cancellationToken)
   at System.Net.Http.HttpConnectionPool.CreateHttp11ConnectionAsync(HttpRequestMessage request, Boolean async, CancellationToken cancellationToken)
   at System.Net.Http.HttpConnectionPool.InjectNewHttp11ConnectionAsync(QueueItem queueItem)
   at System.Threading.Tasks.TaskCompletionSourceWithCancellation`1.WaitWithCancellationAsync(CancellationToken cancellationToken)
   at System.Net.Http.HttpConnectionPool.SendWithVersionDetectionAndRetryAsync(HttpRequestMessage request, Boolean async, Boolean doRequestAuth, CancellationToken cancellationToken)
   at System.Net.Http.RedirectHandler.SendAsync(HttpRequestMessage request, Boolean async, CancellationToken cancellationToken)
   at System.Net.Http.HttpClient.<SendAsync>g__Core|83_0(HttpRequestMessage request, HttpCompletionOption completionOption, CancellationTokenSource cts, Boolean disposeCts, CancellationTokenSource pendingRequestsCts, CancellationToken originalCancellationToken)
   at TMDbLib.Rest.RestRequest.SendInternal(HttpMethod method, CancellationToken cancellationToken)
   at TMDbLib.Rest.RestRequest.Get[T](CancellationToken cancellationToken)
   at TMDbLib.Client.TMDbClient.GetTvSeasonAsync(Int32 tvShowId, Int32 seasonNumber, TvSeasonMethods extraMethods, String language, String includeImageLanguage, CancellationToken cancellationToken)
   at MediaBrowser.Providers.Plugins.Tmdb.TmdbClientManager.GetSeasonAsync(Int32 tvShowId, Int32 seasonNumber, String language, String imageLanguages, String countryCode, CancellationToken cancellationToken)
   at MediaBrowser.Providers.Plugins.Tmdb.TV.TmdbSeasonImageProvider.GetImages(BaseItem item, CancellationToken cancellationToken)
   at MediaBrowser.Providers.Manager.ProviderManager.GetImages(BaseItem item, IRemoteImageProvider provider, String preferredLanguage, Boolean includeAllLanguages, CancellationToken cancellationToken, Nullable`1 type)
[2026-09-19 03:49:12.053 +00:00] [ERR] [33] MediaBrowser.Providers.TV.SeasonMetadataService: Error in "TheMovieDb" for "Season 5"
System.Net.Http.HttpRequestException: Resource temporarily unavailable (api.themoviedb.org:443)
 ---> System.Net.Sockets.SocketException (00000001, 11): Resource temporarily unavailable
   at System.Net.Dns.GetHostEntryOrAddressesCore(String hostName, Boolean justAddresses, AddressFamily addressFamily, Nullable`1 activityOrDefault)
   at System.Net.Dns.<>c.<GetHostEntryOrAddressesCoreAsync>b__34_1(Object s, NameResolutionActivity activity)
   at System.Threading.Tasks.ContinuationResultTaskFromTask`1.InnerInvoke()
   at System.Threading.ExecutionContext.RunFromThreadPoolDispatchLoop(Thread threadPoolThread, ExecutionContext executionContext, ContextCallback callback, Object state)
--- End of stack trace from previous location ---
   at System.Threading.ExecutionContext.RunFromThreadPoolDispatchLoop(Thread threadPoolThread, ExecutionContext executionContext, ContextCallback callback, Object state)
   at System.Threading.Tasks.Task.ExecuteWithThreadLocal(Task& currentTaskSlot, Thread threadPoolThread)
--- End of stack trace from previous location ---
   at TMDbLib.Rest.HappyEyeballsCallback.GetAddressesAsync(String host, CancellationToken cancellationToken)
   at TMDbLib.Rest.HappyEyeballsCallback.ConnectAsync(SocketsHttpConnectionContext context, CancellationToken cancellationToken)
   at System.Net.Http.HttpConnectionPool.ConnectToTcpHostAsync(String host, Int32 port, HttpRequestMessage initialRequest, Boolean async, CancellationToken cancellationToken)
   --- End of inner exception stack trace ---
   at System.Net.Http.HttpConnectionPool.ConnectToTcpHostAsync(String host, Int32 port, HttpRequestMessage initialRequest, Boolean async, CancellationToken cancellationToken)
   at System.Net.Http.HttpConnectionPool.ConnectAsync(HttpRequestMessage request, Boolean async, CancellationToken cancellationToken)
   at System.Net.Http.HttpConnectionPool.CreateHttp11ConnectionAsync(HttpRequestMessage request, Boolean async, CancellationToken cancellationToken)
   at System.Net.Http.HttpConnectionPool.InjectNewHttp11ConnectionAsync(QueueItem queueItem)
   at System.Threading.Tasks.TaskCompletionSourceWithCancellation`1.WaitWithCancellationAsync(CancellationToken cancellationToken)
   at System.Net.Http.HttpConnectionPool.SendWithVersionDetectionAndRetryAsync(HttpRequestMessage request, Boolean async, Boolean doRequestAuth, CancellationToken cancellationToken)
   at System.Net.Http.RedirectHandler.SendAsync(HttpRequestMessage request, Boolean async, CancellationToken cancellationToken)
   at System.Net.Http.HttpClient.<SendAsync>g__Core|83_0(HttpRequestMessage request, HttpCompletionOption completionOption, CancellationTokenSource cts, Boolean disposeCts, CancellationTokenSource pendingRequestsCts, CancellationToken originalCancellationToken)
   at TMDbLib.Rest.RestRequest.SendInternal(HttpMethod method, CancellationToken cancellationToken)
   at TMDbLib.Rest.RestRequest.Get[T](CancellationToken cancellationToken)
   at TMDbLib.Client.TMDbClient.GetTvSeasonAsync(Int32 tvShowId, Int32 seasonNumber, TvSeasonMethods extraMethods, String language, String includeImageLanguage, CancellationToken cancellationToken)
   at MediaBrowser.Providers.Plugins.Tmdb.TmdbClientManager.GetSeasonAsync(Int32 tvShowId, Int32 seasonNumber, String language, String imageLanguages, String countryCode, CancellationToken cancellationToken)
   at MediaBrowser.Providers.Plugins.Tmdb.TV.TmdbSeasonProvider.GetMetadata(SeasonInfo info, CancellationToken cancellationToken)
   at MediaBrowser.Providers.Manager.MetadataService`2.ExecuteRemoteProviders(MetadataResult`1 temp, String logName, Boolean replaceData, TIdType id, IEnumerable`1 providers, CancellationToken cancellationToken)
[2026-09-19 03:49:12.078 +00:00] [ERR] [33] MediaBrowser.Providers.Manager.ProviderManager: "TmdbSeasonImageProvider" failed in GetImageInfos for type "Season" at null
System.Net.Http.HttpRequestException: Resource temporarily unavailable (api.themoviedb.org:443)
 ---> System.Net.Sockets.SocketException (00000001, 11): Resource temporarily unavailable
   at System.Net.Dns.GetHostEntryOrAddressesCore(String hostName, Boolean justAddresses, AddressFamily addressFamily, Nullable`1 activityOrDefault)
   at System.Net.Dns.<>c.<GetHostEntryOrAddressesCoreAsync>b__34_1(Object s, NameResolutionActivity activity)
   at System.Threading.Tasks.ContinuationResultTaskFromTask`1.InnerInvoke()
   at System.Threading.ExecutionContext.RunFromThreadPoolDispatchLoop(Thread threadPoolThread, ExecutionContext executionContext, ContextCallback callback, Object state)
--- End of stack trace from previous location ---
   at System.Threading.ExecutionContext.RunFromThreadPoolDispatchLoop(Thread threadPoolThread, ExecutionContext executionContext, ContextCallback callback, Object state)
   at System.Threading.Tasks.Task.ExecuteWithThreadLocal(Task& currentTaskSlot, Thread threadPoolThread)
--- End of stack trace from previous location ---
   at TMDbLib.Rest.HappyEyeballsCallback.GetAddressesAsync(String host, CancellationToken cancellationToken)
   at TMDbLib.Rest.HappyEyeballsCallback.ConnectAsync(SocketsHttpConnectionContext context, CancellationToken cancellationToken)
   at System.Net.Http.HttpConnectionPool.ConnectToTcpHostAsync(String host, Int32 port, HttpRequestMessage initialRequest, Boolean async, CancellationToken cancellationToken)
   --- End of inner exception stack trace ---
   at System.Net.Http.HttpConnectionPool.ConnectToTcpHostAsync(String host, Int32 port, HttpRequestMessage initialRequest, Boolean async, CancellationToken cancellationToken)
   at System.Net.Http.HttpConnectionPool.ConnectAsync(HttpRequestMessage request, Boolean async, CancellationToken cancellationToken)
   at System.Net.Http.HttpConnectionPool.CreateHttp11ConnectionAsync(HttpRequestMessage request, Boolean async, CancellationToken cancellationToken)
   at System.Net.Http.HttpConnectionPool.InjectNewHttp11ConnectionAsync(QueueItem queueItem)
   at System.Threading.Tasks.TaskCompletionSourceWithCancellation`1.WaitWithCancellationAsync(CancellationToken cancellationToken)
   at System.Net.Http.HttpConnectionPool.SendWithVersionDetectionAndRetryAsync(HttpRequestMessage request, Boolean async, Boolean doRequestAuth, CancellationToken cancellationToken)
   at System.Net.Http.RedirectHandler.SendAsync(HttpRequestMessage request, Boolean async, CancellationToken cancellationToken)
   at System.Net.Http.HttpClient.<SendAsync>g__Core|83_0(HttpRequestMessage request, HttpCompletionOption completionOption, CancellationTokenSource cts, Boolean disposeCts, CancellationTokenSource pendingRequestsCts, CancellationToken originalCancellationToken)
   at TMDbLib.Rest.RestRequest.SendInternal(HttpMethod method, CancellationToken cancellationToken)
   at TMDbLib.Rest.RestRequest.Get[T](CancellationToken cancellationToken)
   at TMDbLib.Client.TMDbClient.GetTvSeasonAsync(Int32 tvShowId, Int32 seasonNumber, TvSeasonMethods extraMethods, String language, String includeImageLanguage, CancellationToken cancellationToken)
   at MediaBrowser.Providers.Plugins.Tmdb.TmdbClientManager.GetSeasonAsync(Int32 tvShowId, Int32 seasonNumber, String language, String imageLanguages, String countryCode, CancellationToken cancellationToken)
   at MediaBrowser.Providers.Plugins.Tmdb.TV.TmdbSeasonImageProvider.GetImages(BaseItem item, CancellationToken cancellationToken)
   at MediaBrowser.Providers.Manager.ProviderManager.GetImages(BaseItem item, IRemoteImageProvider provider, String preferredLanguage, Boolean includeAllLanguages, CancellationToken cancellationToken, Nullable`1 type)
[2026-09-19 03:49:12.244 +00:00] [ERR] [33] MediaBrowser.Providers.TV.EpisodeMetadataService: Error in "TheMovieDb" for "/media/tv/The Traitors (US)/The Traitors US S05E02 Im a Sweaty Boy 1080p AMZN WEB-DL DDP5 1 H 264-Kitsune.mkv"
System.Net.Http.HttpRequestException: Resource temporarily unavailable (api.themoviedb.org:443)
 ---> System.Net.Sockets.SocketException (00000001, 11): Resource temporarily unavailable
   at System.Net.Dns.GetHostEntryOrAddressesCore(String hostName, Boolean justAddresses, AddressFamily addressFamily, Nullable`1 activityOrDefault)
   at System.Net.Dns.<>c.<GetHostEntryOrAddressesCoreAsync>b__34_1(Object s, NameResolutionActivity activity)
   at System.Threading.Tasks.ContinuationResultTaskFromTask`1.InnerInvoke()
   at System.Threading.ExecutionContext.RunFromThreadPoolDispatchLoop(Thread threadPoolThread, ExecutionContext executionContext, ContextCallback callback, Object state)
--- End of stack trace from previous location ---
   at System.Threading.ExecutionContext.RunFromThreadPoolDispatchLoop(Thread threadPoolThread, ExecutionContext executionContext, ContextCallback callback, Object state)
   at System.Threading.Tasks.Task.ExecuteWithThreadLocal(Task& currentTaskSlot, Thread threadPoolThread)
--- End of stack trace from previous location ---
   at TMDbLib.Rest.HappyEyeballsCallback.GetAddressesAsync(String host, CancellationToken cancellationToken)
   at TMDbLib.Rest.HappyEyeballsCallback.ConnectAsync(SocketsHttpConnectionContext context, CancellationToken cancellationToken)
   at System.Net.Http.HttpConnectionPool.ConnectToTcpHostAsync(String host, Int32 port, HttpRequestMessage initialRequest, Boolean async, CancellationToken cancellationToken)
   --- End of inner exception stack trace ---
   at System.Net.Http.HttpConnectionPool.ConnectToTcpHostAsync(String host, Int32 port, HttpRequestMessage initialRequest, Boolean async, CancellationToken cancellationToken)
   at System.Net.Http.HttpConnectionPool.ConnectAsync(HttpRequestMessage request, Boolean async, CancellationToken cancellationToken)
   at System.Net.Http.HttpConnectionPool.CreateHttp11ConnectionAsync(HttpRequestMessage request, Boolean async, CancellationToken cancellationToken)
   at System.Net.Http.HttpConnectionPool.InjectNewHttp11ConnectionAsync(QueueItem queueItem)
   at System.Threading.Tasks.TaskCompletionSourceWithCancellation`1.WaitWithCancellationAsync(CancellationToken cancellationToken)
   at System.Net.Http.HttpConnectionPool.SendWithVersionDetectionAndRetryAsync(HttpRequestMessage request, Boolean async, Boolean doRequestAuth, CancellationToken cancellationToken)
   at System.Net.Http.RedirectHandler.SendAsync(HttpRequestMessage request, Boolean async, CancellationToken cancellationToken)
   at System.Net.Http.HttpClient.<SendAsync>g__Core|83_0(HttpRequestMessage request, HttpCompletionOption completionOption, CancellationTokenSource cts, Boolean disposeCts, CancellationTokenSource pendingRequestsCts, CancellationToken originalCancellationToken)
   at TMDbLib.Rest.RestRequest.SendInternal(HttpMethod method, CancellationToken cancellationToken)
   at TMDbLib.Rest.RestRequest.Get[T](CancellationToken cancellationToken)
   at TMDbLib.Client.TMDbClient.GetTvEpisodeAsync(Int32 tvShowId, Int32 seasonNumber, Int64 episodeNumber, TvEpisodeMethods extraMethods, String language, String includeImageLanguage, CancellationToken cancellationToken)
   at MediaBrowser.Providers.Plugins.Tmdb.TmdbClientManager.GetEpisodeAsync(Int32 tvShowId, Int32 seasonNumber, Int64 episodeNumber, String displayOrder, String language, String imageLanguages, String countryCode, CancellationToken cancellationToken)
   at MediaBrowser.Providers.Plugins.Tmdb.TV.TmdbEpisodeProvider.GetMetadata(EpisodeInfo info, CancellationToken cancellationToken)
   at MediaBrowser.Providers.Manager.MetadataService`2.ExecuteRemoteProviders(MetadataResult`1 temp, String logName, Boolean replaceData, TIdType id, IEnumerable`1 providers, CancellationToken cancellationToken)
[2026-09-19 04:04:11.924 +00:00] [INF] [39] Emby.Server.Implementations.IO.LibraryMonitor: "The Traitors (US)" ("/media/tv/The Traitors (US)") will be refreshed.
[2026-09-19 06:20:06.840 +00:00] [INF] [75] Emby.Server.Implementations.ScheduledTasks.Tasks.OptimizeDatabaseTask: Vacuuming and analyzing jellyfin.db...
[2026-09-19 06:20:08.533 +00:00] [INF] [75] Jellyfin.Database.Providers.Sqlite.SqliteDatabaseProvider: jellyfin.db optimized successfully!
[2026-09-19 06:20:08.533 +00:00] [INF] [75] Emby.Server.Implementations.ScheduledTasks.TaskManager: "Optimize database" Completed after 0 minute(s) and 1 seconds
[2026-09-19 06:55:42.514 +00:00] [INF] [20] Emby.Server.Implementations.IO.LibraryMonitor: "Pokémon" ("/media/tv/Pokemon") will be refreshed.
[2026-09-19 06:55:43.677 +00:00] [INF] [58] MediaBrowser.Controller.Entities.BaseItem: Demoting old primary "Who Gets to Keep Togepi?" (c26da428-4b44-6c9d-ea54-197cb0984482) to alternate of new primary "Pocket Monsters" (b6a53b56-37ba-46a6-d30c-8293f486cfb4)
[2026-09-19 08:00:21.598 +00:00] [INF] [57] Emby.Server.Implementations.IO.LibraryMonitor: "Bleach" ("/media/tv/Bleach") will be refreshed.
[2026-09-19 08:00:21.704 +00:00] [INF] [37] Emby.Server.Implementations.Library.LibraryManager: Removing item, Type: "Episode", Name: "THE BLADE IS ME", Path: "/media/tv/Bleach/[LostYears] Bleach Thousand-Year Blood War - S17E13 (WEB 1080p x264 AAC) [2E0835F0].mkv", Id: ffb19b05-c3ee-f19e-9d46-1e117df83d28
[2026-09-19 08:00:21.772 +00:00] [INF] [37] Emby.Server.Implementations.Library.LibraryManager: Removing item, Type: "Episode", Name: "HEART OF WOLF", Path: "/media/tv/Bleach/Bleach.S17E17.Thousand-Year.Blood.War.Heart.Of.Wolf.1080p.DSNP.WEB-DL.AAC2.0.H.264-NTb.mkv", Id: 8b0ae8f4-ee75-7df0-58ba-9c9d7504904c
[2026-09-19 08:00:21.783 +00:00] [INF] [37] Emby.Server.Implementations.Library.LibraryManager: Removing item, Type: "Episode", Name: "RAGES AT RINGSIDE", Path: "/media/tv/Bleach/Bleach S17E18 1080p WEB H.264 AAC -Tsundere-Raws (DSNP).mkv", Id: b1b73b97-237a-5fca-46ce-7e4297232537
[2026-09-19 08:00:21.794 +00:00] [INF] [37] Emby.Server.Implementations.Library.LibraryManager: Removing item, Type: "Episode", Name: "THE WHITE HAZE", Path: "/media/tv/Bleach/Bleach.S17E19.Thousand-Year.Blood.War.The.White.Haze.1080p.DSNP.WEB-DL.AAC2.0.H.264-NTb.mkv", Id: ff9fd901-e273-01cf-c0e7-43824cd6e349
[2026-09-19 08:00:21.805 +00:00] [INF] [37] Emby.Server.Implementations.Library.LibraryManager: Removing item, Type: "Episode", Name: "I AM THE EDGE", Path: "/media/tv/Bleach/Bleach S17E20 1080p WEB H.264 AAC -Tsundere-Raws (DSNP).mkv", Id: 0f8fdc3d-bb4e-bdad-646f-29e4963527b1
[2026-09-19 08:00:21.817 +00:00] [INF] [37] Emby.Server.Implementations.Library.LibraryManager: Removing item, Type: "Episode", Name: "THE HEADLESS STAR", Path: "/media/tv/Bleach/Bleach S17E21 1080p WEB H.264 AAC -Tsundere-Raws (DSNP).mkv", Id: 929bf93d-4eef-ec63-c2ec-84e0d335d2e3
[2026-09-19 08:00:21.828 +00:00] [INF] [37] Emby.Server.Implementations.Library.LibraryManager: Removing item, Type: "Episode", Name: "MARCHING OUT THE ZOMBIES", Path: "/media/tv/Bleach/Bleach S17E22 1080p WEB H.264 AAC -Tsundere-Raws (DSNP).mkv", Id: b3cbec63-a001-f3b0-ca93-017e78b1f5da
[2026-09-19 08:00:21.839 +00:00] [INF] [37] Emby.Server.Implementations.Library.LibraryManager: Removing item, Type: "Episode", Name: "MARCHING OUT THE ZOMBIES 2", Path: "/media/tv/Bleach/Bleach S17E23 1080p WEB H.264 AAC -Tsundere-Raws (DSNP).mkv", Id: a482dde8-fa09-f9c5-1fa5-e4b88f8a8acc
[2026-09-19 08:00:21.850 +00:00] [INF] [37] Emby.Server.Implementations.Library.LibraryManager: Removing item, Type: "Episode", Name: "TOO EARLY TO WIN TOO LATE TO KNOW", Path: "/media/tv/Bleach/Bleach S17E24 1080p WEB H.264 AAC -Tsundere-Raws (DSNP).mkv", Id: a7fe0df2-8e1e-8753-7a5f-9f639e60c923
[2026-09-19 08:00:21.862 +00:00] [INF] [37] Emby.Server.Implementations.Library.LibraryManager: Removing item, Type: "Episode", Name: "THE MASTER", Path: "/media/tv/Bleach/Bleach S17E25 1080p WEB H.264 AAC -Tsundere-Raws (DSNP).mkv", Id: 3b96ba4f-6b0b-1c35-46e3-df3146b09df9
[2026-09-19 08:00:21.873 +00:00] [INF] [37] Emby.Server.Implementations.Library.LibraryManager: Removing item, Type: "Episode", Name: "BLACK", Path: "/media/tv/Bleach/Bleach S17E26v2 1080p WEB H.264 AAC -Tsundere-Raws (DSNP).mkv", Id: 5571f8a9-d0dd-8795-9077-374d84910b8d
[2026-09-19 08:00:22.237 +00:00] [ERR] [69] MediaBrowser.Providers.TV.EpisodeMetadataService: Error in "TheMovieDb" for "/media/tv/Bleach/Bleach.S17E01.MULTi.1080p.BluRay.x265-KAF.mkv"
System.Net.Http.HttpRequestException: Resource temporarily unavailable (api.themoviedb.org:443)
 ---> System.Net.Sockets.SocketException (00000001, 11): Resource temporarily unavailable
   at System.Net.Dns.GetHostEntryOrAddressesCore(String hostName, Boolean justAddresses, AddressFamily addressFamily, Nullable`1 activityOrDefault)
   at System.Net.Dns.<>c.<GetHostEntryOrAddressesCoreAsync>b__34_1(Object s, NameResolutionActivity activity)
   at System.Threading.Tasks.ContinuationResultTaskFromTask`1.InnerInvoke()
   at System.Threading.ExecutionContext.RunFromThreadPoolDispatchLoop(Thread threadPoolThread, ExecutionContext executionContext, ContextCallback callback, Object state)
--- End of stack trace from previous location ---
   at System.Threading.ExecutionContext.RunFromThreadPoolDispatchLoop(Thread threadPoolThread, ExecutionContext executionContext, ContextCallback callback, Object state)
   at System.Threading.Tasks.Task.ExecuteWithThreadLocal(Task& currentTaskSlot, Thread threadPoolThread)
--- End of stack trace from previous location ---
   at TMDbLib.Rest.HappyEyeballsCallback.GetAddressesAsync(String host, CancellationToken cancellationToken)
   at TMDbLib.Rest.HappyEyeballsCallback.ConnectAsync(SocketsHttpConnectionContext context, CancellationToken cancellationToken)
   at System.Net.Http.HttpConnectionPool.ConnectToTcpHostAsync(String host, Int32 port, HttpRequestMessage initialRequest, Boolean async, CancellationToken cancellationToken)
   --- End of inner exception stack trace ---
   at System.Net.Http.HttpConnectionPool.ConnectToTcpHostAsync(String host, Int32 port, HttpRequestMessage initialRequest, Boolean async, CancellationToken cancellationToken)
   at System.Net.Http.HttpConnectionPool.ConnectAsync(HttpRequestMessage request, Boolean async, CancellationToken cancellationToken)
   at System.Net.Http.HttpConnectionPool.CreateHttp11ConnectionAsync(HttpRequestMessage request, Boolean async, CancellationToken cancellationToken)
   at System.Net.Http.HttpConnectionPool.InjectNewHttp11ConnectionAsync(QueueItem queueItem)
   at System.Threading.Tasks.TaskCompletionSourceWithCancellation`1.WaitWithCancellationAsync(CancellationToken cancellationToken)
   at System.Net.Http.HttpConnectionPool.SendWithVersionDetectionAndRetryAsync(HttpRequestMessage request, Boolean async, Boolean doRequestAuth, CancellationToken cancellationToken)
   at System.Net.Http.RedirectHandler.SendAsync(HttpRequestMessage request, Boolean async, CancellationToken cancellationToken)
   at System.Net.Http.HttpClient.<SendAsync>g__Core|83_0(HttpRequestMessage request, HttpCompletionOption completionOption, CancellationTokenSource cts, Boolean disposeCts, CancellationTokenSource pendingRequestsCts, CancellationToken originalCancellationToken)
   at TMDbLib.Rest.RestRequest.SendInternal(HttpMethod method, CancellationToken cancellationToken)
   at TMDbLib.Rest.RestRequest.Get[T](CancellationToken cancellationToken)
   at TMDbLib.Client.TMDbClient.GetTvEpisodeAsync(Int32 tvShowId, Int32 seasonNumber, Int64 episodeNumber, TvEpisodeMethods extraMethods, String language, String includeImageLanguage, CancellationToken cancellationToken)
   at MediaBrowser.Providers.Plugins.Tmdb.TmdbClientManager.GetEpisodeAsync(Int32 tvShowId, Int32 seasonNumber, Int64 episodeNumber, String displayOrder, String language, String imageLanguages, String countryCode, CancellationToken cancellationToken)
   at MediaBrowser.Providers.Plugins.Tmdb.TV.TmdbEpisodeProvider.GetMetadata(EpisodeInfo info, CancellationToken cancellationToken)
   at MediaBrowser.Providers.Manager.MetadataService`2.ExecuteRemoteProviders(MetadataResult`1 temp, String logName, Boolean replaceData, TIdType id, IEnumerable`1 providers, CancellationToken cancellationToken)
[2026-09-19 08:00:22.438 +00:00] [ERR] [37] MediaBrowser.Providers.TV.EpisodeMetadataService: Error in "TheMovieDb" for "/media/tv/Bleach/Bleach.S17E02.MULTi.1080p.BluRay.x265-KAF.mkv"
System.Net.Http.HttpRequestException: Resource temporarily unavailable (api.themoviedb.org:443)
 ---> System.Net.Sockets.SocketException (00000001, 11): Resource temporarily unavailable
   at System.Net.Dns.GetHostEntryOrAddressesCore(String hostName, Boolean justAddresses, AddressFamily addressFamily, Nullable`1 activityOrDefault)
   at System.Net.Dns.<>c.<GetHostEntryOrAddressesCoreAsync>b__34_1(Object s, NameResolutionActivity activity)
   at System.Threading.Tasks.ContinuationResultTaskFromTask`1.InnerInvoke()
   at System.Threading.ExecutionContext.RunFromThreadPoolDispatchLoop(Thread threadPoolThread, ExecutionContext executionContext, ContextCallback callback, Object state)
--- End of stack trace from previous location ---
   at System.Threading.ExecutionContext.RunFromThreadPoolDispatchLoop(Thread threadPoolThread, ExecutionContext executionContext, ContextCallback callback, Object state)
   at System.Threading.Tasks.Task.ExecuteWithThreadLocal(Task& currentTaskSlot, Thread threadPoolThread)
--- End of stack trace from previous location ---
   at TMDbLib.Rest.HappyEyeballsCallback.GetAddressesAsync(String host, CancellationToken cancellationToken)
   at TMDbLib.Rest.HappyEyeballsCallback.ConnectAsync(SocketsHttpConnectionContext context, CancellationToken cancellationToken)
   at System.Net.Http.HttpConnectionPool.ConnectToTcpHostAsync(String host, Int32 port, HttpRequestMessage initialRequest, Boolean async, CancellationToken cancellationToken)
   --- End of inner exception stack trace ---
   at System.Net.Http.HttpConnectionPool.ConnectToTcpHostAsync(String host, Int32 port, HttpRequestMessage initialRequest, Boolean async, CancellationToken cancellationToken)
   at System.Net.Http.HttpConnectionPool.ConnectAsync(HttpRequestMessage request, Boolean async, CancellationToken cancellationToken)
   at System.Net.Http.HttpConnectionPool.CreateHttp11ConnectionAsync(HttpRequestMessage request, Boolean async, CancellationToken cancellationToken)
   at System.Net.Http.HttpConnectionPool.InjectNewHttp11ConnectionAsync(QueueItem queueItem)
   at System.Threading.Tasks.TaskCompletionSourceWithCancellation`1.WaitWithCancellationAsync(CancellationToken cancellationToken)
   at System.Net.Http.HttpConnectionPool.SendWithVersionDetectionAndRetryAsync(HttpRequestMessage request, Boolean async, Boolean doRequestAuth, CancellationToken cancellationToken)
   at System.Net.Http.RedirectHandler.SendAsync(HttpRequestMessage request, Boolean async, CancellationToken cancellationToken)
   at System.Net.Http.HttpClient.<SendAsync>g__Core|83_0(HttpRequestMessage request, HttpCompletionOption completionOption, CancellationTokenSource cts, Boolean disposeCts, CancellationTokenSource pendingRequestsCts, CancellationToken originalCancellationToken)
   at TMDbLib.Rest.RestRequest.SendInternal(HttpMethod method, CancellationToken cancellationToken)
   at TMDbLib.Rest.RestRequest.Get[T](CancellationToken cancellationToken)
   at TMDbLib.Client.TMDbClient.GetTvEpisodeAsync(Int32 tvShowId, Int32 seasonNumber, Int64 episodeNumber, TvEpisodeMethods extraMethods, String language, String includeImageLanguage, CancellationToken cancellationToken)
   at MediaBrowser.Providers.Plugins.Tmdb.TmdbClientManager.GetEpisodeAsync(Int32 tvShowId, Int32 seasonNumber, Int64 episodeNumber, String displayOrder, String language, String imageLanguages, String countryCode, CancellationToken cancellationToken)
   at MediaBrowser.Providers.Plugins.Tmdb.TV.TmdbEpisodeProvider.GetMetadata(EpisodeInfo info, CancellationToken cancellationToken)
   at MediaBrowser.Providers.Manager.MetadataService`2.ExecuteRemoteProviders(MetadataResult`1 temp, String logName, Boolean replaceData, TIdType id, IEnumerable`1 providers, CancellationToken cancellationToken)
[2026-09-19 08:00:22.638 +00:00] [ERR] [37] MediaBrowser.Providers.TV.EpisodeMetadataService: Error in "TheMovieDb" for "/media/tv/Bleach/Bleach.S17E03.MULTi.1080p.BluRay.x265-KAF.mkv"
System.Net.Http.HttpRequestException: Resource temporarily unavailable (api.themoviedb.org:443)
 ---> System.Net.Sockets.SocketException (00000001, 11): Resource temporarily unavailable
   at System.Net.Dns.GetHostEntryOrAddressesCore(String hostName, Boolean justAddresses, AddressFamily addressFamily, Nullable`1 activityOrDefault)
   at System.Net.Dns.<>c.<GetHostEntryOrAddressesCoreAsync>b__34_1(Object s, NameResolutionActivity activity)
   at System.Threading.Tasks.ContinuationResultTaskFromTask`1.InnerInvoke()
   at System.Threading.ExecutionContext.RunFromThreadPoolDispatchLoop(Thread threadPoolThread, ExecutionContext executionContext, ContextCallback callback, Object state)
--- End of stack trace from previous location ---
   at System.Threading.ExecutionContext.RunFromThreadPoolDispatchLoop(Thread threadPoolThread, ExecutionContext executionContext, ContextCallback callback, Object state)
   at System.Threading.Tasks.Task.ExecuteWithThreadLocal(Task& currentTaskSlot, Thread threadPoolThread)
--- End of stack trace from previous location ---
   at TMDbLib.Rest.HappyEyeballsCallback.GetAddressesAsync(String host, CancellationToken cancellationToken)
   at TMDbLib.Rest.HappyEyeballsCallback.ConnectAsync(SocketsHttpConnectionContext context, CancellationToken cancellationToken)
   at System.Net.Http.HttpConnectionPool.ConnectToTcpHostAsync(String host, Int32 port, HttpRequestMessage initialRequest, Boolean async, CancellationToken cancellationToken)
   --- End of inner exception stack trace ---
   at System.Net.Http.HttpConnectionPool.ConnectToTcpHostAsync(String host, Int32 port, HttpRequestMessage initialRequest, Boolean async, CancellationToken cancellationToken)
   at System.Net.Http.HttpConnectionPool.ConnectAsync(HttpRequestMessage request, Boolean async, CancellationToken cancellationToken)
   at System.Net.Http.HttpConnectionPool.CreateHttp11ConnectionAsync(HttpRequestMessage request, Boolean async, CancellationToken cancellationToken)
   at System.Net.Http.HttpConnectionPool.InjectNewHttp11ConnectionAsync(QueueItem queueItem)
   at System.Threading.Tasks.TaskCompletionSourceWithCancellation`1.WaitWithCancellationAsync(CancellationToken cancellationToken)
   at System.Net.Http.HttpConnectionPool.SendWithVersionDetectionAndRetryAsync(HttpRequestMessage request, Boolean async, Boolean doRequestAuth, CancellationToken cancellationToken)
   at System.Net.Http.RedirectHandler.SendAsync(HttpRequestMessage request, Boolean async, CancellationToken cancellationToken)
   at System.Net.Http.HttpClient.<SendAsync>g__Core|83_0(HttpRequestMessage request, HttpCompletionOption completionOption, CancellationTokenSource cts, Boolean disposeCts, CancellationTokenSource pendingRequestsCts, CancellationToken originalCancellationToken)
   at TMDbLib.Rest.RestRequest.SendInternal(HttpMethod method, CancellationToken cancellationToken)
   at TMDbLib.Rest.RestRequest.Get[T](CancellationToken cancellationToken)
   at TMDbLib.Client.TMDbClient.GetTvEpisodeAsync(Int32 tvShowId, Int32 seasonNumber, Int64 episodeNumber, TvEpisodeMethods extraMethods, String language, String includeImageLanguage, CancellationToken cancellationToken)
   at MediaBrowser.Providers.Plugins.Tmdb.TmdbClientManager.GetEpisodeAsync(Int32 tvShowId, Int32 seasonNumber, Int64 episodeNumber, String displayOrder, String language, String imageLanguages, String countryCode, CancellationToken cancellationToken)
   at MediaBrowser.Providers.Plugins.Tmdb.TV.TmdbEpisodeProvider.GetMetadata(EpisodeInfo info, CancellationToken cancellationToken)
   at MediaBrowser.Providers.Manager.MetadataService`2.ExecuteRemoteProviders(MetadataResult`1 temp, String logName, Boolean replaceData, TIdType id, IEnumerable`1 providers, CancellationToken cancellationToken)
[2026-09-19 08:00:22.830 +00:00] [ERR] [57] MediaBrowser.Providers.TV.EpisodeMetadataService: Error in "TheMovieDb" for "/media/tv/Bleach/Bleach.S17E04.MULTi.1080p.BluRay.x265-KAF.mkv"
System.Net.Http.HttpRequestException: Resource temporarily unavailable (api.themoviedb.org:443)
 ---> System.Net.Sockets.SocketException (00000001, 11): Resource temporarily unavailable
   at System.Net.Dns.GetHostEntryOrAddressesCore(String hostName, Boolean justAddresses, AddressFamily addressFamily, Nullable`1 activityOrDefault)
   at System.Net.Dns.<>c.<GetHostEntryOrAddressesCoreAsync>b__34_1(Object s, NameResolutionActivity activity)
   at System.Threading.Tasks.ContinuationResultTaskFromTask`1.InnerInvoke()
   at System.Threading.ExecutionContext.RunFromThreadPoolDispatchLoop(Thread threadPoolThread, ExecutionContext executionContext, ContextCallback callback, Object state)
--- End of stack trace from previous location ---
   at System.Threading.ExecutionContext.RunFromThreadPoolDispatchLoop(Thread threadPoolThread, ExecutionContext executionContext, ContextCallback callback, Object state)
   at System.Threading.Tasks.Task.ExecuteWithThreadLocal(Task& currentTaskSlot, Thread threadPoolThread)
--- End of stack trace from previous location ---
   at TMDbLib.Rest.HappyEyeballsCallback.GetAddressesAsync(String host, CancellationToken cancellationToken)
   at TMDbLib.Rest.HappyEyeballsCallback.ConnectAsync(SocketsHttpConnectionContext context, CancellationToken cancellationToken)
   at System.Net.Http.HttpConnectionPool.ConnectToTcpHostAsync(String host, Int32 port, HttpRequestMessage initialRequest, Boolean async, CancellationToken cancellationToken)
   --- End of inner exception stack trace ---
   at System.Net.Http.HttpConnectionPool.ConnectToTcpHostAsync(String host, Int32 port, HttpRequestMessage initialRequest, Boolean async, CancellationToken cancellationToken)
   at System.Net.Http.HttpConnectionPool.ConnectAsync(HttpRequestMessage request, Boolean async, CancellationToken cancellationToken)
   at System.Net.Http.HttpConnectionPool.CreateHttp11ConnectionAsync(HttpRequestMessage request, Boolean async, CancellationToken cancellationToken)
   at System.Net.Http.HttpConnectionPool.InjectNewHttp11ConnectionAsync(QueueItem queueItem)
   at System.Threading.Tasks.TaskCompletionSourceWithCancellation`1.WaitWithCancellationAsync(CancellationToken cancellationToken)
   at System.Net.Http.HttpConnectionPool.SendWithVersionDetectionAndRetryAsync(HttpRequestMessage request, Boolean async, Boolean doRequestAuth, CancellationToken cancellationToken)
   at System.Net.Http.RedirectHandler.SendAsync(HttpRequestMessage request, Boolean async, CancellationToken cancellationToken)
   at System.Net.Http.HttpClient.<SendAsync>g__Core|83_0(HttpRequestMessage request, HttpCompletionOption completionOption, CancellationTokenSource cts, Boolean disposeCts, CancellationTokenSource pendingRequestsCts, CancellationToken originalCancellationToken)
   at TMDbLib.Rest.RestRequest.SendInternal(HttpMethod method, CancellationToken cancellationToken)
   at TMDbLib.Rest.RestRequest.Get[T](CancellationToken cancellationToken)
   at TMDbLib.Client.TMDbClient.GetTvEpisodeAsync(Int32 tvShowId, Int32 seasonNumber, Int64 episodeNumber, TvEpisodeMethods extraMethods, String language, String includeImageLanguage, CancellationToken cancellationToken)
   at MediaBrowser.Providers.Plugins.Tmdb.TmdbClientManager.GetEpisodeAsync(Int32 tvShowId, Int32 seasonNumber, Int64 episodeNumber, String displayOrder, String language, String imageLanguages, String countryCode, CancellationToken cancellationToken)
   at MediaBrowser.Providers.Plugins.Tmdb.TV.TmdbEpisodeProvider.GetMetadata(EpisodeInfo info, CancellationToken cancellationToken)
   at MediaBrowser.Providers.Manager.MetadataService`2.ExecuteRemoteProviders(MetadataResult`1 temp, String logName, Boolean replaceData, TIdType id, IEnumerable`1 providers, CancellationToken cancellationToken)
[2026-09-19 08:00:23.030 +00:00] [ERR] [69] MediaBrowser.Providers.TV.EpisodeMetadataService: Error in "TheMovieDb" for "/media/tv/Bleach/Bleach.S17E05.MULTi.1080p.BluRay.x265-KAF.mkv"
System.Net.Http.HttpRequestException: Resource temporarily unavailable (api.themoviedb.org:443)
 ---> System.Net.Sockets.SocketException (00000001, 11): Resource temporarily unavailable
   at System.Net.Dns.GetHostEntryOrAddressesCore(String hostName, Boolean justAddresses, AddressFamily addressFamily, Nullable`1 activityOrDefault)
   at System.Net.Dns.<>c.<GetHostEntryOrAddressesCoreAsync>b__34_1(Object s, NameResolutionActivity activity)
   at System.Threading.Tasks.ContinuationResultTaskFromTask`1.InnerInvoke()
   at System.Threading.ExecutionContext.RunFromThreadPoolDispatchLoop(Thread threadPoolThread, ExecutionContext executionContext, ContextCallback callback, Object state)
--- End of stack trace from previous location ---
   at System.Threading.ExecutionContext.RunFromThreadPoolDispatchLoop(Thread threadPoolThread, ExecutionContext executionContext, ContextCallback callback, Object state)
   at System.Threading.Tasks.Task.ExecuteWithThreadLocal(Task& currentTaskSlot, Thread threadPoolThread)
--- End of stack trace from previous location ---
   at TMDbLib.Rest.HappyEyeballsCallback.GetAddressesAsync(String host, CancellationToken cancellationToken)
   at TMDbLib.Rest.HappyEyeballsCallback.ConnectAsync(SocketsHttpConnectionContext context, CancellationToken cancellationToken)
   at System.Net.Http.HttpConnectionPool.ConnectToTcpHostAsync(String host, Int32 port, HttpRequestMessage initialRequest, Boolean async, CancellationToken cancellationToken)
   --- End of inner exception stack trace ---
   at System.Net.Http.HttpConnectionPool.ConnectToTcpHostAsync(String host, Int32 port, HttpRequestMessage initialRequest, Boolean async, CancellationToken cancellationToken)
   at System.Net.Http.HttpConnectionPool.ConnectAsync(HttpRequestMessage request, Boolean async, CancellationToken cancellationToken)
   at System.Net.Http.HttpConnectionPool.CreateHttp11ConnectionAsync(HttpRequestMessage request, Boolean async, CancellationToken cancellationToken)
   at System.Net.Http.HttpConnectionPool.InjectNewHttp11ConnectionAsync(QueueItem queueItem)
   at System.Threading.Tasks.TaskCompletionSourceWithCancellation`1.WaitWithCancellationAsync(CancellationToken cancellationToken)
   at System.Net.Http.HttpConnectionPool.SendWithVersionDetectionAndRetryAsync(HttpRequestMessage request, Boolean async, Boolean doRequestAuth, CancellationToken cancellationToken)
   at System.Net.Http.RedirectHandler.SendAsync(HttpRequestMessage request, Boolean async, CancellationToken cancellationToken)
   at System.Net.Http.HttpClient.<SendAsync>g__Core|83_0(HttpRequestMessage request, HttpCompletionOption completionOption, CancellationTokenSource cts, Boolean disposeCts, CancellationTokenSource pendingRequestsCts, CancellationToken originalCancellationToken)
   at TMDbLib.Rest.RestRequest.SendInternal(HttpMethod method, CancellationToken cancellationToken)
   at TMDbLib.Rest.RestRequest.Get[T](CancellationToken cancellationToken)
   at TMDbLib.Client.TMDbClient.GetTvEpisodeAsync(Int32 tvShowId, Int32 seasonNumber, Int64 episodeNumber, TvEpisodeMethods extraMethods, String language, String includeImageLanguage, CancellationToken cancellationToken)
   at MediaBrowser.Providers.Plugins.Tmdb.TmdbClientManager.GetEpisodeAsync(Int32 tvShowId, Int32 seasonNumber, Int64 episodeNumber, String displayOrder, String language, String imageLanguages, String countryCode, CancellationToken cancellationToken)
   at MediaBrowser.Providers.Plugins.Tmdb.TV.TmdbEpisodeProvider.GetMetadata(EpisodeInfo info, CancellationToken cancellationToken)
   at MediaBrowser.Providers.Manager.MetadataService`2.ExecuteRemoteProviders(MetadataResult`1 temp, String logName, Boolean replaceData, TIdType id, IEnumerable`1 providers, CancellationToken cancellationToken)
[2026-09-19 08:00:23.234 +00:00] [ERR] [37] MediaBrowser.Providers.TV.EpisodeMetadataService: Error in "TheMovieDb" for "/media/tv/Bleach/Bleach.S17E06.MULTi.1080p.BluRay.x265-KAF.mkv"
System.Net.Http.HttpRequestException: Resource temporarily unavailable (api.themoviedb.org:443)
 ---> System.Net.Sockets.SocketException (00000001, 11): Resource temporarily unavailable
   at System.Net.Dns.GetHostEntryOrAddressesCore(String hostName, Boolean justAddresses, AddressFamily addressFamily, Nullable`1 activityOrDefault)
   at System.Net.Dns.<>c.<GetHostEntryOrAddressesCoreAsync>b__34_1(Object s, NameResolutionActivity activity)
   at System.Threading.Tasks.ContinuationResultTaskFromTask`1.InnerInvoke()
   at System.Threading.ExecutionContext.RunFromThreadPoolDispatchLoop(Thread threadPoolThread, ExecutionContext executionContext, ContextCallback callback, Object state)
--- End of stack trace from previous location ---
   at System.Threading.ExecutionContext.RunFromThreadPoolDispatchLoop(Thread threadPoolThread, ExecutionContext executionContext, ContextCallback callback, Object state)
   at System.Threading.Tasks.Task.ExecuteWithThreadLocal(Task& currentTaskSlot, Thread threadPoolThread)
--- End of stack trace from previous location ---
   at TMDbLib.Rest.HappyEyeballsCallback.GetAddressesAsync(String host, CancellationToken cancellationToken)
   at TMDbLib.Rest.HappyEyeballsCallback.ConnectAsync(SocketsHttpConnectionContext context, CancellationToken cancellationToken)
   at System.Net.Http.HttpConnectionPool.ConnectToTcpHostAsync(String host, Int32 port, HttpRequestMessage initialRequest, Boolean async, CancellationToken cancellationToken)
   --- End of inner exception stack trace ---
   at System.Net.Http.HttpConnectionPool.ConnectToTcpHostAsync(String host, Int32 port, HttpRequestMessage initialRequest, Boolean async, CancellationToken cancellationToken)
   at System.Net.Http.HttpConnectionPool.ConnectAsync(HttpRequestMessage request, Boolean async, CancellationToken cancellationToken)
   at System.Net.Http.HttpConnectionPool.CreateHttp11ConnectionAsync(HttpRequestMessage request, Boolean async, CancellationToken cancellationToken)
   at System.Net.Http.HttpConnectionPool.InjectNewHttp11ConnectionAsync(QueueItem queueItem)
   at System.Threading.Tasks.TaskCompletionSourceWithCancellation`1.WaitWithCancellationAsync(CancellationToken cancellationToken)
   at System.Net.Http.HttpConnectionPool.SendWithVersionDetectionAndRetryAsync(HttpRequestMessage request, Boolean async, Boolean doRequestAuth, CancellationToken cancellationToken)
   at System.Net.Http.RedirectHandler.SendAsync(HttpRequestMessage request, Boolean async, CancellationToken cancellationToken)
   at System.Net.Http.HttpClient.<SendAsync>g__Core|83_0(HttpRequestMessage request, HttpCompletionOption completionOption, CancellationTokenSource cts, Boolean disposeCts, CancellationTokenSource pendingRequestsCts, CancellationToken originalCancellationToken)
   at TMDbLib.Rest.RestRequest.SendInternal(HttpMethod method, CancellationToken cancellationToken)
   at TMDbLib.Rest.RestRequest.Get[T](CancellationToken cancellationToken)
   at TMDbLib.Client.TMDbClient.GetTvEpisodeAsync(Int32 tvShowId, Int32 seasonNumber, Int64 episodeNumber, TvEpisodeMethods extraMethods, String language, String includeImageLanguage, CancellationToken cancellationToken)
   at MediaBrowser.Providers.Plugins.Tmdb.TmdbClientManager.GetEpisodeAsync(Int32 tvShowId, Int32 seasonNumber, Int64 episodeNumber, String displayOrder, String language, String imageLanguages, String countryCode, CancellationToken cancellationToken)
   at MediaBrowser.Providers.Plugins.Tmdb.TV.TmdbEpisodeProvider.GetMetadata(EpisodeInfo info, CancellationToken cancellationToken)
   at MediaBrowser.Providers.Manager.MetadataService`2.ExecuteRemoteProviders(MetadataResult`1 temp, String logName, Boolean replaceData, TIdType id, IEnumerable`1 providers, CancellationToken cancellationToken)
[2026-09-19 08:00:23.402 +00:00] [ERR] [37] MediaBrowser.Providers.TV.EpisodeMetadataService: Error in "TheMovieDb" for "/media/tv/Bleach/Bleach.S17E07.MULTi.1080p.BluRay.x265-KAF.mkv"
System.Net.Http.HttpRequestException: Resource temporarily unavailable (api.themoviedb.org:443)
 ---> System.Net.Sockets.SocketException (00000001, 11): Resource temporarily unavailable
   at System.Net.Dns.GetHostEntryOrAddressesCore(String hostName, Boolean justAddresses, AddressFamily addressFamily, Nullable`1 activityOrDefault)
   at System.Net.Dns.<>c.<GetHostEntryOrAddressesCoreAsync>b__34_1(Object s, NameResolutionActivity activity)
   at System.Threading.Tasks.ContinuationResultTaskFromTask`1.InnerInvoke()
   at System.Threading.ExecutionContext.RunFromThreadPoolDispatchLoop(Thread threadPoolThread, ExecutionContext executionContext, ContextCallback callback, Object state)
--- End of stack trace from previous location ---
   at System.Threading.ExecutionContext.RunFromThreadPoolDispatchLoop(Thread threadPoolThread, ExecutionContext executionContext, ContextCallback callback, Object state)
   at System.Threading.Tasks.Task.ExecuteWithThreadLocal(Task& currentTaskSlot, Thread threadPoolThread)
--- End of stack trace from previous location ---
   at TMDbLib.Rest.HappyEyeballsCallback.GetAddressesAsync(String host, CancellationToken cancellationToken)
   at TMDbLib.Rest.HappyEyeballsCallback.ConnectAsync(SocketsHttpConnectionContext context, CancellationToken cancellationToken)
   at System.Net.Http.HttpConnectionPool.ConnectToTcpHostAsync(String host, Int32 port, HttpRequestMessage initialRequest, Boolean async, CancellationToken cancellationToken)
   --- End of inner exception stack trace ---
   at System.Net.Http.HttpConnectionPool.ConnectToTcpHostAsync(String host, Int32 port, HttpRequestMessage initialRequest, Boolean async, CancellationToken cancellationToken)
   at System.Net.Http.HttpConnectionPool.ConnectAsync(HttpRequestMessage request, Boolean async, CancellationToken cancellationToken)
   at System.Net.Http.HttpConnectionPool.CreateHttp11ConnectionAsync(HttpRequestMessage request, Boolean async, CancellationToken cancellationToken)
   at System.Net.Http.HttpConnectionPool.InjectNewHttp11ConnectionAsync(QueueItem queueItem)
   at System.Threading.Tasks.TaskCompletionSourceWithCancellation`1.WaitWithCancellationAsync(CancellationToken cancellationToken)
   at System.Net.Http.HttpConnectionPool.SendWithVersionDetectionAndRetryAsync(HttpRequestMessage request, Boolean async, Boolean doRequestAuth, CancellationToken cancellationToken)
   at System.Net.Http.RedirectHandler.SendAsync(HttpRequestMessage request, Boolean async, CancellationToken cancellationToken)
   at System.Net.Http.HttpClient.<SendAsync>g__Core|83_0(HttpRequestMessage request, HttpCompletionOption completionOption, CancellationTokenSource cts, Boolean disposeCts, CancellationTokenSource pendingRequestsCts, CancellationToken originalCancellationToken)
   at TMDbLib.Rest.RestRequest.SendInternal(HttpMethod method, CancellationToken cancellationToken)
   at TMDbLib.Rest.RestRequest.Get[T](CancellationToken cancellationToken)
   at TMDbLib.Client.TMDbClient.GetTvEpisodeAsync(Int32 tvShowId, Int32 seasonNumber, Int64 episodeNumber, TvEpisodeMethods extraMethods, String language, String includeImageLanguage, CancellationToken cancellationToken)
   at MediaBrowser.Providers.Plugins.Tmdb.TmdbClientManager.GetEpisodeAsync(Int32 tvShowId, Int32 seasonNumber, Int64 episodeNumber, String displayOrder, String language, String imageLanguages, String countryCode, CancellationToken cancellationToken)
   at MediaBrowser.Providers.Plugins.Tmdb.TV.TmdbEpisodeProvider.GetMetadata(EpisodeInfo info, CancellationToken cancellationToken)
   at MediaBrowser.Providers.Manager.MetadataService`2.ExecuteRemoteProviders(MetadataResult`1 temp, String logName, Boolean replaceData, TIdType id, IEnumerable`1 providers, CancellationToken cancellationToken)
[2026-09-19 08:00:23.595 +00:00] [ERR] [37] MediaBrowser.Providers.TV.EpisodeMetadataService: Error in "TheMovieDb" for "/media/tv/Bleach/Bleach.S17E08.MULTi.1080p.BluRay.x265-KAF.mkv"
System.Net.Http.HttpRequestException: Resource temporarily unavailable (api.themoviedb.org:443)
 ---> System.Net.Sockets.SocketException (00000001, 11): Resource temporarily unavailable
   at System.Net.Dns.GetHostEntryOrAddressesCore(String hostName, Boolean justAddresses, AddressFamily addressFamily, Nullable`1 activityOrDefault)
   at System.Net.Dns.<>c.<GetHostEntryOrAddressesCoreAsync>b__34_1(Object s, NameResolutionActivity activity)
   at System.Threading.Tasks.ContinuationResultTaskFromTask`1.InnerInvoke()
   at System.Threading.ExecutionContext.RunFromThreadPoolDispatchLoop(Thread threadPoolThread, ExecutionContext executionContext, ContextCallback callback, Object state)
--- End of stack trace from previous location ---
   at System.Threading.ExecutionContext.RunFromThreadPoolDispatchLoop(Thread threadPoolThread, ExecutionContext executionContext, ContextCallback callback, Object state)
   at System.Threading.Tasks.Task.ExecuteWithThreadLocal(Task& currentTaskSlot, Thread threadPoolThread)
--- End of stack trace from previous location ---
   at TMDbLib.Rest.HappyEyeballsCallback.GetAddressesAsync(String host, CancellationToken cancellationToken)
   at TMDbLib.Rest.HappyEyeballsCallback.ConnectAsync(SocketsHttpConnectionContext context, CancellationToken cancellationToken)
   at System.Net.Http.HttpConnectionPool.ConnectToTcpHostAsync(String host, Int32 port, HttpRequestMessage initialRequest, Boolean async, CancellationToken cancellationToken)
   --- End of inner exception stack trace ---
   at System.Net.Http.HttpConnectionPool.ConnectToTcpHostAsync(String host, Int32 port, HttpRequestMessage initialRequest, Boolean async, CancellationToken cancellationToken)
   at System.Net.Http.HttpConnectionPool.ConnectAsync(HttpRequestMessage request, Boolean async, CancellationToken cancellationToken)
   at System.Net.Http.HttpConnectionPool.CreateHttp11ConnectionAsync(HttpRequestMessage request, Boolean async, CancellationToken cancellationToken)
   at System.Net.Http.HttpConnectionPool.InjectNewHttp11ConnectionAsync(QueueItem queueItem)
   at System.Threading.Tasks.TaskCompletionSourceWithCancellation`1.WaitWithCancellationAsync(CancellationToken cancellationToken)
   at System.Net.Http.HttpConnectionPool.SendWithVersionDetectionAndRetryAsync(HttpRequestMessage request, Boolean async, Boolean doRequestAuth, CancellationToken cancellationToken)
   at System.Net.Http.RedirectHandler.SendAsync(HttpRequestMessage request, Boolean async, CancellationToken cancellationToken)
   at System.Net.Http.HttpClient.<SendAsync>g__Core|83_0(HttpRequestMessage request, HttpCompletionOption completionOption, CancellationTokenSource cts, Boolean disposeCts, CancellationTokenSource pendingRequestsCts, CancellationToken originalCancellationToken)
   at TMDbLib.Rest.RestRequest.SendInternal(HttpMethod method, CancellationToken cancellationToken)
   at TMDbLib.Rest.RestRequest.Get[T](CancellationToken cancellationToken)
   at TMDbLib.Client.TMDbClient.GetTvEpisodeAsync(Int32 tvShowId, Int32 seasonNumber, Int64 episodeNumber, TvEpisodeMethods extraMethods, String language, String includeImageLanguage, CancellationToken cancellationToken)
   at MediaBrowser.Providers.Plugins.Tmdb.TmdbClientManager.GetEpisodeAsync(Int32 tvShowId, Int32 seasonNumber, Int64 episodeNumber, String displayOrder, String language, String imageLanguages, String countryCode, CancellationToken cancellationToken)
   at MediaBrowser.Providers.Plugins.Tmdb.TV.TmdbEpisodeProvider.GetMetadata(EpisodeInfo info, CancellationToken cancellationToken)
   at MediaBrowser.Providers.Manager.MetadataService`2.ExecuteRemoteProviders(MetadataResult`1 temp, String logName, Boolean replaceData, TIdType id, IEnumerable`1 providers, CancellationToken cancellationToken)
[2026-09-19 08:00:23.794 +00:00] [ERR] [37] MediaBrowser.Providers.TV.EpisodeMetadataService: Error in "TheMovieDb" for "/media/tv/Bleach/Bleach.S17E09.MULTi.1080p.BluRay.x265-KAF.mkv"
System.Net.Http.HttpRequestException: Resource temporarily unavailable (api.themoviedb.org:443)
 ---> System.Net.Sockets.SocketException (00000001, 11): Resource temporarily unavailable
   at System.Net.Dns.GetHostEntryOrAddressesCore(String hostName, Boolean justAddresses, AddressFamily addressFamily, Nullable`1 activityOrDefault)
   at System.Net.Dns.<>c.<GetHostEntryOrAddressesCoreAsync>b__34_1(Object s, NameResolutionActivity activity)
   at System.Threading.Tasks.ContinuationResultTaskFromTask`1.InnerInvoke()
   at System.Threading.ExecutionContext.RunFromThreadPoolDispatchLoop(Thread threadPoolThread, ExecutionContext executionContext, ContextCallback callback, Object state)
--- End of stack trace from previous location ---
   at System.Threading.ExecutionContext.RunFromThreadPoolDispatchLoop(Thread threadPoolThread, ExecutionContext executionContext, ContextCallback callback, Object state)
   at System.Threading.Tasks.Task.ExecuteWithThreadLocal(Task& currentTaskSlot, Thread threadPoolThread)
--- End of stack trace from previous location ---
   at TMDbLib.Rest.HappyEyeballsCallback.GetAddressesAsync(String host, CancellationToken cancellationToken)
   at TMDbLib.Rest.HappyEyeballsCallback.ConnectAsync(SocketsHttpConnectionContext context, CancellationToken cancellationToken)
   at System.Net.Http.HttpConnectionPool.ConnectToTcpHostAsync(String host, Int32 port, HttpRequestMessage initialRequest, Boolean async, CancellationToken cancellationToken)
   --- End of inner exception stack trace ---
   at System.Net.Http.HttpConnectionPool.ConnectToTcpHostAsync(String host, Int32 port, HttpRequestMessage initialRequest, Boolean async, CancellationToken cancellationToken)
   at System.Net.Http.HttpConnectionPool.ConnectAsync(HttpRequestMessage request, Boolean async, CancellationToken cancellationToken)
   at System.Net.Http.HttpConnectionPool.CreateHttp11ConnectionAsync(HttpRequestMessage request, Boolean async, CancellationToken cancellationToken)
   at System.Net.Http.HttpConnectionPool.InjectNewHttp11ConnectionAsync(QueueItem queueItem)
   at System.Threading.Tasks.TaskCompletionSourceWithCancellation`1.WaitWithCancellationAsync(CancellationToken cancellationToken)
   at System.Net.Http.HttpConnectionPool.SendWithVersionDetectionAndRetryAsync(HttpRequestMessage request, Boolean async, Boolean doRequestAuth, CancellationToken cancellationToken)
   at System.Net.Http.RedirectHandler.SendAsync(HttpRequestMessage request, Boolean async, CancellationToken cancellationToken)
   at System.Net.Http.HttpClient.<SendAsync>g__Core|83_0(HttpRequestMessage request, HttpCompletionOption completionOption, CancellationTokenSource cts, Boolean disposeCts, CancellationTokenSource pendingRequestsCts, CancellationToken originalCancellationToken)
   at TMDbLib.Rest.RestRequest.SendInternal(HttpMethod method, CancellationToken cancellationToken)
   at TMDbLib.Rest.RestRequest.Get[T](CancellationToken cancellationToken)
   at TMDbLib.Client.TMDbClient.GetTvEpisodeAsync(Int32 tvShowId, Int32 seasonNumber, Int64 episodeNumber, TvEpisodeMethods extraMethods, String language, String includeImageLanguage, CancellationToken cancellationToken)
   at MediaBrowser.Providers.Plugins.Tmdb.TmdbClientManager.GetEpisodeAsync(Int32 tvShowId, Int32 seasonNumber, Int64 episodeNumber, String displayOrder, String language, String imageLanguages, String countryCode, CancellationToken cancellationToken)
   at MediaBrowser.Providers.Plugins.Tmdb.TV.TmdbEpisodeProvider.GetMetadata(EpisodeInfo info, CancellationToken cancellationToken)
   at MediaBrowser.Providers.Manager.MetadataService`2.ExecuteRemoteProviders(MetadataResult`1 temp, String logName, Boolean replaceData, TIdType id, IEnumerable`1 providers, CancellationToken cancellationToken)
[2026-09-19 08:00:24.042 +00:00] [ERR] [57] MediaBrowser.Providers.TV.EpisodeMetadataService: Error in "TheMovieDb" for "/media/tv/Bleach/Bleach.S17E10.MULTi.1080p.BluRay.x265-KAF.mkv"
System.Net.Http.HttpRequestException: Resource temporarily unavailable (api.themoviedb.org:443)
 ---> System.Net.Sockets.SocketException (00000001, 11): Resource temporarily unavailable
   at System.Net.Dns.GetHostEntryOrAddressesCore(String hostName, Boolean justAddresses, AddressFamily addressFamily, Nullable`1 activityOrDefault)
   at System.Net.Dns.<>c.<GetHostEntryOrAddressesCoreAsync>b__34_1(Object s, NameResolutionActivity activity)
   at System.Threading.Tasks.ContinuationResultTaskFromTask`1.InnerInvoke()
   at System.Threading.ExecutionContext.RunFromThreadPoolDispatchLoop(Thread threadPoolThread, ExecutionContext executionContext, ContextCallback callback, Object state)
--- End of stack trace from previous location ---
   at System.Threading.ExecutionContext.RunFromThreadPoolDispatchLoop(Thread threadPoolThread, ExecutionContext executionContext, ContextCallback callback, Object state)
   at System.Threading.Tasks.Task.ExecuteWithThreadLocal(Task& currentTaskSlot, Thread threadPoolThread)
--- End of stack trace from previous location ---
   at TMDbLib.Rest.HappyEyeballsCallback.GetAddressesAsync(String host, CancellationToken cancellationToken)
   at TMDbLib.Rest.HappyEyeballsCallback.ConnectAsync(SocketsHttpConnectionContext context, CancellationToken cancellationToken)
   at System.Net.Http.HttpConnectionPool.ConnectToTcpHostAsync(String host, Int32 port, HttpRequestMessage initialRequest, Boolean async, CancellationToken cancellationToken)
   --- End of inner exception stack trace ---
   at System.Net.Http.HttpConnectionPool.ConnectToTcpHostAsync(String host, Int32 port, HttpRequestMessage initialRequest, Boolean async, CancellationToken cancellationToken)
   at System.Net.Http.HttpConnectionPool.ConnectAsync(HttpRequestMessage request, Boolean async, CancellationToken cancellationToken)
   at System.Net.Http.HttpConnectionPool.CreateHttp11ConnectionAsync(HttpRequestMessage request, Boolean async, CancellationToken cancellationToken)
   at System.Net.Http.HttpConnectionPool.InjectNewHttp11ConnectionAsync(QueueItem queueItem)
   at System.Threading.Tasks.TaskCompletionSourceWithCancellation`1.WaitWithCancellationAsync(CancellationToken cancellationToken)
   at System.Net.Http.HttpConnectionPool.SendWithVersionDetectionAndRetryAsync(HttpRequestMessage request, Boolean async, Boolean doRequestAuth, CancellationToken cancellationToken)
   at System.Net.Http.RedirectHandler.SendAsync(HttpRequestMessage request, Boolean async, CancellationToken cancellationToken)
   at System.Net.Http.HttpClient.<SendAsync>g__Core|83_0(HttpRequestMessage request, HttpCompletionOption completionOption, CancellationTokenSource cts, Boolean disposeCts, CancellationTokenSource pendingRequestsCts, CancellationToken originalCancellationToken)
   at TMDbLib.Rest.RestRequest.SendInternal(HttpMethod method, CancellationToken cancellationToken)
   at TMDbLib.Rest.RestRequest.Get[T](CancellationToken cancellationToken)
   at TMDbLib.Client.TMDbClient.GetTvEpisodeAsync(Int32 tvShowId, Int32 seasonNumber, Int64 episodeNumber, TvEpisodeMethods extraMethods, String language, String includeImageLanguage, CancellationToken cancellationToken)
   at MediaBrowser.Providers.Plugins.Tmdb.TmdbClientManager.GetEpisodeAsync(Int32 tvShowId, Int32 seasonNumber, Int64 episodeNumber, String displayOrder, String language, String imageLanguages, String countryCode, CancellationToken cancellationToken)
   at MediaBrowser.Providers.Plugins.Tmdb.TV.TmdbEpisodeProvider.GetMetadata(EpisodeInfo info, CancellationToken cancellationToken)
   at MediaBrowser.Providers.Manager.MetadataService`2.ExecuteRemoteProviders(MetadataResult`1 temp, String logName, Boolean replaceData, TIdType id, IEnumerable`1 providers, CancellationToken cancellationToken)
[2026-09-19 08:00:24.258 +00:00] [ERR] [57] MediaBrowser.Providers.TV.EpisodeMetadataService: Error in "TheMovieDb" for "/media/tv/Bleach/Bleach.S17E11.MULTi.1080p.BluRay.x265-KAF.mkv"
System.Net.Http.HttpRequestException: Resource temporarily unavailable (api.themoviedb.org:443)
 ---> System.Net.Sockets.SocketException (00000001, 11): Resource temporarily unavailable
   at System.Net.Dns.GetHostEntryOrAddressesCore(String hostName, Boolean justAddresses, AddressFamily addressFamily, Nullable`1 activityOrDefault)
   at System.Net.Dns.<>c.<GetHostEntryOrAddressesCoreAsync>b__34_1(Object s, NameResolutionActivity activity)
   at System.Threading.Tasks.ContinuationResultTaskFromTask`1.InnerInvoke()
   at System.Threading.ExecutionContext.RunFromThreadPoolDispatchLoop(Thread threadPoolThread, ExecutionContext executionContext, ContextCallback callback, Object state)
--- End of stack trace from previous location ---
   at System.Threading.ExecutionContext.RunFromThreadPoolDispatchLoop(Thread threadPoolThread, ExecutionContext executionContext, ContextCallback callback, Object state)
   at System.Threading.Tasks.Task.ExecuteWithThreadLocal(Task& currentTaskSlot, Thread threadPoolThread)
--- End of stack trace from previous location ---
   at TMDbLib.Rest.HappyEyeballsCallback.GetAddressesAsync(String host, CancellationToken cancellationToken)
   at TMDbLib.Rest.HappyEyeballsCallback.ConnectAsync(SocketsHttpConnectionContext context, CancellationToken cancellationToken)
   at System.Net.Http.HttpConnectionPool.ConnectToTcpHostAsync(String host, Int32 port, HttpRequestMessage initialRequest, Boolean async, CancellationToken cancellationToken)
   --- End of inner exception stack trace ---
   at System.Net.Http.HttpConnectionPool.ConnectToTcpHostAsync(String host, Int32 port, HttpRequestMessage initialRequest, Boolean async, CancellationToken cancellationToken)
   at System.Net.Http.HttpConnectionPool.ConnectAsync(HttpRequestMessage request, Boolean async, CancellationToken cancellationToken)
   at System.Net.Http.HttpConnectionPool.CreateHttp11ConnectionAsync(HttpRequestMessage request, Boolean async, CancellationToken cancellationToken)
   at System.Net.Http.HttpConnectionPool.InjectNewHttp11ConnectionAsync(QueueItem queueItem)
   at System.Threading.Tasks.TaskCompletionSourceWithCancellation`1.WaitWithCancellationAsync(CancellationToken cancellationToken)
   at System.Net.Http.HttpConnectionPool.SendWithVersionDetectionAndRetryAsync(HttpRequestMessage request, Boolean async, Boolean doRequestAuth, CancellationToken cancellationToken)
   at System.Net.Http.RedirectHandler.SendAsync(HttpRequestMessage request, Boolean async, CancellationToken cancellationToken)
   at System.Net.Http.HttpClient.<SendAsync>g__Core|83_0(HttpRequestMessage request, HttpCompletionOption completionOption, CancellationTokenSource cts, Boolean disposeCts, CancellationTokenSource pendingRequestsCts, CancellationToken originalCancellationToken)
   at TMDbLib.Rest.RestRequest.SendInternal(HttpMethod method, CancellationToken cancellationToken)
   at TMDbLib.Rest.RestRequest.Get[T](CancellationToken cancellationToken)
   at TMDbLib.Client.TMDbClient.GetTvEpisodeAsync(Int32 tvShowId, Int32 seasonNumber, Int64 episodeNumber, TvEpisodeMethods extraMethods, String language, String includeImageLanguage, CancellationToken cancellationToken)
   at MediaBrowser.Providers.Plugins.Tmdb.TmdbClientManager.GetEpisodeAsync(Int32 tvShowId, Int32 seasonNumber, Int64 episodeNumber, String displayOrder, String language, String imageLanguages, String countryCode, CancellationToken cancellationToken)
   at MediaBrowser.Providers.Plugins.Tmdb.TV.TmdbEpisodeProvider.GetMetadata(EpisodeInfo info, CancellationToken cancellationToken)
   at MediaBrowser.Providers.Manager.MetadataService`2.ExecuteRemoteProviders(MetadataResult`1 temp, String logName, Boolean replaceData, TIdType id, IEnumerable`1 providers, CancellationToken cancellationToken)
[2026-09-19 08:00:24.478 +00:00] [ERR] [37] MediaBrowser.Providers.TV.EpisodeMetadataService: Error in "TheMovieDb" for "/media/tv/Bleach/Bleach.S17E12.MULTi.1080p.BluRay.x265-KAF.mkv"
System.Net.Http.HttpRequestException: Resource temporarily unavailable (api.themoviedb.org:443)
 ---> System.Net.Sockets.SocketException (00000001, 11): Resource temporarily unavailable
   at System.Net.Dns.GetHostEntryOrAddressesCore(String hostName, Boolean justAddresses, AddressFamily addressFamily, Nullable`1 activityOrDefault)
   at System.Net.Dns.<>c.<GetHostEntryOrAddressesCoreAsync>b__34_1(Object s, NameResolutionActivity activity)
   at System.Threading.Tasks.ContinuationResultTaskFromTask`1.InnerInvoke()
   at System.Threading.ExecutionContext.RunFromThreadPoolDispatchLoop(Thread threadPoolThread, ExecutionContext executionContext, ContextCallback callback, Object state)
--- End of stack trace from previous location ---
   at System.Threading.ExecutionContext.RunFromThreadPoolDispatchLoop(Thread threadPoolThread, ExecutionContext executionContext, ContextCallback callback, Object state)
   at System.Threading.Tasks.Task.ExecuteWithThreadLocal(Task& currentTaskSlot, Thread threadPoolThread)
--- End of stack trace from previous location ---
   at TMDbLib.Rest.HappyEyeballsCallback.GetAddressesAsync(String host, CancellationToken cancellationToken)
   at TMDbLib.Rest.HappyEyeballsCallback.ConnectAsync(SocketsHttpConnectionContext context, CancellationToken cancellationToken)
   at System.Net.Http.HttpConnectionPool.ConnectToTcpHostAsync(String host, Int32 port, HttpRequestMessage initialRequest, Boolean async, CancellationToken cancellationToken)
   --- End of inner exception stack trace ---
   at System.Net.Http.HttpConnectionPool.ConnectToTcpHostAsync(String host, Int32 port, HttpRequestMessage initialRequest, Boolean async, CancellationToken cancellationToken)
   at System.Net.Http.HttpConnectionPool.ConnectAsync(HttpRequestMessage request, Boolean async, CancellationToken cancellationToken)
   at System.Net.Http.HttpConnectionPool.CreateHttp11ConnectionAsync(HttpRequestMessage request, Boolean async, CancellationToken cancellationToken)
   at System.Net.Http.HttpConnectionPool.InjectNewHttp11ConnectionAsync(QueueItem queueItem)
   at System.Threading.Tasks.TaskCompletionSourceWithCancellation`1.WaitWithCancellationAsync(CancellationToken cancellationToken)
   at System.Net.Http.HttpConnectionPool.SendWithVersionDetectionAndRetryAsync(HttpRequestMessage request, Boolean async, Boolean doRequestAuth, CancellationToken cancellationToken)
   at System.Net.Http.RedirectHandler.SendAsync(HttpRequestMessage request, Boolean async, CancellationToken cancellationToken)
   at System.Net.Http.HttpClient.<SendAsync>g__Core|83_0(HttpRequestMessage request, HttpCompletionOption completionOption, CancellationTokenSource cts, Boolean disposeCts, CancellationTokenSource pendingRequestsCts, CancellationToken originalCancellationToken)
   at TMDbLib.Rest.RestRequest.SendInternal(HttpMethod method, CancellationToken cancellationToken)
   at TMDbLib.Rest.RestRequest.Get[T](CancellationToken cancellationToken)
   at TMDbLib.Client.TMDbClient.GetTvEpisodeAsync(Int32 tvShowId, Int32 seasonNumber, Int64 episodeNumber, TvEpisodeMethods extraMethods, String language, String includeImageLanguage, CancellationToken cancellationToken)
   at MediaBrowser.Providers.Plugins.Tmdb.TmdbClientManager.GetEpisodeAsync(Int32 tvShowId, Int32 seasonNumber, Int64 episodeNumber, String displayOrder, String language, String imageLanguages, String countryCode, CancellationToken cancellationToken)
   at MediaBrowser.Providers.Plugins.Tmdb.TV.TmdbEpisodeProvider.GetMetadata(EpisodeInfo info, CancellationToken cancellationToken)
   at MediaBrowser.Providers.Manager.MetadataService`2.ExecuteRemoteProviders(MetadataResult`1 temp, String logName, Boolean replaceData, TIdType id, IEnumerable`1 providers, CancellationToken cancellationToken)
[2026-09-19 08:00:24.670 +00:00] [ERR] [37] MediaBrowser.Providers.TV.EpisodeMetadataService: Error in "TheMovieDb" for "/media/tv/Bleach/Bleach.S17E13.MULTi.1080p.BluRay.x265-KAF.mkv"
System.Net.Http.HttpRequestException: Resource temporarily unavailable (api.themoviedb.org:443)
 ---> System.Net.Sockets.SocketException (00000001, 11): Resource temporarily unavailable
   at System.Net.Dns.GetHostEntryOrAddressesCore(String hostName, Boolean justAddresses, AddressFamily addressFamily, Nullable`1 activityOrDefault)
   at System.Net.Dns.<>c.<GetHostEntryOrAddressesCoreAsync>b__34_1(Object s, NameResolutionActivity activity)
   at System.Threading.Tasks.ContinuationResultTaskFromTask`1.InnerInvoke()
   at System.Threading.ExecutionContext.RunFromThreadPoolDispatchLoop(Thread threadPoolThread, ExecutionContext executionContext, ContextCallback callback, Object state)
--- End of stack trace from previous location ---
   at System.Threading.ExecutionContext.RunFromThreadPoolDispatchLoop(Thread threadPoolThread, ExecutionContext executionContext, ContextCallback callback, Object state)
   at System.Threading.Tasks.Task.ExecuteWithThreadLocal(Task& currentTaskSlot, Thread threadPoolThread)
--- End of stack trace from previous location ---
   at TMDbLib.Rest.HappyEyeballsCallback.GetAddressesAsync(String host, CancellationToken cancellationToken)
   at TMDbLib.Rest.HappyEyeballsCallback.ConnectAsync(SocketsHttpConnectionContext context, CancellationToken cancellationToken)
   at System.Net.Http.HttpConnectionPool.ConnectToTcpHostAsync(String host, Int32 port, HttpRequestMessage initialRequest, Boolean async, CancellationToken cancellationToken)
   --- End of inner exception stack trace ---
   at System.Net.Http.HttpConnectionPool.ConnectToTcpHostAsync(String host, Int32 port, HttpRequestMessage initialRequest, Boolean async, CancellationToken cancellationToken)
   at System.Net.Http.HttpConnectionPool.ConnectAsync(HttpRequestMessage request, Boolean async, CancellationToken cancellationToken)
   at System.Net.Http.HttpConnectionPool.CreateHttp11ConnectionAsync(HttpRequestMessage request, Boolean async, CancellationToken cancellationToken)
   at System.Net.Http.HttpConnectionPool.InjectNewHttp11ConnectionAsync(QueueItem queueItem)
   at System.Threading.Tasks.TaskCompletionSourceWithCancellation`1.WaitWithCancellationAsync(CancellationToken cancellationToken)
   at System.Net.Http.HttpConnectionPool.SendWithVersionDetectionAndRetryAsync(HttpRequestMessage request, Boolean async, Boolean doRequestAuth, CancellationToken cancellationToken)
   at System.Net.Http.RedirectHandler.SendAsync(HttpRequestMessage request, Boolean async, CancellationToken cancellationToken)
   at System.Net.Http.HttpClient.<SendAsync>g__Core|83_0(HttpRequestMessage request, HttpCompletionOption completionOption, CancellationTokenSource cts, Boolean disposeCts, CancellationTokenSource pendingRequestsCts, CancellationToken originalCancellationToken)
   at TMDbLib.Rest.RestRequest.SendInternal(HttpMethod method, CancellationToken cancellationToken)
   at TMDbLib.Rest.RestRequest.Get[T](CancellationToken cancellationToken)
   at TMDbLib.Client.TMDbClient.GetTvEpisodeAsync(Int32 tvShowId, Int32 seasonNumber, Int64 episodeNumber, TvEpisodeMethods extraMethods, String language, String includeImageLanguage, CancellationToken cancellationToken)
   at MediaBrowser.Providers.Plugins.Tmdb.TmdbClientManager.GetEpisodeAsync(Int32 tvShowId, Int32 seasonNumber, Int64 episodeNumber, String displayOrder, String language, String imageLanguages, String countryCode, CancellationToken cancellationToken)
   at MediaBrowser.Providers.Plugins.Tmdb.TV.TmdbEpisodeProvider.GetMetadata(EpisodeInfo info, CancellationToken cancellationToken)
   at MediaBrowser.Providers.Manager.MetadataService`2.ExecuteRemoteProviders(MetadataResult`1 temp, String logName, Boolean replaceData, TIdType id, IEnumerable`1 providers, CancellationToken cancellationToken)
[2026-09-19 08:00:24.882 +00:00] [ERR] [37] MediaBrowser.Providers.TV.EpisodeMetadataService: Error in "TheMovieDb" for "/media/tv/Bleach/Bleach.S17E14.MULTi.1080p.BluRay.x265-KAF.mkv"
System.Net.Http.HttpRequestException: Resource temporarily unavailable (api.themoviedb.org:443)
 ---> System.Net.Sockets.SocketException (00000001, 11): Resource temporarily unavailable
   at System.Net.Dns.GetHostEntryOrAddressesCore(String hostName, Boolean justAddresses, AddressFamily addressFamily, Nullable`1 activityOrDefault)
   at System.Net.Dns.<>c.<GetHostEntryOrAddressesCoreAsync>b__34_1(Object s, NameResolutionActivity activity)
   at System.Threading.Tasks.ContinuationResultTaskFromTask`1.InnerInvoke()
   at System.Threading.ExecutionContext.RunFromThreadPoolDispatchLoop(Thread threadPoolThread, ExecutionContext executionContext, ContextCallback callback, Object state)
--- End of stack trace from previous location ---
   at System.Threading.ExecutionContext.RunFromThreadPoolDispatchLoop(Thread threadPoolThread, ExecutionContext executionContext, ContextCallback callback, Object state)
   at System.Threading.Tasks.Task.ExecuteWithThreadLocal(Task& currentTaskSlot, Thread threadPoolThread)
--- End of stack trace from previous location ---
   at TMDbLib.Rest.HappyEyeballsCallback.GetAddressesAsync(String host, CancellationToken cancellationToken)
   at TMDbLib.Rest.HappyEyeballsCallback.ConnectAsync(SocketsHttpConnectionContext context, CancellationToken cancellationToken)
   at System.Net.Http.HttpConnectionPool.ConnectToTcpHostAsync(String host, Int32 port, HttpRequestMessage initialRequest, Boolean async, CancellationToken cancellationToken)
   --- End of inner exception stack trace ---
   at System.Net.Http.HttpConnectionPool.ConnectToTcpHostAsync(String host, Int32 port, HttpRequestMessage initialRequest, Boolean async, CancellationToken cancellationToken)
   at System.Net.Http.HttpConnectionPool.ConnectAsync(HttpRequestMessage request, Boolean async, CancellationToken cancellationToken)
   at System.Net.Http.HttpConnectionPool.CreateHttp11ConnectionAsync(HttpRequestMessage request, Boolean async, CancellationToken cancellationToken)
   at System.Net.Http.HttpConnectionPool.InjectNewHttp11ConnectionAsync(QueueItem queueItem)
   at System.Threading.Tasks.TaskCompletionSourceWithCancellation`1.WaitWithCancellationAsync(CancellationToken cancellationToken)
   at System.Net.Http.HttpConnectionPool.SendWithVersionDetectionAndRetryAsync(HttpRequestMessage request, Boolean async, Boolean doRequestAuth, CancellationToken cancellationToken)
   at System.Net.Http.RedirectHandler.SendAsync(HttpRequestMessage request, Boolean async, CancellationToken cancellationToken)
   at System.Net.Http.HttpClient.<SendAsync>g__Core|83_0(HttpRequestMessage request, HttpCompletionOption completionOption, CancellationTokenSource cts, Boolean disposeCts, CancellationTokenSource pendingRequestsCts, CancellationToken originalCancellationToken)
   at TMDbLib.Rest.RestRequest.SendInternal(HttpMethod method, CancellationToken cancellationToken)
   at TMDbLib.Rest.RestRequest.Get[T](CancellationToken cancellationToken)
   at TMDbLib.Client.TMDbClient.GetTvEpisodeAsync(Int32 tvShowId, Int32 seasonNumber, Int64 episodeNumber, TvEpisodeMethods extraMethods, String language, String includeImageLanguage, CancellationToken cancellationToken)
   at MediaBrowser.Providers.Plugins.Tmdb.TmdbClientManager.GetEpisodeAsync(Int32 tvShowId, Int32 seasonNumber, Int64 episodeNumber, String displayOrder, String language, String imageLanguages, String countryCode, CancellationToken cancellationToken)
   at MediaBrowser.Providers.Plugins.Tmdb.TV.TmdbEpisodeProvider.GetMetadata(EpisodeInfo info, CancellationToken cancellationToken)
   at MediaBrowser.Providers.Manager.MetadataService`2.ExecuteRemoteProviders(MetadataResult`1 temp, String logName, Boolean replaceData, TIdType id, IEnumerable`1 providers, CancellationToken cancellationToken)
[2026-09-19 08:00:25.106 +00:00] [ERR] [69] MediaBrowser.Providers.TV.EpisodeMetadataService: Error in "TheMovieDb" for "/media/tv/Bleach/Bleach.S17E15.MULTi.1080p.BluRay.x265-KAF.mkv"
System.Net.Http.HttpRequestException: Resource temporarily unavailable (api.themoviedb.org:443)
 ---> System.Net.Sockets.SocketException (00000001, 11): Resource temporarily unavailable
   at System.Net.Dns.GetHostEntryOrAddressesCore(String hostName, Boolean justAddresses, AddressFamily addressFamily, Nullable`1 activityOrDefault)
   at System.Net.Dns.<>c.<GetHostEntryOrAddressesCoreAsync>b__34_1(Object s, NameResolutionActivity activity)
   at System.Threading.Tasks.ContinuationResultTaskFromTask`1.InnerInvoke()
   at System.Threading.ExecutionContext.RunFromThreadPoolDispatchLoop(Thread threadPoolThread, ExecutionContext executionContext, ContextCallback callback, Object state)
--- End of stack trace from previous location ---
   at System.Threading.ExecutionContext.RunFromThreadPoolDispatchLoop(Thread threadPoolThread, ExecutionContext executionContext, ContextCallback callback, Object state)
   at System.Threading.Tasks.Task.ExecuteWithThreadLocal(Task& currentTaskSlot, Thread threadPoolThread)
--- End of stack trace from previous location ---
   at TMDbLib.Rest.HappyEyeballsCallback.GetAddressesAsync(String host, CancellationToken cancellationToken)
   at TMDbLib.Rest.HappyEyeballsCallback.ConnectAsync(SocketsHttpConnectionContext context, CancellationToken cancellationToken)
   at System.Net.Http.HttpConnectionPool.ConnectToTcpHostAsync(String host, Int32 port, HttpRequestMessage initialRequest, Boolean async, CancellationToken cancellationToken)
   --- End of inner exception stack trace ---
   at System.Net.Http.HttpConnectionPool.ConnectToTcpHostAsync(String host, Int32 port, HttpRequestMessage initialRequest, Boolean async, CancellationToken cancellationToken)
   at System.Net.Http.HttpConnectionPool.ConnectAsync(HttpRequestMessage request, Boolean async, CancellationToken cancellationToken)
   at System.Net.Http.HttpConnectionPool.CreateHttp11ConnectionAsync(HttpRequestMessage request, Boolean async, CancellationToken cancellationToken)
   at System.Net.Http.HttpConnectionPool.InjectNewHttp11ConnectionAsync(QueueItem queueItem)
   at System.Threading.Tasks.TaskCompletionSourceWithCancellation`1.WaitWithCancellationAsync(CancellationToken cancellationToken)
   at System.Net.Http.HttpConnectionPool.SendWithVersionDetectionAndRetryAsync(HttpRequestMessage request, Boolean async, Boolean doRequestAuth, CancellationToken cancellationToken)
   at System.Net.Http.RedirectHandler.SendAsync(HttpRequestMessage request, Boolean async, CancellationToken cancellationToken)
   at System.Net.Http.HttpClient.<SendAsync>g__Core|83_0(HttpRequestMessage request, HttpCompletionOption completionOption, CancellationTokenSource cts, Boolean disposeCts, CancellationTokenSource pendingRequestsCts, CancellationToken originalCancellationToken)
   at TMDbLib.Rest.RestRequest.SendInternal(HttpMethod method, CancellationToken cancellationToken)
   at TMDbLib.Rest.RestRequest.Get[T](CancellationToken cancellationToken)
   at TMDbLib.Client.TMDbClient.GetTvEpisodeAsync(Int32 tvShowId, Int32 seasonNumber, Int64 episodeNumber, TvEpisodeMethods extraMethods, String language, String includeImageLanguage, CancellationToken cancellationToken)
   at MediaBrowser.Providers.Plugins.Tmdb.TmdbClientManager.GetEpisodeAsync(Int32 tvShowId, Int32 seasonNumber, Int64 episodeNumber, String displayOrder, String language, String imageLanguages, String countryCode, CancellationToken cancellationToken)
   at MediaBrowser.Providers.Plugins.Tmdb.TV.TmdbEpisodeProvider.GetMetadata(EpisodeInfo info, CancellationToken cancellationToken)
   at MediaBrowser.Providers.Manager.MetadataService`2.ExecuteRemoteProviders(MetadataResult`1 temp, String logName, Boolean replaceData, TIdType id, IEnumerable`1 providers, CancellationToken cancellationToken)
[2026-09-19 08:00:25.322 +00:00] [ERR] [37] MediaBrowser.Providers.TV.EpisodeMetadataService: Error in "TheMovieDb" for "/media/tv/Bleach/Bleach.S17E16.MULTi.1080p.BluRay.x265-KAF.mkv"
System.Net.Http.HttpRequestException: Resource temporarily unavailable (api.themoviedb.org:443)
 ---> System.Net.Sockets.SocketException (00000001, 11): Resource temporarily unavailable
   at System.Net.Dns.GetHostEntryOrAddressesCore(String hostName, Boolean justAddresses, AddressFamily addressFamily, Nullable`1 activityOrDefault)
   at System.Net.Dns.<>c.<GetHostEntryOrAddressesCoreAsync>b__34_1(Object s, NameResolutionActivity activity)
   at System.Threading.Tasks.ContinuationResultTaskFromTask`1.InnerInvoke()
   at System.Threading.ExecutionContext.RunFromThreadPoolDispatchLoop(Thread threadPoolThread, ExecutionContext executionContext, ContextCallback callback, Object state)
--- End of stack trace from previous location ---
   at System.Threading.ExecutionContext.RunFromThreadPoolDispatchLoop(Thread threadPoolThread, ExecutionContext executionContext, ContextCallback callback, Object state)
   at System.Threading.Tasks.Task.ExecuteWithThreadLocal(Task& currentTaskSlot, Thread threadPoolThread)
--- End of stack trace from previous location ---
   at TMDbLib.Rest.HappyEyeballsCallback.GetAddressesAsync(String host, CancellationToken cancellationToken)
   at TMDbLib.Rest.HappyEyeballsCallback.ConnectAsync(SocketsHttpConnectionContext context, CancellationToken cancellationToken)
   at System.Net.Http.HttpConnectionPool.ConnectToTcpHostAsync(String host, Int32 port, HttpRequestMessage initialRequest, Boolean async, CancellationToken cancellationToken)
   --- End of inner exception stack trace ---
   at System.Net.Http.HttpConnectionPool.ConnectToTcpHostAsync(String host, Int32 port, HttpRequestMessage initialRequest, Boolean async, CancellationToken cancellationToken)
   at System.Net.Http.HttpConnectionPool.ConnectAsync(HttpRequestMessage request, Boolean async, CancellationToken cancellationToken)
   at System.Net.Http.HttpConnectionPool.CreateHttp11ConnectionAsync(HttpRequestMessage request, Boolean async, CancellationToken cancellationToken)
   at System.Net.Http.HttpConnectionPool.InjectNewHttp11ConnectionAsync(QueueItem queueItem)
   at System.Threading.Tasks.TaskCompletionSourceWithCancellation`1.WaitWithCancellationAsync(CancellationToken cancellationToken)
   at System.Net.Http.HttpConnectionPool.SendWithVersionDetectionAndRetryAsync(HttpRequestMessage request, Boolean async, Boolean doRequestAuth, CancellationToken cancellationToken)
   at System.Net.Http.RedirectHandler.SendAsync(HttpRequestMessage request, Boolean async, CancellationToken cancellationToken)
   at System.Net.Http.HttpClient.<SendAsync>g__Core|83_0(HttpRequestMessage request, HttpCompletionOption completionOption, CancellationTokenSource cts, Boolean disposeCts, CancellationTokenSource pendingRequestsCts, CancellationToken originalCancellationToken)
   at TMDbLib.Rest.RestRequest.SendInternal(HttpMethod method, CancellationToken cancellationToken)
   at TMDbLib.Rest.RestRequest.Get[T](CancellationToken cancellationToken)
   at TMDbLib.Client.TMDbClient.GetTvEpisodeAsync(Int32 tvShowId, Int32 seasonNumber, Int64 episodeNumber, TvEpisodeMethods extraMethods, String language, String includeImageLanguage, CancellationToken cancellationToken)
   at MediaBrowser.Providers.Plugins.Tmdb.TmdbClientManager.GetEpisodeAsync(Int32 tvShowId, Int32 seasonNumber, Int64 episodeNumber, String displayOrder, String language, String imageLanguages, String countryCode, CancellationToken cancellationToken)
   at MediaBrowser.Providers.Plugins.Tmdb.TV.TmdbEpisodeProvider.GetMetadata(EpisodeInfo info, CancellationToken cancellationToken)
   at MediaBrowser.Providers.Manager.MetadataService`2.ExecuteRemoteProviders(MetadataResult`1 temp, String logName, Boolean replaceData, TIdType id, IEnumerable`1 providers, CancellationToken cancellationToken)
[2026-09-19 08:00:25.510 +00:00] [ERR] [77] MediaBrowser.Providers.TV.EpisodeMetadataService: Error in "TheMovieDb" for "/media/tv/Bleach/Bleach.S17E17.MULTi.1080p.BluRay.x265-KAF.mkv"
System.Net.Http.HttpRequestException: Resource temporarily unavailable (api.themoviedb.org:443)
 ---> System.Net.Sockets.SocketException (00000001, 11): Resource temporarily unavailable
   at System.Net.Dns.GetHostEntryOrAddressesCore(String hostName, Boolean justAddresses, AddressFamily addressFamily, Nullable`1 activityOrDefault)
   at System.Net.Dns.<>c.<GetHostEntryOrAddressesCoreAsync>b__34_1(Object s, NameResolutionActivity activity)
   at System.Threading.Tasks.ContinuationResultTaskFromTask`1.InnerInvoke()
   at System.Threading.ExecutionContext.RunFromThreadPoolDispatchLoop(Thread threadPoolThread, ExecutionContext executionContext, ContextCallback callback, Object state)
--- End of stack trace from previous location ---
   at System.Threading.ExecutionContext.RunFromThreadPoolDispatchLoop(Thread threadPoolThread, ExecutionContext executionContext, ContextCallback callback, Object state)
   at System.Threading.Tasks.Task.ExecuteWithThreadLocal(Task& currentTaskSlot, Thread threadPoolThread)
--- End of stack trace from previous location ---
   at TMDbLib.Rest.HappyEyeballsCallback.GetAddressesAsync(String host, CancellationToken cancellationToken)
   at TMDbLib.Rest.HappyEyeballsCallback.ConnectAsync(SocketsHttpConnectionContext context, CancellationToken cancellationToken)
   at System.Net.Http.HttpConnectionPool.ConnectToTcpHostAsync(String host, Int32 port, HttpRequestMessage initialRequest, Boolean async, CancellationToken cancellationToken)
   --- End of inner exception stack trace ---
   at System.Net.Http.HttpConnectionPool.ConnectToTcpHostAsync(String host, Int32 port, HttpRequestMessage initialRequest, Boolean async, CancellationToken cancellationToken)
   at System.Net.Http.HttpConnectionPool.ConnectAsync(HttpRequestMessage request, Boolean async, CancellationToken cancellationToken)
   at System.Net.Http.HttpConnectionPool.CreateHttp11ConnectionAsync(HttpRequestMessage request, Boolean async, CancellationToken cancellationToken)
   at System.Net.Http.HttpConnectionPool.InjectNewHttp11ConnectionAsync(QueueItem queueItem)
   at System.Threading.Tasks.TaskCompletionSourceWithCancellation`1.WaitWithCancellationAsync(CancellationToken cancellationToken)
   at System.Net.Http.HttpConnectionPool.SendWithVersionDetectionAndRetryAsync(HttpRequestMessage request, Boolean async, Boolean doRequestAuth, CancellationToken cancellationToken)
   at System.Net.Http.RedirectHandler.SendAsync(HttpRequestMessage request, Boolean async, CancellationToken cancellationToken)
   at System.Net.Http.HttpClient.<SendAsync>g__Core|83_0(HttpRequestMessage request, HttpCompletionOption completionOption, CancellationTokenSource cts, Boolean disposeCts, CancellationTokenSource pendingRequestsCts, CancellationToken originalCancellationToken)
   at TMDbLib.Rest.RestRequest.SendInternal(HttpMethod method, CancellationToken cancellationToken)
   at TMDbLib.Rest.RestRequest.Get[T](CancellationToken cancellationToken)
   at TMDbLib.Client.TMDbClient.GetTvEpisodeAsync(Int32 tvShowId, Int32 seasonNumber, Int64 episodeNumber, TvEpisodeMethods extraMethods, String language, String includeImageLanguage, CancellationToken cancellationToken)
   at MediaBrowser.Providers.Plugins.Tmdb.TmdbClientManager.GetEpisodeAsync(Int32 tvShowId, Int32 seasonNumber, Int64 episodeNumber, String displayOrder, String language, String imageLanguages, String countryCode, CancellationToken cancellationToken)
   at MediaBrowser.Providers.Plugins.Tmdb.TV.TmdbEpisodeProvider.GetMetadata(EpisodeInfo info, CancellationToken cancellationToken)
   at MediaBrowser.Providers.Manager.MetadataService`2.ExecuteRemoteProviders(MetadataResult`1 temp, String logName, Boolean replaceData, TIdType id, IEnumerable`1 providers, CancellationToken cancellationToken)
[2026-09-19 08:00:25.750 +00:00] [ERR] [77] MediaBrowser.Providers.TV.EpisodeMetadataService: Error in "TheMovieDb" for "/media/tv/Bleach/Bleach.S17E18.MULTi.1080p.BluRay.x265-KAF.mkv"
System.Net.Http.HttpRequestException: Resource temporarily unavailable (api.themoviedb.org:443)
 ---> System.Net.Sockets.SocketException (00000001, 11): Resource temporarily unavailable
   at System.Net.Dns.GetHostEntryOrAddressesCore(String hostName, Boolean justAddresses, AddressFamily addressFamily, Nullable`1 activityOrDefault)
   at System.Net.Dns.<>c.<GetHostEntryOrAddressesCoreAsync>b__34_1(Object s, NameResolutionActivity activity)
   at System.Threading.Tasks.ContinuationResultTaskFromTask`1.InnerInvoke()
   at System.Threading.ExecutionContext.RunFromThreadPoolDispatchLoop(Thread threadPoolThread, ExecutionContext executionContext, ContextCallback callback, Object state)
--- End of stack trace from previous location ---
   at System.Threading.ExecutionContext.RunFromThreadPoolDispatchLoop(Thread threadPoolThread, ExecutionContext executionContext, ContextCallback callback, Object state)
   at System.Threading.Tasks.Task.ExecuteWithThreadLocal(Task& currentTaskSlot, Thread threadPoolThread)
--- End of stack trace from previous location ---
   at TMDbLib.Rest.HappyEyeballsCallback.GetAddressesAsync(String host, CancellationToken cancellationToken)
   at TMDbLib.Rest.HappyEyeballsCallback.ConnectAsync(SocketsHttpConnectionContext context, CancellationToken cancellationToken)
   at System.Net.Http.HttpConnectionPool.ConnectToTcpHostAsync(String host, Int32 port, HttpRequestMessage initialRequest, Boolean async, CancellationToken cancellationToken)
   --- End of inner exception stack trace ---
   at System.Net.Http.HttpConnectionPool.ConnectToTcpHostAsync(String host, Int32 port, HttpRequestMessage initialRequest, Boolean async, CancellationToken cancellationToken)
   at System.Net.Http.HttpConnectionPool.ConnectAsync(HttpRequestMessage request, Boolean async, CancellationToken cancellationToken)
   at System.Net.Http.HttpConnectionPool.CreateHttp11ConnectionAsync(HttpRequestMessage request, Boolean async, CancellationToken cancellationToken)
   at System.Net.Http.HttpConnectionPool.InjectNewHttp11ConnectionAsync(QueueItem queueItem)
   at System.Threading.Tasks.TaskCompletionSourceWithCancellation`1.WaitWithCancellationAsync(CancellationToken cancellationToken)
   at System.Net.Http.HttpConnectionPool.SendWithVersionDetectionAndRetryAsync(HttpRequestMessage request, Boolean async, Boolean doRequestAuth, CancellationToken cancellationToken)
   at System.Net.Http.RedirectHandler.SendAsync(HttpRequestMessage request, Boolean async, CancellationToken cancellationToken)
   at System.Net.Http.HttpClient.<SendAsync>g__Core|83_0(HttpRequestMessage request, HttpCompletionOption completionOption, CancellationTokenSource cts, Boolean disposeCts, CancellationTokenSource pendingRequestsCts, CancellationToken originalCancellationToken)
   at TMDbLib.Rest.RestRequest.SendInternal(HttpMethod method, CancellationToken cancellationToken)
   at TMDbLib.Rest.RestRequest.Get[T](CancellationToken cancellationToken)
   at TMDbLib.Client.TMDbClient.GetTvEpisodeAsync(Int32 tvShowId, Int32 seasonNumber, Int64 episodeNumber, TvEpisodeMethods extraMethods, String language, String includeImageLanguage, CancellationToken cancellationToken)
   at MediaBrowser.Providers.Plugins.Tmdb.TmdbClientManager.GetEpisodeAsync(Int32 tvShowId, Int32 seasonNumber, Int64 episodeNumber, String displayOrder, String language, String imageLanguages, String countryCode, CancellationToken cancellationToken)
   at MediaBrowser.Providers.Plugins.Tmdb.TV.TmdbEpisodeProvider.GetMetadata(EpisodeInfo info, CancellationToken cancellationToken)
   at MediaBrowser.Providers.Manager.MetadataService`2.ExecuteRemoteProviders(MetadataResult`1 temp, String logName, Boolean replaceData, TIdType id, IEnumerable`1 providers, CancellationToken cancellationToken)
[2026-09-19 08:00:25.962 +00:00] [ERR] [37] MediaBrowser.Providers.TV.EpisodeMetadataService: Error in "TheMovieDb" for "/media/tv/Bleach/Bleach.S17E19.MULTi.1080p.BluRay.x265-KAF.mkv"
System.Net.Http.HttpRequestException: Resource temporarily unavailable (api.themoviedb.org:443)
 ---> System.Net.Sockets.SocketException (00000001, 11): Resource temporarily unavailable
   at System.Net.Dns.GetHostEntryOrAddressesCore(String hostName, Boolean justAddresses, AddressFamily addressFamily, Nullable`1 activityOrDefault)
   at System.Net.Dns.<>c.<GetHostEntryOrAddressesCoreAsync>b__34_1(Object s, NameResolutionActivity activity)
   at System.Threading.Tasks.ContinuationResultTaskFromTask`1.InnerInvoke()
   at System.Threading.ExecutionContext.RunFromThreadPoolDispatchLoop(Thread threadPoolThread, ExecutionContext executionContext, ContextCallback callback, Object state)
--- End of stack trace from previous location ---
   at System.Threading.ExecutionContext.RunFromThreadPoolDispatchLoop(Thread threadPoolThread, ExecutionContext executionContext, ContextCallback callback, Object state)
   at System.Threading.Tasks.Task.ExecuteWithThreadLocal(Task& currentTaskSlot, Thread threadPoolThread)
--- End of stack trace from previous location ---
   at TMDbLib.Rest.HappyEyeballsCallback.GetAddressesAsync(String host, CancellationToken cancellationToken)
   at TMDbLib.Rest.HappyEyeballsCallback.ConnectAsync(SocketsHttpConnectionContext context, CancellationToken cancellationToken)
   at System.Net.Http.HttpConnectionPool.ConnectToTcpHostAsync(String host, Int32 port, HttpRequestMessage initialRequest, Boolean async, CancellationToken cancellationToken)
   --- End of inner exception stack trace ---
   at System.Net.Http.HttpConnectionPool.ConnectToTcpHostAsync(String host, Int32 port, HttpRequestMessage initialRequest, Boolean async, CancellationToken cancellationToken)
   at System.Net.Http.HttpConnectionPool.ConnectAsync(HttpRequestMessage request, Boolean async, CancellationToken cancellationToken)
   at System.Net.Http.HttpConnectionPool.CreateHttp11ConnectionAsync(HttpRequestMessage request, Boolean async, CancellationToken cancellationToken)
   at System.Net.Http.HttpConnectionPool.InjectNewHttp11ConnectionAsync(QueueItem queueItem)
   at System.Threading.Tasks.TaskCompletionSourceWithCancellation`1.WaitWithCancellationAsync(CancellationToken cancellationToken)
   at System.Net.Http.HttpConnectionPool.SendWithVersionDetectionAndRetryAsync(HttpRequestMessage request, Boolean async, Boolean doRequestAuth, CancellationToken cancellationToken)
   at System.Net.Http.RedirectHandler.SendAsync(HttpRequestMessage request, Boolean async, CancellationToken cancellationToken)
   at System.Net.Http.HttpClient.<SendAsync>g__Core|83_0(HttpRequestMessage request, HttpCompletionOption completionOption, CancellationTokenSource cts, Boolean disposeCts, CancellationTokenSource pendingRequestsCts, CancellationToken originalCancellationToken)
   at TMDbLib.Rest.RestRequest.SendInternal(HttpMethod method, CancellationToken cancellationToken)
   at TMDbLib.Rest.RestRequest.Get[T](CancellationToken cancellationToken)
   at TMDbLib.Client.TMDbClient.GetTvEpisodeAsync(Int32 tvShowId, Int32 seasonNumber, Int64 episodeNumber, TvEpisodeMethods extraMethods, String language, String includeImageLanguage, CancellationToken cancellationToken)
   at MediaBrowser.Providers.Plugins.Tmdb.TmdbClientManager.GetEpisodeAsync(Int32 tvShowId, Int32 seasonNumber, Int64 episodeNumber, String displayOrder, String language, String imageLanguages, String countryCode, CancellationToken cancellationToken)
   at MediaBrowser.Providers.Plugins.Tmdb.TV.TmdbEpisodeProvider.GetMetadata(EpisodeInfo info, CancellationToken cancellationToken)
   at MediaBrowser.Providers.Manager.MetadataService`2.ExecuteRemoteProviders(MetadataResult`1 temp, String logName, Boolean replaceData, TIdType id, IEnumerable`1 providers, CancellationToken cancellationToken)
[2026-09-19 08:00:26.190 +00:00] [ERR] [77] MediaBrowser.Providers.TV.EpisodeMetadataService: Error in "TheMovieDb" for "/media/tv/Bleach/Bleach.S17E20.MULTi.1080p.BluRay.x265-KAF.mkv"
System.Net.Http.HttpRequestException: Resource temporarily unavailable (api.themoviedb.org:443)
 ---> System.Net.Sockets.SocketException (00000001, 11): Resource temporarily unavailable
   at System.Net.Dns.GetHostEntryOrAddressesCore(String hostName, Boolean justAddresses, AddressFamily addressFamily, Nullable`1 activityOrDefault)
   at System.Net.Dns.<>c.<GetHostEntryOrAddressesCoreAsync>b__34_1(Object s, NameResolutionActivity activity)
   at System.Threading.Tasks.ContinuationResultTaskFromTask`1.InnerInvoke()
   at System.Threading.ExecutionContext.RunFromThreadPoolDispatchLoop(Thread threadPoolThread, ExecutionContext executionContext, ContextCallback callback, Object state)
--- End of stack trace from previous location ---
   at System.Threading.ExecutionContext.RunFromThreadPoolDispatchLoop(Thread threadPoolThread, ExecutionContext executionContext, ContextCallback callback, Object state)
   at System.Threading.Tasks.Task.ExecuteWithThreadLocal(Task& currentTaskSlot, Thread threadPoolThread)
--- End of stack trace from previous location ---
   at TMDbLib.Rest.HappyEyeballsCallback.GetAddressesAsync(String host, CancellationToken cancellationToken)
   at TMDbLib.Rest.HappyEyeballsCallback.ConnectAsync(SocketsHttpConnectionContext context, CancellationToken cancellationToken)
   at System.Net.Http.HttpConnectionPool.ConnectToTcpHostAsync(String host, Int32 port, HttpRequestMessage initialRequest, Boolean async, CancellationToken cancellationToken)
   --- End of inner exception stack trace ---
   at System.Net.Http.HttpConnectionPool.ConnectToTcpHostAsync(String host, Int32 port, HttpRequestMessage initialRequest, Boolean async, CancellationToken cancellationToken)
   at System.Net.Http.HttpConnectionPool.ConnectAsync(HttpRequestMessage request, Boolean async, CancellationToken cancellationToken)
   at System.Net.Http.HttpConnectionPool.CreateHttp11ConnectionAsync(HttpRequestMessage request, Boolean async, CancellationToken cancellationToken)
   at System.Net.Http.HttpConnectionPool.InjectNewHttp11ConnectionAsync(QueueItem queueItem)
   at System.Threading.Tasks.TaskCompletionSourceWithCancellation`1.WaitWithCancellationAsync(CancellationToken cancellationToken)
   at System.Net.Http.HttpConnectionPool.SendWithVersionDetectionAndRetryAsync(HttpRequestMessage request, Boolean async, Boolean doRequestAuth, CancellationToken cancellationToken)
   at System.Net.Http.RedirectHandler.SendAsync(HttpRequestMessage request, Boolean async, CancellationToken cancellationToken)
   at System.Net.Http.HttpClient.<SendAsync>g__Core|83_0(HttpRequestMessage request, HttpCompletionOption completionOption, CancellationTokenSource cts, Boolean disposeCts, CancellationTokenSource pendingRequestsCts, CancellationToken originalCancellationToken)
   at TMDbLib.Rest.RestRequest.SendInternal(HttpMethod method, CancellationToken cancellationToken)
   at TMDbLib.Rest.RestRequest.Get[T](CancellationToken cancellationToken)
   at TMDbLib.Client.TMDbClient.GetTvEpisodeAsync(Int32 tvShowId, Int32 seasonNumber, Int64 episodeNumber, TvEpisodeMethods extraMethods, String language, String includeImageLanguage, CancellationToken cancellationToken)
   at MediaBrowser.Providers.Plugins.Tmdb.TmdbClientManager.GetEpisodeAsync(Int32 tvShowId, Int32 seasonNumber, Int64 episodeNumber, String displayOrder, String language, String imageLanguages, String countryCode, CancellationToken cancellationToken)
   at MediaBrowser.Providers.Plugins.Tmdb.TV.TmdbEpisodeProvider.GetMetadata(EpisodeInfo info, CancellationToken cancellationToken)
   at MediaBrowser.Providers.Manager.MetadataService`2.ExecuteRemoteProviders(MetadataResult`1 temp, String logName, Boolean replaceData, TIdType id, IEnumerable`1 providers, CancellationToken cancellationToken)
[2026-09-19 08:00:26.438 +00:00] [ERR] [77] MediaBrowser.Providers.TV.EpisodeMetadataService: Error in "TheMovieDb" for "/media/tv/Bleach/Bleach.S17E21.MULTi.1080p.BluRay.x265-KAF.mkv"
System.Net.Http.HttpRequestException: Resource temporarily unavailable (api.themoviedb.org:443)
 ---> System.Net.Sockets.SocketException (00000001, 11): Resource temporarily unavailable
   at System.Net.Dns.GetHostEntryOrAddressesCore(String hostName, Boolean justAddresses, AddressFamily addressFamily, Nullable`1 activityOrDefault)
   at System.Net.Dns.<>c.<GetHostEntryOrAddressesCoreAsync>b__34_1(Object s, NameResolutionActivity activity)
   at System.Threading.Tasks.ContinuationResultTaskFromTask`1.InnerInvoke()
   at System.Threading.ExecutionContext.RunFromThreadPoolDispatchLoop(Thread threadPoolThread, ExecutionContext executionContext, ContextCallback callback, Object state)
--- End of stack trace from previous location ---
   at System.Threading.ExecutionContext.RunFromThreadPoolDispatchLoop(Thread threadPoolThread, ExecutionContext executionContext, ContextCallback callback, Object state)
   at System.Threading.Tasks.Task.ExecuteWithThreadLocal(Task& currentTaskSlot, Thread threadPoolThread)
--- End of stack trace from previous location ---
   at TMDbLib.Rest.HappyEyeballsCallback.GetAddressesAsync(String host, CancellationToken cancellationToken)
   at TMDbLib.Rest.HappyEyeballsCallback.ConnectAsync(SocketsHttpConnectionContext context, CancellationToken cancellationToken)
   at System.Net.Http.HttpConnectionPool.ConnectToTcpHostAsync(String host, Int32 port, HttpRequestMessage initialRequest, Boolean async, CancellationToken cancellationToken)
   --- End of inner exception stack trace ---
   at System.Net.Http.HttpConnectionPool.ConnectToTcpHostAsync(String host, Int32 port, HttpRequestMessage initialRequest, Boolean async, CancellationToken cancellationToken)
   at System.Net.Http.HttpConnectionPool.ConnectAsync(HttpRequestMessage request, Boolean async, CancellationToken cancellationToken)
   at System.Net.Http.HttpConnectionPool.CreateHttp11ConnectionAsync(HttpRequestMessage request, Boolean async, CancellationToken cancellationToken)
   at System.Net.Http.HttpConnectionPool.InjectNewHttp11ConnectionAsync(QueueItem queueItem)
   at System.Threading.Tasks.TaskCompletionSourceWithCancellation`1.WaitWithCancellationAsync(CancellationToken cancellationToken)
   at System.Net.Http.HttpConnectionPool.SendWithVersionDetectionAndRetryAsync(HttpRequestMessage request, Boolean async, Boolean doRequestAuth, CancellationToken cancellationToken)
   at System.Net.Http.RedirectHandler.SendAsync(HttpRequestMessage request, Boolean async, CancellationToken cancellationToken)
   at System.Net.Http.HttpClient.<SendAsync>g__Core|83_0(HttpRequestMessage request, HttpCompletionOption completionOption, CancellationTokenSource cts, Boolean disposeCts, CancellationTokenSource pendingRequestsCts, CancellationToken originalCancellationToken)
   at TMDbLib.Rest.RestRequest.SendInternal(HttpMethod method, CancellationToken cancellationToken)
   at TMDbLib.Rest.RestRequest.Get[T](CancellationToken cancellationToken)
   at TMDbLib.Client.TMDbClient.GetTvEpisodeAsync(Int32 tvShowId, Int32 seasonNumber, Int64 episodeNumber, TvEpisodeMethods extraMethods, String language, String includeImageLanguage, CancellationToken cancellationToken)
   at MediaBrowser.Providers.Plugins.Tmdb.TmdbClientManager.GetEpisodeAsync(Int32 tvShowId, Int32 seasonNumber, Int64 episodeNumber, String displayOrder, String language, String imageLanguages, String countryCode, CancellationToken cancellationToken)
   at MediaBrowser.Providers.Plugins.Tmdb.TV.TmdbEpisodeProvider.GetMetadata(EpisodeInfo info, CancellationToken cancellationToken)
   at MediaBrowser.Providers.Manager.MetadataService`2.ExecuteRemoteProviders(MetadataResult`1 temp, String logName, Boolean replaceData, TIdType id, IEnumerable`1 providers, CancellationToken cancellationToken)
[2026-09-19 08:00:26.674 +00:00] [ERR] [77] MediaBrowser.Providers.TV.EpisodeMetadataService: Error in "TheMovieDb" for "/media/tv/Bleach/Bleach.S17E22.MULTi.1080p.BluRay.x265-KAF.mkv"
System.Net.Http.HttpRequestException: Resource temporarily unavailable (api.themoviedb.org:443)
 ---> System.Net.Sockets.SocketException (00000001, 11): Resource temporarily unavailable
   at System.Net.Dns.GetHostEntryOrAddressesCore(String hostName, Boolean justAddresses, AddressFamily addressFamily, Nullable`1 activityOrDefault)
   at System.Net.Dns.<>c.<GetHostEntryOrAddressesCoreAsync>b__34_1(Object s, NameResolutionActivity activity)
   at System.Threading.Tasks.ContinuationResultTaskFromTask`1.InnerInvoke()
   at System.Threading.ExecutionContext.RunFromThreadPoolDispatchLoop(Thread threadPoolThread, ExecutionContext executionContext, ContextCallback callback, Object state)
--- End of stack trace from previous location ---
   at System.Threading.ExecutionContext.RunFromThreadPoolDispatchLoop(Thread threadPoolThread, ExecutionContext executionContext, ContextCallback callback, Object state)
   at System.Threading.Tasks.Task.ExecuteWithThreadLocal(Task& currentTaskSlot, Thread threadPoolThread)
--- End of stack trace from previous location ---
   at TMDbLib.Rest.HappyEyeballsCallback.GetAddressesAsync(String host, CancellationToken cancellationToken)
   at TMDbLib.Rest.HappyEyeballsCallback.ConnectAsync(SocketsHttpConnectionContext context, CancellationToken cancellationToken)
   at System.Net.Http.HttpConnectionPool.ConnectToTcpHostAsync(String host, Int32 port, HttpRequestMessage initialRequest, Boolean async, CancellationToken cancellationToken)
   --- End of inner exception stack trace ---
   at System.Net.Http.HttpConnectionPool.ConnectToTcpHostAsync(String host, Int32 port, HttpRequestMessage initialRequest, Boolean async, CancellationToken cancellationToken)
   at System.Net.Http.HttpConnectionPool.ConnectAsync(HttpRequestMessage request, Boolean async, CancellationToken cancellationToken)
   at System.Net.Http.HttpConnectionPool.CreateHttp11ConnectionAsync(HttpRequestMessage request, Boolean async, CancellationToken cancellationToken)
   at System.Net.Http.HttpConnectionPool.InjectNewHttp11ConnectionAsync(QueueItem queueItem)
   at System.Threading.Tasks.TaskCompletionSourceWithCancellation`1.WaitWithCancellationAsync(CancellationToken cancellationToken)
   at System.Net.Http.HttpConnectionPool.SendWithVersionDetectionAndRetryAsync(HttpRequestMessage request, Boolean async, Boolean doRequestAuth, CancellationToken cancellationToken)
   at System.Net.Http.RedirectHandler.SendAsync(HttpRequestMessage request, Boolean async, CancellationToken cancellationToken)
   at System.Net.Http.HttpClient.<SendAsync>g__Core|83_0(HttpRequestMessage request, HttpCompletionOption completionOption, CancellationTokenSource cts, Boolean disposeCts, CancellationTokenSource pendingRequestsCts, CancellationToken originalCancellationToken)
   at TMDbLib.Rest.RestRequest.SendInternal(HttpMethod method, CancellationToken cancellationToken)
   at TMDbLib.Rest.RestRequest.Get[T](CancellationToken cancellationToken)
   at TMDbLib.Client.TMDbClient.GetTvEpisodeAsync(Int32 tvShowId, Int32 seasonNumber, Int64 episodeNumber, TvEpisodeMethods extraMethods, String language, String includeImageLanguage, CancellationToken cancellationToken)
   at MediaBrowser.Providers.Plugins.Tmdb.TmdbClientManager.GetEpisodeAsync(Int32 tvShowId, Int32 seasonNumber, Int64 episodeNumber, String displayOrder, String language, String imageLanguages, String countryCode, CancellationToken cancellationToken)
   at MediaBrowser.Providers.Plugins.Tmdb.TV.TmdbEpisodeProvider.GetMetadata(EpisodeInfo info, CancellationToken cancellationToken)
   at MediaBrowser.Providers.Manager.MetadataService`2.ExecuteRemoteProviders(MetadataResult`1 temp, String logName, Boolean replaceData, TIdType id, IEnumerable`1 providers, CancellationToken cancellationToken)
[2026-09-19 08:00:26.878 +00:00] [ERR] [57] MediaBrowser.Providers.TV.EpisodeMetadataService: Error in "TheMovieDb" for "/media/tv/Bleach/Bleach.S17E23.MULTi.1080p.BluRay.x265-KAF.mkv"
System.Net.Http.HttpRequestException: Resource temporarily unavailable (api.themoviedb.org:443)
 ---> System.Net.Sockets.SocketException (00000001, 11): Resource temporarily unavailable
   at System.Net.Dns.GetHostEntryOrAddressesCore(String hostName, Boolean justAddresses, AddressFamily addressFamily, Nullable`1 activityOrDefault)
   at System.Net.Dns.<>c.<GetHostEntryOrAddressesCoreAsync>b__34_1(Object s, NameResolutionActivity activity)
   at System.Threading.Tasks.ContinuationResultTaskFromTask`1.InnerInvoke()
   at System.Threading.ExecutionContext.RunFromThreadPoolDispatchLoop(Thread threadPoolThread, ExecutionContext executionContext, ContextCallback callback, Object state)
--- End of stack trace from previous location ---
   at System.Threading.ExecutionContext.RunFromThreadPoolDispatchLoop(Thread threadPoolThread, ExecutionContext executionContext, ContextCallback callback, Object state)
   at System.Threading.Tasks.Task.ExecuteWithThreadLocal(Task& currentTaskSlot, Thread threadPoolThread)
--- End of stack trace from previous location ---
   at TMDbLib.Rest.HappyEyeballsCallback.GetAddressesAsync(String host, CancellationToken cancellationToken)
   at TMDbLib.Rest.HappyEyeballsCallback.ConnectAsync(SocketsHttpConnectionContext context, CancellationToken cancellationToken)
   at System.Net.Http.HttpConnectionPool.ConnectToTcpHostAsync(String host, Int32 port, HttpRequestMessage initialRequest, Boolean async, CancellationToken cancellationToken)
   --- End of inner exception stack trace ---
   at System.Net.Http.HttpConnectionPool.ConnectToTcpHostAsync(String host, Int32 port, HttpRequestMessage initialRequest, Boolean async, CancellationToken cancellationToken)
   at System.Net.Http.HttpConnectionPool.ConnectAsync(HttpRequestMessage request, Boolean async, CancellationToken cancellationToken)
   at System.Net.Http.HttpConnectionPool.CreateHttp11ConnectionAsync(HttpRequestMessage request, Boolean async, CancellationToken cancellationToken)
   at System.Net.Http.HttpConnectionPool.InjectNewHttp11ConnectionAsync(QueueItem queueItem)
   at System.Threading.Tasks.TaskCompletionSourceWithCancellation`1.WaitWithCancellationAsync(CancellationToken cancellationToken)
   at System.Net.Http.HttpConnectionPool.SendWithVersionDetectionAndRetryAsync(HttpRequestMessage request, Boolean async, Boolean doRequestAuth, CancellationToken cancellationToken)
   at System.Net.Http.RedirectHandler.SendAsync(HttpRequestMessage request, Boolean async, CancellationToken cancellationToken)
   at System.Net.Http.HttpClient.<SendAsync>g__Core|83_0(HttpRequestMessage request, HttpCompletionOption completionOption, CancellationTokenSource cts, Boolean disposeCts, CancellationTokenSource pendingRequestsCts, CancellationToken originalCancellationToken)
   at TMDbLib.Rest.RestRequest.SendInternal(HttpMethod method, CancellationToken cancellationToken)
   at TMDbLib.Rest.RestRequest.Get[T](CancellationToken cancellationToken)
   at TMDbLib.Client.TMDbClient.GetTvEpisodeAsync(Int32 tvShowId, Int32 seasonNumber, Int64 episodeNumber, TvEpisodeMethods extraMethods, String language, String includeImageLanguage, CancellationToken cancellationToken)
   at MediaBrowser.Providers.Plugins.Tmdb.TmdbClientManager.GetEpisodeAsync(Int32 tvShowId, Int32 seasonNumber, Int64 episodeNumber, String displayOrder, String language, String imageLanguages, String countryCode, CancellationToken cancellationToken)
   at MediaBrowser.Providers.Plugins.Tmdb.TV.TmdbEpisodeProvider.GetMetadata(EpisodeInfo info, CancellationToken cancellationToken)
   at MediaBrowser.Providers.Manager.MetadataService`2.ExecuteRemoteProviders(MetadataResult`1 temp, String logName, Boolean replaceData, TIdType id, IEnumerable`1 providers, CancellationToken cancellationToken)
[2026-09-19 08:00:27.086 +00:00] [ERR] [77] MediaBrowser.Providers.TV.EpisodeMetadataService: Error in "TheMovieDb" for "/media/tv/Bleach/Bleach.S17E24.MULTi.1080p.BluRay.x265-KAF.mkv"
System.Net.Http.HttpRequestException: Resource temporarily unavailable (api.themoviedb.org:443)
 ---> System.Net.Sockets.SocketException (00000001, 11): Resource temporarily unavailable
   at System.Net.Dns.GetHostEntryOrAddressesCore(String hostName, Boolean justAddresses, AddressFamily addressFamily, Nullable`1 activityOrDefault)
   at System.Net.Dns.<>c.<GetHostEntryOrAddressesCoreAsync>b__34_1(Object s, NameResolutionActivity activity)
   at System.Threading.Tasks.ContinuationResultTaskFromTask`1.InnerInvoke()
   at System.Threading.ExecutionContext.RunFromThreadPoolDispatchLoop(Thread threadPoolThread, ExecutionContext executionContext, ContextCallback callback, Object state)
--- End of stack trace from previous location ---
   at System.Threading.ExecutionContext.RunFromThreadPoolDispatchLoop(Thread threadPoolThread, ExecutionContext executionContext, ContextCallback callback, Object state)
   at System.Threading.Tasks.Task.ExecuteWithThreadLocal(Task& currentTaskSlot, Thread threadPoolThread)
--- End of stack trace from previous location ---
   at TMDbLib.Rest.HappyEyeballsCallback.GetAddressesAsync(String host, CancellationToken cancellationToken)
   at TMDbLib.Rest.HappyEyeballsCallback.ConnectAsync(SocketsHttpConnectionContext context, CancellationToken cancellationToken)
   at System.Net.Http.HttpConnectionPool.ConnectToTcpHostAsync(String host, Int32 port, HttpRequestMessage initialRequest, Boolean async, CancellationToken cancellationToken)
   --- End of inner exception stack trace ---
   at System.Net.Http.HttpConnectionPool.ConnectToTcpHostAsync(String host, Int32 port, HttpRequestMessage initialRequest, Boolean async, CancellationToken cancellationToken)
   at System.Net.Http.HttpConnectionPool.ConnectAsync(HttpRequestMessage request, Boolean async, CancellationToken cancellationToken)
   at System.Net.Http.HttpConnectionPool.CreateHttp11ConnectionAsync(HttpRequestMessage request, Boolean async, CancellationToken cancellationToken)
   at System.Net.Http.HttpConnectionPool.InjectNewHttp11ConnectionAsync(QueueItem queueItem)
   at System.Threading.Tasks.TaskCompletionSourceWithCancellation`1.WaitWithCancellationAsync(CancellationToken cancellationToken)
   at System.Net.Http.HttpConnectionPool.SendWithVersionDetectionAndRetryAsync(HttpRequestMessage request, Boolean async, Boolean doRequestAuth, CancellationToken cancellationToken)
   at System.Net.Http.RedirectHandler.SendAsync(HttpRequestMessage request, Boolean async, CancellationToken cancellationToken)
   at System.Net.Http.HttpClient.<SendAsync>g__Core|83_0(HttpRequestMessage request, HttpCompletionOption completionOption, CancellationTokenSource cts, Boolean disposeCts, CancellationTokenSource pendingRequestsCts, CancellationToken originalCancellationToken)
   at TMDbLib.Rest.RestRequest.SendInternal(HttpMethod method, CancellationToken cancellationToken)
   at TMDbLib.Rest.RestRequest.Get[T](CancellationToken cancellationToken)
   at TMDbLib.Client.TMDbClient.GetTvEpisodeAsync(Int32 tvShowId, Int32 seasonNumber, Int64 episodeNumber, TvEpisodeMethods extraMethods, String language, String includeImageLanguage, CancellationToken cancellationToken)
   at MediaBrowser.Providers.Plugins.Tmdb.TmdbClientManager.GetEpisodeAsync(Int32 tvShowId, Int32 seasonNumber, Int64 episodeNumber, String displayOrder, String language, String imageLanguages, String countryCode, CancellationToken cancellationToken)
   at MediaBrowser.Providers.Plugins.Tmdb.TV.TmdbEpisodeProvider.GetMetadata(EpisodeInfo info, CancellationToken cancellationToken)
   at MediaBrowser.Providers.Manager.MetadataService`2.ExecuteRemoteProviders(MetadataResult`1 temp, String logName, Boolean replaceData, TIdType id, IEnumerable`1 providers, CancellationToken cancellationToken)
[2026-09-19 08:00:27.302 +00:00] [ERR] [57] MediaBrowser.Providers.TV.EpisodeMetadataService: Error in "TheMovieDb" for "/media/tv/Bleach/Bleach.S17E25.MULTi.1080p.BluRay.x265-KAF.mkv"
System.Net.Http.HttpRequestException: Resource temporarily unavailable (api.themoviedb.org:443)
 ---> System.Net.Sockets.SocketException (00000001, 11): Resource temporarily unavailable
   at System.Net.Dns.GetHostEntryOrAddressesCore(String hostName, Boolean justAddresses, AddressFamily addressFamily, Nullable`1 activityOrDefault)
   at System.Net.Dns.<>c.<GetHostEntryOrAddressesCoreAsync>b__34_1(Object s, NameResolutionActivity activity)
   at System.Threading.Tasks.ContinuationResultTaskFromTask`1.InnerInvoke()
   at System.Threading.ExecutionContext.RunFromThreadPoolDispatchLoop(Thread threadPoolThread, ExecutionContext executionContext, ContextCallback callback, Object state)
--- End of stack trace from previous location ---
   at System.Threading.ExecutionContext.RunFromThreadPoolDispatchLoop(Thread threadPoolThread, ExecutionContext executionContext, ContextCallback callback, Object state)
   at System.Threading.Tasks.Task.ExecuteWithThreadLocal(Task& currentTaskSlot, Thread threadPoolThread)
--- End of stack trace from previous location ---
   at TMDbLib.Rest.HappyEyeballsCallback.GetAddressesAsync(String host, CancellationToken cancellationToken)
   at TMDbLib.Rest.HappyEyeballsCallback.ConnectAsync(SocketsHttpConnectionContext context, CancellationToken cancellationToken)
   at System.Net.Http.HttpConnectionPool.ConnectToTcpHostAsync(String host, Int32 port, HttpRequestMessage initialRequest, Boolean async, CancellationToken cancellationToken)
   --- End of inner exception stack trace ---
   at System.Net.Http.HttpConnectionPool.ConnectToTcpHostAsync(String host, Int32 port, HttpRequestMessage initialRequest, Boolean async, CancellationToken cancellationToken)
   at System.Net.Http.HttpConnectionPool.ConnectAsync(HttpRequestMessage request, Boolean async, CancellationToken cancellationToken)
   at System.Net.Http.HttpConnectionPool.CreateHttp11ConnectionAsync(HttpRequestMessage request, Boolean async, CancellationToken cancellationToken)
   at System.Net.Http.HttpConnectionPool.InjectNewHttp11ConnectionAsync(QueueItem queueItem)
   at System.Threading.Tasks.TaskCompletionSourceWithCancellation`1.WaitWithCancellationAsync(CancellationToken cancellationToken)
   at System.Net.Http.HttpConnectionPool.SendWithVersionDetectionAndRetryAsync(HttpRequestMessage request, Boolean async, Boolean doRequestAuth, CancellationToken cancellationToken)
   at System.Net.Http.RedirectHandler.SendAsync(HttpRequestMessage request, Boolean async, CancellationToken cancellationToken)
   at System.Net.Http.HttpClient.<SendAsync>g__Core|83_0(HttpRequestMessage request, HttpCompletionOption completionOption, CancellationTokenSource cts, Boolean disposeCts, CancellationTokenSource pendingRequestsCts, CancellationToken originalCancellationToken)
   at TMDbLib.Rest.RestRequest.SendInternal(HttpMethod method, CancellationToken cancellationToken)
   at TMDbLib.Rest.RestRequest.Get[T](CancellationToken cancellationToken)
   at TMDbLib.Client.TMDbClient.GetTvEpisodeAsync(Int32 tvShowId, Int32 seasonNumber, Int64 episodeNumber, TvEpisodeMethods extraMethods, String language, String includeImageLanguage, CancellationToken cancellationToken)
   at MediaBrowser.Providers.Plugins.Tmdb.TmdbClientManager.GetEpisodeAsync(Int32 tvShowId, Int32 seasonNumber, Int64 episodeNumber, String displayOrder, String language, String imageLanguages, String countryCode, CancellationToken cancellationToken)
   at MediaBrowser.Providers.Plugins.Tmdb.TV.TmdbEpisodeProvider.GetMetadata(EpisodeInfo info, CancellationToken cancellationToken)
   at MediaBrowser.Providers.Manager.MetadataService`2.ExecuteRemoteProviders(MetadataResult`1 temp, String logName, Boolean replaceData, TIdType id, IEnumerable`1 providers, CancellationToken cancellationToken)
[2026-09-19 08:00:27.563 +00:00] [ERR] [37] MediaBrowser.Providers.TV.EpisodeMetadataService: Error in "TheMovieDb" for "/media/tv/Bleach/Bleach.S17E26.MULTi.1080p.BluRay.x265-KAF.mkv"
System.Net.Http.HttpRequestException: Resource temporarily unavailable (api.themoviedb.org:443)
 ---> System.Net.Sockets.SocketException (00000001, 11): Resource temporarily unavailable
   at System.Net.Dns.GetHostEntryOrAddressesCore(String hostName, Boolean justAddresses, AddressFamily addressFamily, Nullable`1 activityOrDefault)
   at System.Net.Dns.<>c.<GetHostEntryOrAddressesCoreAsync>b__34_1(Object s, NameResolutionActivity activity)
   at System.Threading.Tasks.ContinuationResultTaskFromTask`1.InnerInvoke()
   at System.Threading.ExecutionContext.RunFromThreadPoolDispatchLoop(Thread threadPoolThread, ExecutionContext executionContext, ContextCallback callback, Object state)
--- End of stack trace from previous location ---
   at System.Threading.ExecutionContext.RunFromThreadPoolDispatchLoop(Thread threadPoolThread, ExecutionContext executionContext, ContextCallback callback, Object state)
   at System.Threading.Tasks.Task.ExecuteWithThreadLocal(Task& currentTaskSlot, Thread threadPoolThread)
--- End of stack trace from previous location ---
   at TMDbLib.Rest.HappyEyeballsCallback.GetAddressesAsync(String host, CancellationToken cancellationToken)
   at TMDbLib.Rest.HappyEyeballsCallback.ConnectAsync(SocketsHttpConnectionContext context, CancellationToken cancellationToken)
   at System.Net.Http.HttpConnectionPool.ConnectToTcpHostAsync(String host, Int32 port, HttpRequestMessage initialRequest, Boolean async, CancellationToken cancellationToken)
   --- End of inner exception stack trace ---
   at System.Net.Http.HttpConnectionPool.ConnectToTcpHostAsync(String host, Int32 port, HttpRequestMessage initialRequest, Boolean async, CancellationToken cancellationToken)
   at System.Net.Http.HttpConnectionPool.ConnectAsync(HttpRequestMessage request, Boolean async, CancellationToken cancellationToken)
   at System.Net.Http.HttpConnectionPool.CreateHttp11ConnectionAsync(HttpRequestMessage request, Boolean async, CancellationToken cancellationToken)
   at System.Net.Http.HttpConnectionPool.InjectNewHttp11ConnectionAsync(QueueItem queueItem)
   at System.Threading.Tasks.TaskCompletionSourceWithCancellation`1.WaitWithCancellationAsync(CancellationToken cancellationToken)
   at System.Net.Http.HttpConnectionPool.SendWithVersionDetectionAndRetryAsync(HttpRequestMessage request, Boolean async, Boolean doRequestAuth, CancellationToken cancellationToken)
   at System.Net.Http.RedirectHandler.SendAsync(HttpRequestMessage request, Boolean async, CancellationToken cancellationToken)
   at System.Net.Http.HttpClient.<SendAsync>g__Core|83_0(HttpRequestMessage request, HttpCompletionOption completionOption, CancellationTokenSource cts, Boolean disposeCts, CancellationTokenSource pendingRequestsCts, CancellationToken originalCancellationToken)
   at TMDbLib.Rest.RestRequest.SendInternal(HttpMethod method, CancellationToken cancellationToken)
   at TMDbLib.Rest.RestRequest.Get[T](CancellationToken cancellationToken)
   at TMDbLib.Client.TMDbClient.GetTvEpisodeAsync(Int32 tvShowId, Int32 seasonNumber, Int64 episodeNumber, TvEpisodeMethods extraMethods, String language, String includeImageLanguage, CancellationToken cancellationToken)
   at MediaBrowser.Providers.Plugins.Tmdb.TmdbClientManager.GetEpisodeAsync(Int32 tvShowId, Int32 seasonNumber, Int64 episodeNumber, String displayOrder, String language, String imageLanguages, String countryCode, CancellationToken cancellationToken)
   at MediaBrowser.Providers.Plugins.Tmdb.TV.TmdbEpisodeProvider.GetMetadata(EpisodeInfo info, CancellationToken cancellationToken)
   at MediaBrowser.Providers.Manager.MetadataService`2.ExecuteRemoteProviders(MetadataResult`1 temp, String logName, Boolean replaceData, TIdType id, IEnumerable`1 providers, CancellationToken cancellationToken)
[2026-09-19 12:09:56.835 +00:00] [INF] [24] Emby.Server.Implementations.IO.LibraryMonitor: Stopping directory watching for path "/media/movies"
[2026-09-19 12:09:56.837 +00:00] [INF] [24] Emby.Server.Implementations.IO.LibraryMonitor: Stopping directory watching for path "/media/tv"
[2026-09-19 12:09:56.837 +00:00] [INF] [24] Emby.Server.Implementations.Library.LibraryManager: Validating media library
[2026-09-19 12:09:56.860 +00:00] [WRN] [24] MediaBrowser.Controller.Entities.BaseItem: Library folder "/config/data/data/playlists" is inaccessible or empty, skipping
[2026-09-19 12:09:56.870 +00:00] [WRN] [26] MediaBrowser.Controller.Entities.BaseItem: Library folder "/config/data/data/playlists" is inaccessible or empty, skipping
[2026-09-19 12:10:04.860 +00:00] [ERR] [80] MediaBrowser.Providers.TV.EpisodeMetadataService: Error in "TheMovieDb" for "/media/tv/Bleach/Bleach.S17E01.MULTi.1080p.BluRay.x265-KAF.mkv"
System.Net.Http.HttpRequestException: Resource temporarily unavailable (api.themoviedb.org:443)
 ---> System.Net.Sockets.SocketException (00000001, 11): Resource temporarily unavailable
   at System.Net.Dns.GetHostEntryOrAddressesCore(String hostName, Boolean justAddresses, AddressFamily addressFamily, Nullable`1 activityOrDefault)
   at System.Net.Dns.<>c.<GetHostEntryOrAddressesCoreAsync>b__34_1(Object s, NameResolutionActivity activity)
   at System.Threading.Tasks.ContinuationResultTaskFromTask`1.InnerInvoke()
   at System.Threading.ExecutionContext.RunFromThreadPoolDispatchLoop(Thread threadPoolThread, ExecutionContext executionContext, ContextCallback callback, Object state)
--- End of stack trace from previous location ---
   at System.Threading.ExecutionContext.RunFromThreadPoolDispatchLoop(Thread threadPoolThread, ExecutionContext executionContext, ContextCallback callback, Object state)
   at System.Threading.Tasks.Task.ExecuteWithThreadLocal(Task& currentTaskSlot, Thread threadPoolThread)
--- End of stack trace from previous location ---
   at TMDbLib.Rest.HappyEyeballsCallback.GetAddressesAsync(String host, CancellationToken cancellationToken)
   at TMDbLib.Rest.HappyEyeballsCallback.ConnectAsync(SocketsHttpConnectionContext context, CancellationToken cancellationToken)
   at System.Net.Http.HttpConnectionPool.ConnectToTcpHostAsync(String host, Int32 port, HttpRequestMessage initialRequest, Boolean async, CancellationToken cancellationToken)
   --- End of inner exception stack trace ---
   at System.Net.Http.HttpConnectionPool.ConnectToTcpHostAsync(String host, Int32 port, HttpRequestMessage initialRequest, Boolean async, CancellationToken cancellationToken)
   at System.Net.Http.HttpConnectionPool.ConnectAsync(HttpRequestMessage request, Boolean async, CancellationToken cancellationToken)
   at System.Net.Http.HttpConnectionPool.CreateHttp11ConnectionAsync(HttpRequestMessage request, Boolean async, CancellationToken cancellationToken)
   at System.Net.Http.HttpConnectionPool.InjectNewHttp11ConnectionAsync(QueueItem queueItem)
   at System.Threading.Tasks.TaskCompletionSourceWithCancellation`1.WaitWithCancellationAsync(CancellationToken cancellationToken)
   at System.Net.Http.HttpConnectionPool.SendWithVersionDetectionAndRetryAsync(HttpRequestMessage request, Boolean async, Boolean doRequestAuth, CancellationToken cancellationToken)
   at System.Net.Http.RedirectHandler.SendAsync(HttpRequestMessage request, Boolean async, CancellationToken cancellationToken)
   at System.Net.Http.HttpClient.<SendAsync>g__Core|83_0(HttpRequestMessage request, HttpCompletionOption completionOption, CancellationTokenSource cts, Boolean disposeCts, CancellationTokenSource pendingRequestsCts, CancellationToken originalCancellationToken)
   at TMDbLib.Rest.RestRequest.SendInternal(HttpMethod method, CancellationToken cancellationToken)
   at TMDbLib.Rest.RestRequest.Get[T](CancellationToken cancellationToken)
   at TMDbLib.Client.TMDbClient.GetTvEpisodeAsync(Int32 tvShowId, Int32 seasonNumber, Int64 episodeNumber, TvEpisodeMethods extraMethods, String language, String includeImageLanguage, CancellationToken cancellationToken)
   at MediaBrowser.Providers.Plugins.Tmdb.TmdbClientManager.GetEpisodeAsync(Int32 tvShowId, Int32 seasonNumber, Int64 episodeNumber, String displayOrder, String language, String imageLanguages, String countryCode, CancellationToken cancellationToken)
   at MediaBrowser.Providers.Plugins.Tmdb.TV.TmdbEpisodeProvider.GetMetadata(EpisodeInfo info, CancellationToken cancellationToken)
   at MediaBrowser.Providers.Manager.MetadataService`2.ExecuteRemoteProviders(MetadataResult`1 temp, String logName, Boolean replaceData, TIdType id, IEnumerable`1 providers, CancellationToken cancellationToken)
[2026-09-19 12:10:05.080 +00:00] [ERR] [77] MediaBrowser.Providers.TV.EpisodeMetadataService: Error in "TheMovieDb" for "/media/tv/Bleach/Bleach.S17E02.MULTi.1080p.BluRay.x265-KAF.mkv"
System.Net.Http.HttpRequestException: Resource temporarily unavailable (api.themoviedb.org:443)
 ---> System.Net.Sockets.SocketException (00000001, 11): Resource temporarily unavailable
   at System.Net.Dns.GetHostEntryOrAddressesCore(String hostName, Boolean justAddresses, AddressFamily addressFamily, Nullable`1 activityOrDefault)
   at System.Net.Dns.<>c.<GetHostEntryOrAddressesCoreAsync>b__34_1(Object s, NameResolutionActivity activity)
   at System.Threading.Tasks.ContinuationResultTaskFromTask`1.InnerInvoke()
   at System.Threading.ExecutionContext.RunFromThreadPoolDispatchLoop(Thread threadPoolThread, ExecutionContext executionContext, ContextCallback callback, Object state)
--- End of stack trace from previous location ---
   at System.Threading.ExecutionContext.RunFromThreadPoolDispatchLoop(Thread threadPoolThread, ExecutionContext executionContext, ContextCallback callback, Object state)
   at System.Threading.Tasks.Task.ExecuteWithThreadLocal(Task& currentTaskSlot, Thread threadPoolThread)
--- End of stack trace from previous location ---
   at TMDbLib.Rest.HappyEyeballsCallback.GetAddressesAsync(String host, CancellationToken cancellationToken)
   at TMDbLib.Rest.HappyEyeballsCallback.ConnectAsync(SocketsHttpConnectionContext context, CancellationToken cancellationToken)
   at System.Net.Http.HttpConnectionPool.ConnectToTcpHostAsync(String host, Int32 port, HttpRequestMessage initialRequest, Boolean async, CancellationToken cancellationToken)
   --- End of inner exception stack trace ---
   at System.Net.Http.HttpConnectionPool.ConnectToTcpHostAsync(String host, Int32 port, HttpRequestMessage initialRequest, Boolean async, CancellationToken cancellationToken)
   at System.Net.Http.HttpConnectionPool.ConnectAsync(HttpRequestMessage request, Boolean async, CancellationToken cancellationToken)
   at System.Net.Http.HttpConnectionPool.CreateHttp11ConnectionAsync(HttpRequestMessage request, Boolean async, CancellationToken cancellationToken)
   at System.Net.Http.HttpConnectionPool.InjectNewHttp11ConnectionAsync(QueueItem queueItem)
   at System.Threading.Tasks.TaskCompletionSourceWithCancellation`1.WaitWithCancellationAsync(CancellationToken cancellationToken)
   at System.Net.Http.HttpConnectionPool.SendWithVersionDetectionAndRetryAsync(HttpRequestMessage request, Boolean async, Boolean doRequestAuth, CancellationToken cancellationToken)
   at System.Net.Http.RedirectHandler.SendAsync(HttpRequestMessage request, Boolean async, CancellationToken cancellationToken)
   at System.Net.Http.HttpClient.<SendAsync>g__Core|83_0(HttpRequestMessage request, HttpCompletionOption completionOption, CancellationTokenSource cts, Boolean disposeCts, CancellationTokenSource pendingRequestsCts, CancellationToken originalCancellationToken)
   at TMDbLib.Rest.RestRequest.SendInternal(HttpMethod method, CancellationToken cancellationToken)
   at TMDbLib.Rest.RestRequest.Get[T](CancellationToken cancellationToken)
   at TMDbLib.Client.TMDbClient.GetTvEpisodeAsync(Int32 tvShowId, Int32 seasonNumber, Int64 episodeNumber, TvEpisodeMethods extraMethods, String language, String includeImageLanguage, CancellationToken cancellationToken)
   at MediaBrowser.Providers.Plugins.Tmdb.TmdbClientManager.GetEpisodeAsync(Int32 tvShowId, Int32 seasonNumber, Int64 episodeNumber, String displayOrder, String language, String imageLanguages, String countryCode, CancellationToken cancellationToken)
   at MediaBrowser.Providers.Plugins.Tmdb.TV.TmdbEpisodeProvider.GetMetadata(EpisodeInfo info, CancellationToken cancellationToken)
   at MediaBrowser.Providers.Manager.MetadataService`2.ExecuteRemoteProviders(MetadataResult`1 temp, String logName, Boolean replaceData, TIdType id, IEnumerable`1 providers, CancellationToken cancellationToken)
[2026-09-19 12:10:05.272 +00:00] [ERR] [80] MediaBrowser.Providers.TV.EpisodeMetadataService: Error in "TheMovieDb" for "/media/tv/Bleach/Bleach.S17E03.MULTi.1080p.BluRay.x265-KAF.mkv"
System.Net.Http.HttpRequestException: Resource temporarily unavailable (api.themoviedb.org:443)
 ---> System.Net.Sockets.SocketException (00000001, 11): Resource temporarily unavailable
   at System.Net.Dns.GetHostEntryOrAddressesCore(String hostName, Boolean justAddresses, AddressFamily addressFamily, Nullable`1 activityOrDefault)
   at System.Net.Dns.<>c.<GetHostEntryOrAddressesCoreAsync>b__34_1(Object s, NameResolutionActivity activity)
   at System.Threading.Tasks.ContinuationResultTaskFromTask`1.InnerInvoke()
   at System.Threading.ExecutionContext.RunFromThreadPoolDispatchLoop(Thread threadPoolThread, ExecutionContext executionContext, ContextCallback callback, Object state)
--- End of stack trace from previous location ---
   at System.Threading.ExecutionContext.RunFromThreadPoolDispatchLoop(Thread threadPoolThread, ExecutionContext executionContext, ContextCallback callback, Object state)
   at System.Threading.Tasks.Task.ExecuteWithThreadLocal(Task& currentTaskSlot, Thread threadPoolThread)
--- End of stack trace from previous location ---
   at TMDbLib.Rest.HappyEyeballsCallback.GetAddressesAsync(String host, CancellationToken cancellationToken)
   at TMDbLib.Rest.HappyEyeballsCallback.ConnectAsync(SocketsHttpConnectionContext context, CancellationToken cancellationToken)
   at System.Net.Http.HttpConnectionPool.ConnectToTcpHostAsync(String host, Int32 port, HttpRequestMessage initialRequest, Boolean async, CancellationToken cancellationToken)
   --- End of inner exception stack trace ---
   at System.Net.Http.HttpConnectionPool.ConnectToTcpHostAsync(String host, Int32 port, HttpRequestMessage initialRequest, Boolean async, CancellationToken cancellationToken)
   at System.Net.Http.HttpConnectionPool.ConnectAsync(HttpRequestMessage request, Boolean async, CancellationToken cancellationToken)
   at System.Net.Http.HttpConnectionPool.CreateHttp11ConnectionAsync(HttpRequestMessage request, Boolean async, CancellationToken cancellationToken)
   at System.Net.Http.HttpConnectionPool.InjectNewHttp11ConnectionAsync(QueueItem queueItem)
   at System.Threading.Tasks.TaskCompletionSourceWithCancellation`1.WaitWithCancellationAsync(CancellationToken cancellationToken)
   at System.Net.Http.HttpConnectionPool.SendWithVersionDetectionAndRetryAsync(HttpRequestMessage request, Boolean async, Boolean doRequestAuth, CancellationToken cancellationToken)
   at System.Net.Http.RedirectHandler.SendAsync(HttpRequestMessage request, Boolean async, CancellationToken cancellationToken)
   at System.Net.Http.HttpClient.<SendAsync>g__Core|83_0(HttpRequestMessage request, HttpCompletionOption completionOption, CancellationTokenSource cts, Boolean disposeCts, CancellationTokenSource pendingRequestsCts, CancellationToken originalCancellationToken)
   at TMDbLib.Rest.RestRequest.SendInternal(HttpMethod method, CancellationToken cancellationToken)
   at TMDbLib.Rest.RestRequest.Get[T](CancellationToken cancellationToken)
   at TMDbLib.Client.TMDbClient.GetTvEpisodeAsync(Int32 tvShowId, Int32 seasonNumber, Int64 episodeNumber, TvEpisodeMethods extraMethods, String language, String includeImageLanguage, CancellationToken cancellationToken)
   at MediaBrowser.Providers.Plugins.Tmdb.TmdbClientManager.GetEpisodeAsync(Int32 tvShowId, Int32 seasonNumber, Int64 episodeNumber, String displayOrder, String language, String imageLanguages, String countryCode, CancellationToken cancellationToken)
   at MediaBrowser.Providers.Plugins.Tmdb.TV.TmdbEpisodeProvider.GetMetadata(EpisodeInfo info, CancellationToken cancellationToken)
   at MediaBrowser.Providers.Manager.MetadataService`2.ExecuteRemoteProviders(MetadataResult`1 temp, String logName, Boolean replaceData, TIdType id, IEnumerable`1 providers, CancellationToken cancellationToken)
[2026-09-19 12:10:05.453 +00:00] [ERR] [85] MediaBrowser.Providers.TV.EpisodeMetadataService: Error in "TheMovieDb" for "/media/tv/Bleach/Bleach.S17E04.MULTi.1080p.BluRay.x265-KAF.mkv"
System.Net.Http.HttpRequestException: Resource temporarily unavailable (api.themoviedb.org:443)
 ---> System.Net.Sockets.SocketException (00000001, 11): Resource temporarily unavailable
   at System.Net.Dns.GetHostEntryOrAddressesCore(String hostName, Boolean justAddresses, AddressFamily addressFamily, Nullable`1 activityOrDefault)
   at System.Net.Dns.<>c.<GetHostEntryOrAddressesCoreAsync>b__34_1(Object s, NameResolutionActivity activity)
   at System.Threading.Tasks.ContinuationResultTaskFromTask`1.InnerInvoke()
   at System.Threading.ExecutionContext.RunFromThreadPoolDispatchLoop(Thread threadPoolThread, ExecutionContext executionContext, ContextCallback callback, Object state)
--- End of stack trace from previous location ---
   at System.Threading.ExecutionContext.RunFromThreadPoolDispatchLoop(Thread threadPoolThread, ExecutionContext executionContext, ContextCallback callback, Object state)
   at System.Threading.Tasks.Task.ExecuteWithThreadLocal(Task& currentTaskSlot, Thread threadPoolThread)
--- End of stack trace from previous location ---
   at TMDbLib.Rest.HappyEyeballsCallback.GetAddressesAsync(String host, CancellationToken cancellationToken)
   at TMDbLib.Rest.HappyEyeballsCallback.ConnectAsync(SocketsHttpConnectionContext context, CancellationToken cancellationToken)
   at System.Net.Http.HttpConnectionPool.ConnectToTcpHostAsync(String host, Int32 port, HttpRequestMessage initialRequest, Boolean async, CancellationToken cancellationToken)
   --- End of inner exception stack trace ---
   at System.Net.Http.HttpConnectionPool.ConnectToTcpHostAsync(String host, Int32 port, HttpRequestMessage initialRequest, Boolean async, CancellationToken cancellationToken)
   at System.Net.Http.HttpConnectionPool.ConnectAsync(HttpRequestMessage request, Boolean async, CancellationToken cancellationToken)
   at System.Net.Http.HttpConnectionPool.CreateHttp11ConnectionAsync(HttpRequestMessage request, Boolean async, CancellationToken cancellationToken)
   at System.Net.Http.HttpConnectionPool.InjectNewHttp11ConnectionAsync(QueueItem queueItem)
   at System.Threading.Tasks.TaskCompletionSourceWithCancellation`1.WaitWithCancellationAsync(CancellationToken cancellationToken)
   at System.Net.Http.HttpConnectionPool.SendWithVersionDetectionAndRetryAsync(HttpRequestMessage request, Boolean async, Boolean doRequestAuth, CancellationToken cancellationToken)
   at System.Net.Http.RedirectHandler.SendAsync(HttpRequestMessage request, Boolean async, CancellationToken cancellationToken)
   at System.Net.Http.HttpClient.<SendAsync>g__Core|83_0(HttpRequestMessage request, HttpCompletionOption completionOption, CancellationTokenSource cts, Boolean disposeCts, CancellationTokenSource pendingRequestsCts, CancellationToken originalCancellationToken)
   at TMDbLib.Rest.RestRequest.SendInternal(HttpMethod method, CancellationToken cancellationToken)
   at TMDbLib.Rest.RestRequest.Get[T](CancellationToken cancellationToken)
   at TMDbLib.Client.TMDbClient.GetTvEpisodeAsync(Int32 tvShowId, Int32 seasonNumber, Int64 episodeNumber, TvEpisodeMethods extraMethods, String language, String includeImageLanguage, CancellationToken cancellationToken)
   at MediaBrowser.Providers.Plugins.Tmdb.TmdbClientManager.GetEpisodeAsync(Int32 tvShowId, Int32 seasonNumber, Int64 episodeNumber, String displayOrder, String language, String imageLanguages, String countryCode, CancellationToken cancellationToken)
   at MediaBrowser.Providers.Plugins.Tmdb.TV.TmdbEpisodeProvider.GetMetadata(EpisodeInfo info, CancellationToken cancellationToken)
   at MediaBrowser.Providers.Manager.MetadataService`2.ExecuteRemoteProviders(MetadataResult`1 temp, String logName, Boolean replaceData, TIdType id, IEnumerable`1 providers, CancellationToken cancellationToken)
[2026-09-19 12:10:05.644 +00:00] [ERR] [85] MediaBrowser.Providers.TV.EpisodeMetadataService: Error in "TheMovieDb" for "/media/tv/Bleach/Bleach.S17E05.MULTi.1080p.BluRay.x265-KAF.mkv"
System.Net.Http.HttpRequestException: Resource temporarily unavailable (api.themoviedb.org:443)
 ---> System.Net.Sockets.SocketException (00000001, 11): Resource temporarily unavailable
   at System.Net.Dns.GetHostEntryOrAddressesCore(String hostName, Boolean justAddresses, AddressFamily addressFamily, Nullable`1 activityOrDefault)
   at System.Net.Dns.<>c.<GetHostEntryOrAddressesCoreAsync>b__34_1(Object s, NameResolutionActivity activity)
   at System.Threading.Tasks.ContinuationResultTaskFromTask`1.InnerInvoke()
   at System.Threading.ExecutionContext.RunFromThreadPoolDispatchLoop(Thread threadPoolThread, ExecutionContext executionContext, ContextCallback callback, Object state)
--- End of stack trace from previous location ---
   at System.Threading.ExecutionContext.RunFromThreadPoolDispatchLoop(Thread threadPoolThread, ExecutionContext executionContext, ContextCallback callback, Object state)
   at System.Threading.Tasks.Task.ExecuteWithThreadLocal(Task& currentTaskSlot, Thread threadPoolThread)
--- End of stack trace from previous location ---
   at TMDbLib.Rest.HappyEyeballsCallback.GetAddressesAsync(String host, CancellationToken cancellationToken)
   at TMDbLib.Rest.HappyEyeballsCallback.ConnectAsync(SocketsHttpConnectionContext context, CancellationToken cancellationToken)
   at System.Net.Http.HttpConnectionPool.ConnectToTcpHostAsync(String host, Int32 port, HttpRequestMessage initialRequest, Boolean async, CancellationToken cancellationToken)
   --- End of inner exception stack trace ---
   at System.Net.Http.HttpConnectionPool.ConnectToTcpHostAsync(String host, Int32 port, HttpRequestMessage initialRequest, Boolean async, CancellationToken cancellationToken)
   at System.Net.Http.HttpConnectionPool.ConnectAsync(HttpRequestMessage request, Boolean async, CancellationToken cancellationToken)
   at System.Net.Http.HttpConnectionPool.CreateHttp11ConnectionAsync(HttpRequestMessage request, Boolean async, CancellationToken cancellationToken)
   at System.Net.Http.HttpConnectionPool.InjectNewHttp11ConnectionAsync(QueueItem queueItem)
   at System.Threading.Tasks.TaskCompletionSourceWithCancellation`1.WaitWithCancellationAsync(CancellationToken cancellationToken)
   at System.Net.Http.HttpConnectionPool.SendWithVersionDetectionAndRetryAsync(HttpRequestMessage request, Boolean async, Boolean doRequestAuth, CancellationToken cancellationToken)
   at System.Net.Http.RedirectHandler.SendAsync(HttpRequestMessage request, Boolean async, CancellationToken cancellationToken)
   at System.Net.Http.HttpClient.<SendAsync>g__Core|83_0(HttpRequestMessage request, HttpCompletionOption completionOption, CancellationTokenSource cts, Boolean disposeCts, CancellationTokenSource pendingRequestsCts, CancellationToken originalCancellationToken)
   at TMDbLib.Rest.RestRequest.SendInternal(HttpMethod method, CancellationToken cancellationToken)
   at TMDbLib.Rest.RestRequest.Get[T](CancellationToken cancellationToken)
   at TMDbLib.Client.TMDbClient.GetTvEpisodeAsync(Int32 tvShowId, Int32 seasonNumber, Int64 episodeNumber, TvEpisodeMethods extraMethods, String language, String includeImageLanguage, CancellationToken cancellationToken)
   at MediaBrowser.Providers.Plugins.Tmdb.TmdbClientManager.GetEpisodeAsync(Int32 tvShowId, Int32 seasonNumber, Int64 episodeNumber, String displayOrder, String language, String imageLanguages, String countryCode, CancellationToken cancellationToken)
   at MediaBrowser.Providers.Plugins.Tmdb.TV.TmdbEpisodeProvider.GetMetadata(EpisodeInfo info, CancellationToken cancellationToken)
   at MediaBrowser.Providers.Manager.MetadataService`2.ExecuteRemoteProviders(MetadataResult`1 temp, String logName, Boolean replaceData, TIdType id, IEnumerable`1 providers, CancellationToken cancellationToken)
[2026-09-19 12:10:05.744 +00:00] [INF] [63] Emby.Server.Implementations.ScheduledTasks.TaskManager: "Media Segment Scan" Completed after 0 minute(s) and 8 seconds
[2026-09-19 12:10:05.824 +00:00] [ERR] [77] MediaBrowser.Providers.TV.EpisodeMetadataService: Error in "TheMovieDb" for "/media/tv/Bleach/Bleach.S17E06.MULTi.1080p.BluRay.x265-KAF.mkv"
System.Net.Http.HttpRequestException: Resource temporarily unavailable (api.themoviedb.org:443)
 ---> System.Net.Sockets.SocketException (00000001, 11): Resource temporarily unavailable
   at System.Net.Dns.GetHostEntryOrAddressesCore(String hostName, Boolean justAddresses, AddressFamily addressFamily, Nullable`1 activityOrDefault)
   at System.Net.Dns.<>c.<GetHostEntryOrAddressesCoreAsync>b__34_1(Object s, NameResolutionActivity activity)
   at System.Threading.Tasks.ContinuationResultTaskFromTask`1.InnerInvoke()
   at System.Threading.ExecutionContext.RunFromThreadPoolDispatchLoop(Thread threadPoolThread, ExecutionContext executionContext, ContextCallback callback, Object state)
--- End of stack trace from previous location ---
   at System.Threading.ExecutionContext.RunFromThreadPoolDispatchLoop(Thread threadPoolThread, ExecutionContext executionContext, ContextCallback callback, Object state)
   at System.Threading.Tasks.Task.ExecuteWithThreadLocal(Task& currentTaskSlot, Thread threadPoolThread)
--- End of stack trace from previous location ---
   at TMDbLib.Rest.HappyEyeballsCallback.GetAddressesAsync(String host, CancellationToken cancellationToken)
   at TMDbLib.Rest.HappyEyeballsCallback.ConnectAsync(SocketsHttpConnectionContext context, CancellationToken cancellationToken)
   at System.Net.Http.HttpConnectionPool.ConnectToTcpHostAsync(String host, Int32 port, HttpRequestMessage initialRequest, Boolean async, CancellationToken cancellationToken)
   --- End of inner exception stack trace ---
   at System.Net.Http.HttpConnectionPool.ConnectToTcpHostAsync(String host, Int32 port, HttpRequestMessage initialRequest, Boolean async, CancellationToken cancellationToken)
   at System.Net.Http.HttpConnectionPool.ConnectAsync(HttpRequestMessage request, Boolean async, CancellationToken cancellationToken)
   at System.Net.Http.HttpConnectionPool.CreateHttp11ConnectionAsync(HttpRequestMessage request, Boolean async, CancellationToken cancellationToken)
   at System.Net.Http.HttpConnectionPool.InjectNewHttp11ConnectionAsync(QueueItem queueItem)
   at System.Threading.Tasks.TaskCompletionSourceWithCancellation`1.WaitWithCancellationAsync(CancellationToken cancellationToken)
   at System.Net.Http.HttpConnectionPool.SendWithVersionDetectionAndRetryAsync(HttpRequestMessage request, Boolean async, Boolean doRequestAuth, CancellationToken cancellationToken)
   at System.Net.Http.RedirectHandler.SendAsync(HttpRequestMessage request, Boolean async, CancellationToken cancellationToken)
   at System.Net.Http.HttpClient.<SendAsync>g__Core|83_0(HttpRequestMessage request, HttpCompletionOption completionOption, CancellationTokenSource cts, Boolean disposeCts, CancellationTokenSource pendingRequestsCts, CancellationToken originalCancellationToken)
   at TMDbLib.Rest.RestRequest.SendInternal(HttpMethod method, CancellationToken cancellationToken)
   at TMDbLib.Rest.RestRequest.Get[T](CancellationToken cancellationToken)
   at TMDbLib.Client.TMDbClient.GetTvEpisodeAsync(Int32 tvShowId, Int32 seasonNumber, Int64 episodeNumber, TvEpisodeMethods extraMethods, String language, String includeImageLanguage, CancellationToken cancellationToken)
   at MediaBrowser.Providers.Plugins.Tmdb.TmdbClientManager.GetEpisodeAsync(Int32 tvShowId, Int32 seasonNumber, Int64 episodeNumber, String displayOrder, String language, String imageLanguages, String countryCode, CancellationToken cancellationToken)
   at MediaBrowser.Providers.Plugins.Tmdb.TV.TmdbEpisodeProvider.GetMetadata(EpisodeInfo info, CancellationToken cancellationToken)
   at MediaBrowser.Providers.Manager.MetadataService`2.ExecuteRemoteProviders(MetadataResult`1 temp, String logName, Boolean replaceData, TIdType id, IEnumerable`1 providers, CancellationToken cancellationToken)
[2026-09-19 12:10:05.980 +00:00] [ERR] [63] MediaBrowser.Providers.TV.EpisodeMetadataService: Error in "TheMovieDb" for "/media/tv/Bleach/Bleach.S17E07.MULTi.1080p.BluRay.x265-KAF.mkv"
System.Net.Http.HttpRequestException: Resource temporarily unavailable (api.themoviedb.org:443)
 ---> System.Net.Sockets.SocketException (00000001, 11): Resource temporarily unavailable
   at System.Net.Dns.GetHostEntryOrAddressesCore(String hostName, Boolean justAddresses, AddressFamily addressFamily, Nullable`1 activityOrDefault)
   at System.Net.Dns.<>c.<GetHostEntryOrAddressesCoreAsync>b__34_1(Object s, NameResolutionActivity activity)
   at System.Threading.Tasks.ContinuationResultTaskFromTask`1.InnerInvoke()
   at System.Threading.ExecutionContext.RunFromThreadPoolDispatchLoop(Thread threadPoolThread, ExecutionContext executionContext, ContextCallback callback, Object state)
--- End of stack trace from previous location ---
   at System.Threading.ExecutionContext.RunFromThreadPoolDispatchLoop(Thread threadPoolThread, ExecutionContext executionContext, ContextCallback callback, Object state)
   at System.Threading.Tasks.Task.ExecuteWithThreadLocal(Task& currentTaskSlot, Thread threadPoolThread)
--- End of stack trace from previous location ---
   at TMDbLib.Rest.HappyEyeballsCallback.GetAddressesAsync(String host, CancellationToken cancellationToken)
   at TMDbLib.Rest.HappyEyeballsCallback.ConnectAsync(SocketsHttpConnectionContext context, CancellationToken cancellationToken)
   at System.Net.Http.HttpConnectionPool.ConnectToTcpHostAsync(String host, Int32 port, HttpRequestMessage initialRequest, Boolean async, CancellationToken cancellationToken)
   --- End of inner exception stack trace ---
   at System.Net.Http.HttpConnectionPool.ConnectToTcpHostAsync(String host, Int32 port, HttpRequestMessage initialRequest, Boolean async, CancellationToken cancellationToken)
   at System.Net.Http.HttpConnectionPool.ConnectAsync(HttpRequestMessage request, Boolean async, CancellationToken cancellationToken)
   at System.Net.Http.HttpConnectionPool.CreateHttp11ConnectionAsync(HttpRequestMessage request, Boolean async, CancellationToken cancellationToken)
   at System.Net.Http.HttpConnectionPool.InjectNewHttp11ConnectionAsync(QueueItem queueItem)
   at System.Threading.Tasks.TaskCompletionSourceWithCancellation`1.WaitWithCancellationAsync(CancellationToken cancellationToken)
   at System.Net.Http.HttpConnectionPool.SendWithVersionDetectionAndRetryAsync(HttpRequestMessage request, Boolean async, Boolean doRequestAuth, CancellationToken cancellationToken)
   at System.Net.Http.RedirectHandler.SendAsync(HttpRequestMessage request, Boolean async, CancellationToken cancellationToken)
   at System.Net.Http.HttpClient.<SendAsync>g__Core|83_0(HttpRequestMessage request, HttpCompletionOption completionOption, CancellationTokenSource cts, Boolean disposeCts, CancellationTokenSource pendingRequestsCts, CancellationToken originalCancellationToken)
   at TMDbLib.Rest.RestRequest.SendInternal(HttpMethod method, CancellationToken cancellationToken)
   at TMDbLib.Rest.RestRequest.Get[T](CancellationToken cancellationToken)
   at TMDbLib.Client.TMDbClient.GetTvEpisodeAsync(Int32 tvShowId, Int32 seasonNumber, Int64 episodeNumber, TvEpisodeMethods extraMethods, String language, String includeImageLanguage, CancellationToken cancellationToken)
   at MediaBrowser.Providers.Plugins.Tmdb.TmdbClientManager.GetEpisodeAsync(Int32 tvShowId, Int32 seasonNumber, Int64 episodeNumber, String displayOrder, String language, String imageLanguages, String countryCode, CancellationToken cancellationToken)
   at MediaBrowser.Providers.Plugins.Tmdb.TV.TmdbEpisodeProvider.GetMetadata(EpisodeInfo info, CancellationToken cancellationToken)
   at MediaBrowser.Providers.Manager.MetadataService`2.ExecuteRemoteProviders(MetadataResult`1 temp, String logName, Boolean replaceData, TIdType id, IEnumerable`1 providers, CancellationToken cancellationToken)
[2026-09-19 12:10:06.164 +00:00] [ERR] [85] MediaBrowser.Providers.TV.EpisodeMetadataService: Error in "TheMovieDb" for "/media/tv/Bleach/Bleach.S17E08.MULTi.1080p.BluRay.x265-KAF.mkv"
System.Net.Http.HttpRequestException: Resource temporarily unavailable (api.themoviedb.org:443)
 ---> System.Net.Sockets.SocketException (00000001, 11): Resource temporarily unavailable
   at System.Net.Dns.GetHostEntryOrAddressesCore(String hostName, Boolean justAddresses, AddressFamily addressFamily, Nullable`1 activityOrDefault)
   at System.Net.Dns.<>c.<GetHostEntryOrAddressesCoreAsync>b__34_1(Object s, NameResolutionActivity activity)
   at System.Threading.Tasks.ContinuationResultTaskFromTask`1.InnerInvoke()
   at System.Threading.ExecutionContext.RunFromThreadPoolDispatchLoop(Thread threadPoolThread, ExecutionContext executionContext, ContextCallback callback, Object state)
--- End of stack trace from previous location ---
   at System.Threading.ExecutionContext.RunFromThreadPoolDispatchLoop(Thread threadPoolThread, ExecutionContext executionContext, ContextCallback callback, Object state)
   at System.Threading.Tasks.Task.ExecuteWithThreadLocal(Task& currentTaskSlot, Thread threadPoolThread)
--- End of stack trace from previous location ---
   at TMDbLib.Rest.HappyEyeballsCallback.GetAddressesAsync(String host, CancellationToken cancellationToken)
   at TMDbLib.Rest.HappyEyeballsCallback.ConnectAsync(SocketsHttpConnectionContext context, CancellationToken cancellationToken)
   at System.Net.Http.HttpConnectionPool.ConnectToTcpHostAsync(String host, Int32 port, HttpRequestMessage initialRequest, Boolean async, CancellationToken cancellationToken)
   --- End of inner exception stack trace ---
   at System.Net.Http.HttpConnectionPool.ConnectToTcpHostAsync(String host, Int32 port, HttpRequestMessage initialRequest, Boolean async, CancellationToken cancellationToken)
   at System.Net.Http.HttpConnectionPool.ConnectAsync(HttpRequestMessage request, Boolean async, CancellationToken cancellationToken)
   at System.Net.Http.HttpConnectionPool.CreateHttp11ConnectionAsync(HttpRequestMessage request, Boolean async, CancellationToken cancellationToken)
   at System.Net.Http.HttpConnectionPool.InjectNewHttp11ConnectionAsync(QueueItem queueItem)
   at System.Threading.Tasks.TaskCompletionSourceWithCancellation`1.WaitWithCancellationAsync(CancellationToken cancellationToken)
   at System.Net.Http.HttpConnectionPool.SendWithVersionDetectionAndRetryAsync(HttpRequestMessage request, Boolean async, Boolean doRequestAuth, CancellationToken cancellationToken)
   at System.Net.Http.RedirectHandler.SendAsync(HttpRequestMessage request, Boolean async, CancellationToken cancellationToken)
   at System.Net.Http.HttpClient.<SendAsync>g__Core|83_0(HttpRequestMessage request, HttpCompletionOption completionOption, CancellationTokenSource cts, Boolean disposeCts, CancellationTokenSource pendingRequestsCts, CancellationToken originalCancellationToken)
   at TMDbLib.Rest.RestRequest.SendInternal(HttpMethod method, CancellationToken cancellationToken)
   at TMDbLib.Rest.RestRequest.Get[T](CancellationToken cancellationToken)
   at TMDbLib.Client.TMDbClient.GetTvEpisodeAsync(Int32 tvShowId, Int32 seasonNumber, Int64 episodeNumber, TvEpisodeMethods extraMethods, String language, String includeImageLanguage, CancellationToken cancellationToken)
   at MediaBrowser.Providers.Plugins.Tmdb.TmdbClientManager.GetEpisodeAsync(Int32 tvShowId, Int32 seasonNumber, Int64 episodeNumber, String displayOrder, String language, String imageLanguages, String countryCode, CancellationToken cancellationToken)
   at MediaBrowser.Providers.Plugins.Tmdb.TV.TmdbEpisodeProvider.GetMetadata(EpisodeInfo info, CancellationToken cancellationToken)
   at MediaBrowser.Providers.Manager.MetadataService`2.ExecuteRemoteProviders(MetadataResult`1 temp, String logName, Boolean replaceData, TIdType id, IEnumerable`1 providers, CancellationToken cancellationToken)
[2026-09-19 12:10:06.353 +00:00] [ERR] [77] MediaBrowser.Providers.TV.EpisodeMetadataService: Error in "TheMovieDb" for "/media/tv/Bleach/Bleach.S17E09.MULTi.1080p.BluRay.x265-KAF.mkv"
System.Net.Http.HttpRequestException: Resource temporarily unavailable (api.themoviedb.org:443)
 ---> System.Net.Sockets.SocketException (00000001, 11): Resource temporarily unavailable
   at System.Net.Dns.GetHostEntryOrAddressesCore(String hostName, Boolean justAddresses, AddressFamily addressFamily, Nullable`1 activityOrDefault)
   at System.Net.Dns.<>c.<GetHostEntryOrAddressesCoreAsync>b__34_1(Object s, NameResolutionActivity activity)
   at System.Threading.Tasks.ContinuationResultTaskFromTask`1.InnerInvoke()
   at System.Threading.ExecutionContext.RunFromThreadPoolDispatchLoop(Thread threadPoolThread, ExecutionContext executionContext, ContextCallback callback, Object state)
--- End of stack trace from previous location ---
   at System.Threading.ExecutionContext.RunFromThreadPoolDispatchLoop(Thread threadPoolThread, ExecutionContext executionContext, ContextCallback callback, Object state)
   at System.Threading.Tasks.Task.ExecuteWithThreadLocal(Task& currentTaskSlot, Thread threadPoolThread)
--- End of stack trace from previous location ---
   at TMDbLib.Rest.HappyEyeballsCallback.GetAddressesAsync(String host, CancellationToken cancellationToken)
   at TMDbLib.Rest.HappyEyeballsCallback.ConnectAsync(SocketsHttpConnectionContext context, CancellationToken cancellationToken)
   at System.Net.Http.HttpConnectionPool.ConnectToTcpHostAsync(String host, Int32 port, HttpRequestMessage initialRequest, Boolean async, CancellationToken cancellationToken)
   --- End of inner exception stack trace ---
   at System.Net.Http.HttpConnectionPool.ConnectToTcpHostAsync(String host, Int32 port, HttpRequestMessage initialRequest, Boolean async, CancellationToken cancellationToken)
   at System.Net.Http.HttpConnectionPool.ConnectAsync(HttpRequestMessage request, Boolean async, CancellationToken cancellationToken)
   at System.Net.Http.HttpConnectionPool.CreateHttp11ConnectionAsync(HttpRequestMessage request, Boolean async, CancellationToken cancellationToken)
   at System.Net.Http.HttpConnectionPool.InjectNewHttp11ConnectionAsync(QueueItem queueItem)
   at System.Threading.Tasks.TaskCompletionSourceWithCancellation`1.WaitWithCancellationAsync(CancellationToken cancellationToken)
   at System.Net.Http.HttpConnectionPool.SendWithVersionDetectionAndRetryAsync(HttpRequestMessage request, Boolean async, Boolean doRequestAuth, CancellationToken cancellationToken)
   at System.Net.Http.RedirectHandler.SendAsync(HttpRequestMessage request, Boolean async, CancellationToken cancellationToken)
   at System.Net.Http.HttpClient.<SendAsync>g__Core|83_0(HttpRequestMessage request, HttpCompletionOption completionOption, CancellationTokenSource cts, Boolean disposeCts, CancellationTokenSource pendingRequestsCts, CancellationToken originalCancellationToken)
   at TMDbLib.Rest.RestRequest.SendInternal(HttpMethod method, CancellationToken cancellationToken)
   at TMDbLib.Rest.RestRequest.Get[T](CancellationToken cancellationToken)
   at TMDbLib.Client.TMDbClient.GetTvEpisodeAsync(Int32 tvShowId, Int32 seasonNumber, Int64 episodeNumber, TvEpisodeMethods extraMethods, String language, String includeImageLanguage, CancellationToken cancellationToken)
   at MediaBrowser.Providers.Plugins.Tmdb.TmdbClientManager.GetEpisodeAsync(Int32 tvShowId, Int32 seasonNumber, Int64 episodeNumber, String displayOrder, String language, String imageLanguages, String countryCode, CancellationToken cancellationToken)
   at MediaBrowser.Providers.Plugins.Tmdb.TV.TmdbEpisodeProvider.GetMetadata(EpisodeInfo info, CancellationToken cancellationToken)
   at MediaBrowser.Providers.Manager.MetadataService`2.ExecuteRemoteProviders(MetadataResult`1 temp, String logName, Boolean replaceData, TIdType id, IEnumerable`1 providers, CancellationToken cancellationToken)
[2026-09-19 12:10:06.573 +00:00] [ERR] [85] MediaBrowser.Providers.TV.EpisodeMetadataService: Error in "TheMovieDb" for "/media/tv/Bleach/Bleach.S17E10.MULTi.1080p.BluRay.x265-KAF.mkv"
System.Net.Http.HttpRequestException: Resource temporarily unavailable (api.themoviedb.org:443)
 ---> System.Net.Sockets.SocketException (00000001, 11): Resource temporarily unavailable
   at System.Net.Dns.GetHostEntryOrAddressesCore(String hostName, Boolean justAddresses, AddressFamily addressFamily, Nullable`1 activityOrDefault)
   at System.Net.Dns.<>c.<GetHostEntryOrAddressesCoreAsync>b__34_1(Object s, NameResolutionActivity activity)
   at System.Threading.Tasks.ContinuationResultTaskFromTask`1.InnerInvoke()
   at System.Threading.ExecutionContext.RunFromThreadPoolDispatchLoop(Thread threadPoolThread, ExecutionContext executionContext, ContextCallback callback, Object state)
--- End of stack trace from previous location ---
   at System.Threading.ExecutionContext.RunFromThreadPoolDispatchLoop(Thread threadPoolThread, ExecutionContext executionContext, ContextCallback callback, Object state)
   at System.Threading.Tasks.Task.ExecuteWithThreadLocal(Task& currentTaskSlot, Thread threadPoolThread)
--- End of stack trace from previous location ---
   at TMDbLib.Rest.HappyEyeballsCallback.GetAddressesAsync(String host, CancellationToken cancellationToken)
   at TMDbLib.Rest.HappyEyeballsCallback.ConnectAsync(SocketsHttpConnectionContext context, CancellationToken cancellationToken)
   at System.Net.Http.HttpConnectionPool.ConnectToTcpHostAsync(String host, Int32 port, HttpRequestMessage initialRequest, Boolean async, CancellationToken cancellationToken)
   --- End of inner exception stack trace ---
   at System.Net.Http.HttpConnectionPool.ConnectToTcpHostAsync(String host, Int32 port, HttpRequestMessage initialRequest, Boolean async, CancellationToken cancellationToken)
   at System.Net.Http.HttpConnectionPool.ConnectAsync(HttpRequestMessage request, Boolean async, CancellationToken cancellationToken)
   at System.Net.Http.HttpConnectionPool.CreateHttp11ConnectionAsync(HttpRequestMessage request, Boolean async, CancellationToken cancellationToken)
   at System.Net.Http.HttpConnectionPool.InjectNewHttp11ConnectionAsync(QueueItem queueItem)
   at System.Threading.Tasks.TaskCompletionSourceWithCancellation`1.WaitWithCancellationAsync(CancellationToken cancellationToken)
   at System.Net.Http.HttpConnectionPool.SendWithVersionDetectionAndRetryAsync(HttpRequestMessage request, Boolean async, Boolean doRequestAuth, CancellationToken cancellationToken)
   at System.Net.Http.RedirectHandler.SendAsync(HttpRequestMessage request, Boolean async, CancellationToken cancellationToken)
   at System.Net.Http.HttpClient.<SendAsync>g__Core|83_0(HttpRequestMessage request, HttpCompletionOption completionOption, CancellationTokenSource cts, Boolean disposeCts, CancellationTokenSource pendingRequestsCts, CancellationToken originalCancellationToken)
   at TMDbLib.Rest.RestRequest.SendInternal(HttpMethod method, CancellationToken cancellationToken)
   at TMDbLib.Rest.RestRequest.Get[T](CancellationToken cancellationToken)
   at TMDbLib.Client.TMDbClient.GetTvEpisodeAsync(Int32 tvShowId, Int32 seasonNumber, Int64 episodeNumber, TvEpisodeMethods extraMethods, String language, String includeImageLanguage, CancellationToken cancellationToken)
   at MediaBrowser.Providers.Plugins.Tmdb.TmdbClientManager.GetEpisodeAsync(Int32 tvShowId, Int32 seasonNumber, Int64 episodeNumber, String displayOrder, String language, String imageLanguages, String countryCode, CancellationToken cancellationToken)
   at MediaBrowser.Providers.Plugins.Tmdb.TV.TmdbEpisodeProvider.GetMetadata(EpisodeInfo info, CancellationToken cancellationToken)
   at MediaBrowser.Providers.Manager.MetadataService`2.ExecuteRemoteProviders(MetadataResult`1 temp, String logName, Boolean replaceData, TIdType id, IEnumerable`1 providers, CancellationToken cancellationToken)
[2026-09-19 12:10:06.765 +00:00] [ERR] [85] MediaBrowser.Providers.TV.EpisodeMetadataService: Error in "TheMovieDb" for "/media/tv/Bleach/Bleach.S17E11.MULTi.1080p.BluRay.x265-KAF.mkv"
System.Net.Http.HttpRequestException: Resource temporarily unavailable (api.themoviedb.org:443)
 ---> System.Net.Sockets.SocketException (00000001, 11): Resource temporarily unavailable
   at System.Net.Dns.GetHostEntryOrAddressesCore(String hostName, Boolean justAddresses, AddressFamily addressFamily, Nullable`1 activityOrDefault)
   at System.Net.Dns.<>c.<GetHostEntryOrAddressesCoreAsync>b__34_1(Object s, NameResolutionActivity activity)
   at System.Threading.Tasks.ContinuationResultTaskFromTask`1.InnerInvoke()
   at System.Threading.ExecutionContext.RunFromThreadPoolDispatchLoop(Thread threadPoolThread, ExecutionContext executionContext, ContextCallback callback, Object state)
--- End of stack trace from previous location ---
   at System.Threading.ExecutionContext.RunFromThreadPoolDispatchLoop(Thread threadPoolThread, ExecutionContext executionContext, ContextCallback callback, Object state)
   at System.Threading.Tasks.Task.ExecuteWithThreadLocal(Task& currentTaskSlot, Thread threadPoolThread)
--- End of stack trace from previous location ---
   at TMDbLib.Rest.HappyEyeballsCallback.GetAddressesAsync(String host, CancellationToken cancellationToken)
   at TMDbLib.Rest.HappyEyeballsCallback.ConnectAsync(SocketsHttpConnectionContext context, CancellationToken cancellationToken)
   at System.Net.Http.HttpConnectionPool.ConnectToTcpHostAsync(String host, Int32 port, HttpRequestMessage initialRequest, Boolean async, CancellationToken cancellationToken)
   --- End of inner exception stack trace ---
   at System.Net.Http.HttpConnectionPool.ConnectToTcpHostAsync(String host, Int32 port, HttpRequestMessage initialRequest, Boolean async, CancellationToken cancellationToken)
   at System.Net.Http.HttpConnectionPool.ConnectAsync(HttpRequestMessage request, Boolean async, CancellationToken cancellationToken)
   at System.Net.Http.HttpConnectionPool.CreateHttp11ConnectionAsync(HttpRequestMessage request, Boolean async, CancellationToken cancellationToken)
   at System.Net.Http.HttpConnectionPool.InjectNewHttp11ConnectionAsync(QueueItem queueItem)
   at System.Threading.Tasks.TaskCompletionSourceWithCancellation`1.WaitWithCancellationAsync(CancellationToken cancellationToken)
   at System.Net.Http.HttpConnectionPool.SendWithVersionDetectionAndRetryAsync(HttpRequestMessage request, Boolean async, Boolean doRequestAuth, CancellationToken cancellationToken)
   at System.Net.Http.RedirectHandler.SendAsync(HttpRequestMessage request, Boolean async, CancellationToken cancellationToken)
   at System.Net.Http.HttpClient.<SendAsync>g__Core|83_0(HttpRequestMessage request, HttpCompletionOption completionOption, CancellationTokenSource cts, Boolean disposeCts, CancellationTokenSource pendingRequestsCts, CancellationToken originalCancellationToken)
   at TMDbLib.Rest.RestRequest.SendInternal(HttpMethod method, CancellationToken cancellationToken)
   at TMDbLib.Rest.RestRequest.Get[T](CancellationToken cancellationToken)
   at TMDbLib.Client.TMDbClient.GetTvEpisodeAsync(Int32 tvShowId, Int32 seasonNumber, Int64 episodeNumber, TvEpisodeMethods extraMethods, String language, String includeImageLanguage, CancellationToken cancellationToken)
   at MediaBrowser.Providers.Plugins.Tmdb.TmdbClientManager.GetEpisodeAsync(Int32 tvShowId, Int32 seasonNumber, Int64 episodeNumber, String displayOrder, String language, String imageLanguages, String countryCode, CancellationToken cancellationToken)
   at MediaBrowser.Providers.Plugins.Tmdb.TV.TmdbEpisodeProvider.GetMetadata(EpisodeInfo info, CancellationToken cancellationToken)
   at MediaBrowser.Providers.Manager.MetadataService`2.ExecuteRemoteProviders(MetadataResult`1 temp, String logName, Boolean replaceData, TIdType id, IEnumerable`1 providers, CancellationToken cancellationToken)
[2026-09-19 12:10:06.953 +00:00] [ERR] [85] MediaBrowser.Providers.TV.EpisodeMetadataService: Error in "TheMovieDb" for "/media/tv/Bleach/Bleach.S17E12.MULTi.1080p.BluRay.x265-KAF.mkv"
System.Net.Http.HttpRequestException: Resource temporarily unavailable (api.themoviedb.org:443)
 ---> System.Net.Sockets.SocketException (00000001, 11): Resource temporarily unavailable
   at System.Net.Dns.GetHostEntryOrAddressesCore(String hostName, Boolean justAddresses, AddressFamily addressFamily, Nullable`1 activityOrDefault)
   at System.Net.Dns.<>c.<GetHostEntryOrAddressesCoreAsync>b__34_1(Object s, NameResolutionActivity activity)
   at System.Threading.Tasks.ContinuationResultTaskFromTask`1.InnerInvoke()
   at System.Threading.ExecutionContext.RunFromThreadPoolDispatchLoop(Thread threadPoolThread, ExecutionContext executionContext, ContextCallback callback, Object state)
--- End of stack trace from previous location ---
   at System.Threading.ExecutionContext.RunFromThreadPoolDispatchLoop(Thread threadPoolThread, ExecutionContext executionContext, ContextCallback callback, Object state)
   at System.Threading.Tasks.Task.ExecuteWithThreadLocal(Task& currentTaskSlot, Thread threadPoolThread)
--- End of stack trace from previous location ---
   at TMDbLib.Rest.HappyEyeballsCallback.GetAddressesAsync(String host, CancellationToken cancellationToken)
   at TMDbLib.Rest.HappyEyeballsCallback.ConnectAsync(SocketsHttpConnectionContext context, CancellationToken cancellationToken)
   at System.Net.Http.HttpConnectionPool.ConnectToTcpHostAsync(String host, Int32 port, HttpRequestMessage initialRequest, Boolean async, CancellationToken cancellationToken)
   --- End of inner exception stack trace ---
   at System.Net.Http.HttpConnectionPool.ConnectToTcpHostAsync(String host, Int32 port, HttpRequestMessage initialRequest, Boolean async, CancellationToken cancellationToken)
   at System.Net.Http.HttpConnectionPool.ConnectAsync(HttpRequestMessage request, Boolean async, CancellationToken cancellationToken)
   at System.Net.Http.HttpConnectionPool.CreateHttp11ConnectionAsync(HttpRequestMessage request, Boolean async, CancellationToken cancellationToken)
   at System.Net.Http.HttpConnectionPool.InjectNewHttp11ConnectionAsync(QueueItem queueItem)
   at System.Threading.Tasks.TaskCompletionSourceWithCancellation`1.WaitWithCancellationAsync(CancellationToken cancellationToken)
   at System.Net.Http.HttpConnectionPool.SendWithVersionDetectionAndRetryAsync(HttpRequestMessage request, Boolean async, Boolean doRequestAuth, CancellationToken cancellationToken)
   at System.Net.Http.RedirectHandler.SendAsync(HttpRequestMessage request, Boolean async, CancellationToken cancellationToken)
   at System.Net.Http.HttpClient.<SendAsync>g__Core|83_0(HttpRequestMessage request, HttpCompletionOption completionOption, CancellationTokenSource cts, Boolean disposeCts, CancellationTokenSource pendingRequestsCts, CancellationToken originalCancellationToken)
   at TMDbLib.Rest.RestRequest.SendInternal(HttpMethod method, CancellationToken cancellationToken)
   at TMDbLib.Rest.RestRequest.Get[T](CancellationToken cancellationToken)
   at TMDbLib.Client.TMDbClient.GetTvEpisodeAsync(Int32 tvShowId, Int32 seasonNumber, Int64 episodeNumber, TvEpisodeMethods extraMethods, String language, String includeImageLanguage, CancellationToken cancellationToken)
   at MediaBrowser.Providers.Plugins.Tmdb.TmdbClientManager.GetEpisodeAsync(Int32 tvShowId, Int32 seasonNumber, Int64 episodeNumber, String displayOrder, String language, String imageLanguages, String countryCode, CancellationToken cancellationToken)
   at MediaBrowser.Providers.Plugins.Tmdb.TV.TmdbEpisodeProvider.GetMetadata(EpisodeInfo info, CancellationToken cancellationToken)
   at MediaBrowser.Providers.Manager.MetadataService`2.ExecuteRemoteProviders(MetadataResult`1 temp, String logName, Boolean replaceData, TIdType id, IEnumerable`1 providers, CancellationToken cancellationToken)
[2026-09-19 12:10:07.129 +00:00] [ERR] [63] MediaBrowser.Providers.TV.EpisodeMetadataService: Error in "TheMovieDb" for "/media/tv/Bleach/Bleach.S17E13.MULTi.1080p.BluRay.x265-KAF.mkv"
System.Net.Http.HttpRequestException: Resource temporarily unavailable (api.themoviedb.org:443)
 ---> System.Net.Sockets.SocketException (00000001, 11): Resource temporarily unavailable
   at System.Net.Dns.GetHostEntryOrAddressesCore(String hostName, Boolean justAddresses, AddressFamily addressFamily, Nullable`1 activityOrDefault)
   at System.Net.Dns.<>c.<GetHostEntryOrAddressesCoreAsync>b__34_1(Object s, NameResolutionActivity activity)
   at System.Threading.Tasks.ContinuationResultTaskFromTask`1.InnerInvoke()
   at System.Threading.ExecutionContext.RunFromThreadPoolDispatchLoop(Thread threadPoolThread, ExecutionContext executionContext, ContextCallback callback, Object state)
--- End of stack trace from previous location ---
   at System.Threading.ExecutionContext.RunFromThreadPoolDispatchLoop(Thread threadPoolThread, ExecutionContext executionContext, ContextCallback callback, Object state)
   at System.Threading.Tasks.Task.ExecuteWithThreadLocal(Task& currentTaskSlot, Thread threadPoolThread)
--- End of stack trace from previous location ---
   at TMDbLib.Rest.HappyEyeballsCallback.GetAddressesAsync(String host, CancellationToken cancellationToken)
   at TMDbLib.Rest.HappyEyeballsCallback.ConnectAsync(SocketsHttpConnectionContext context, CancellationToken cancellationToken)
   at System.Net.Http.HttpConnectionPool.ConnectToTcpHostAsync(String host, Int32 port, HttpRequestMessage initialRequest, Boolean async, CancellationToken cancellationToken)
   --- End of inner exception stack trace ---
   at System.Net.Http.HttpConnectionPool.ConnectToTcpHostAsync(String host, Int32 port, HttpRequestMessage initialRequest, Boolean async, CancellationToken cancellationToken)
   at System.Net.Http.HttpConnectionPool.ConnectAsync(HttpRequestMessage request, Boolean async, CancellationToken cancellationToken)
   at System.Net.Http.HttpConnectionPool.CreateHttp11ConnectionAsync(HttpRequestMessage request, Boolean async, CancellationToken cancellationToken)
   at System.Net.Http.HttpConnectionPool.InjectNewHttp11ConnectionAsync(QueueItem queueItem)
   at System.Threading.Tasks.TaskCompletionSourceWithCancellation`1.WaitWithCancellationAsync(CancellationToken cancellationToken)
   at System.Net.Http.HttpConnectionPool.SendWithVersionDetectionAndRetryAsync(HttpRequestMessage request, Boolean async, Boolean doRequestAuth, CancellationToken cancellationToken)
   at System.Net.Http.RedirectHandler.SendAsync(HttpRequestMessage request, Boolean async, CancellationToken cancellationToken)
   at System.Net.Http.HttpClient.<SendAsync>g__Core|83_0(HttpRequestMessage request, HttpCompletionOption completionOption, CancellationTokenSource cts, Boolean disposeCts, CancellationTokenSource pendingRequestsCts, CancellationToken originalCancellationToken)
   at TMDbLib.Rest.RestRequest.SendInternal(HttpMethod method, CancellationToken cancellationToken)
   at TMDbLib.Rest.RestRequest.Get[T](CancellationToken cancellationToken)
   at TMDbLib.Client.TMDbClient.GetTvEpisodeAsync(Int32 tvShowId, Int32 seasonNumber, Int64 episodeNumber, TvEpisodeMethods extraMethods, String language, String includeImageLanguage, CancellationToken cancellationToken)
   at MediaBrowser.Providers.Plugins.Tmdb.TmdbClientManager.GetEpisodeAsync(Int32 tvShowId, Int32 seasonNumber, Int64 episodeNumber, String displayOrder, String language, String imageLanguages, String countryCode, CancellationToken cancellationToken)
   at MediaBrowser.Providers.Plugins.Tmdb.TV.TmdbEpisodeProvider.GetMetadata(EpisodeInfo info, CancellationToken cancellationToken)
   at MediaBrowser.Providers.Manager.MetadataService`2.ExecuteRemoteProviders(MetadataResult`1 temp, String logName, Boolean replaceData, TIdType id, IEnumerable`1 providers, CancellationToken cancellationToken)
[2026-09-19 12:10:07.348 +00:00] [ERR] [85] MediaBrowser.Providers.TV.EpisodeMetadataService: Error in "TheMovieDb" for "/media/tv/Bleach/Bleach.S17E14.MULTi.1080p.BluRay.x265-KAF.mkv"
System.Net.Http.HttpRequestException: Resource temporarily unavailable (api.themoviedb.org:443)
 ---> System.Net.Sockets.SocketException (00000001, 11): Resource temporarily unavailable
   at System.Net.Dns.GetHostEntryOrAddressesCore(String hostName, Boolean justAddresses, AddressFamily addressFamily, Nullable`1 activityOrDefault)
   at System.Net.Dns.<>c.<GetHostEntryOrAddressesCoreAsync>b__34_1(Object s, NameResolutionActivity activity)
   at System.Threading.Tasks.ContinuationResultTaskFromTask`1.InnerInvoke()
   at System.Threading.ExecutionContext.RunFromThreadPoolDispatchLoop(Thread threadPoolThread, ExecutionContext executionContext, ContextCallback callback, Object state)
--- End of stack trace from previous location ---
   at System.Threading.ExecutionContext.RunFromThreadPoolDispatchLoop(Thread threadPoolThread, ExecutionContext executionContext, ContextCallback callback, Object state)
   at System.Threading.Tasks.Task.ExecuteWithThreadLocal(Task& currentTaskSlot, Thread threadPoolThread)
--- End of stack trace from previous location ---
   at TMDbLib.Rest.HappyEyeballsCallback.GetAddressesAsync(String host, CancellationToken cancellationToken)
   at TMDbLib.Rest.HappyEyeballsCallback.ConnectAsync(SocketsHttpConnectionContext context, CancellationToken cancellationToken)
   at System.Net.Http.HttpConnectionPool.ConnectToTcpHostAsync(String host, Int32 port, HttpRequestMessage initialRequest, Boolean async, CancellationToken cancellationToken)
   --- End of inner exception stack trace ---
   at System.Net.Http.HttpConnectionPool.ConnectToTcpHostAsync(String host, Int32 port, HttpRequestMessage initialRequest, Boolean async, CancellationToken cancellationToken)
   at System.Net.Http.HttpConnectionPool.ConnectAsync(HttpRequestMessage request, Boolean async, CancellationToken cancellationToken)
   at System.Net.Http.HttpConnectionPool.CreateHttp11ConnectionAsync(HttpRequestMessage request, Boolean async, CancellationToken cancellationToken)
   at System.Net.Http.HttpConnectionPool.InjectNewHttp11ConnectionAsync(QueueItem queueItem)
   at System.Threading.Tasks.TaskCompletionSourceWithCancellation`1.WaitWithCancellationAsync(CancellationToken cancellationToken)
   at System.Net.Http.HttpConnectionPool.SendWithVersionDetectionAndRetryAsync(HttpRequestMessage request, Boolean async, Boolean doRequestAuth, CancellationToken cancellationToken)
   at System.Net.Http.RedirectHandler.SendAsync(HttpRequestMessage request, Boolean async, CancellationToken cancellationToken)
   at System.Net.Http.HttpClient.<SendAsync>g__Core|83_0(HttpRequestMessage request, HttpCompletionOption completionOption, CancellationTokenSource cts, Boolean disposeCts, CancellationTokenSource pendingRequestsCts, CancellationToken originalCancellationToken)
   at TMDbLib.Rest.RestRequest.SendInternal(HttpMethod method, CancellationToken cancellationToken)
   at TMDbLib.Rest.RestRequest.Get[T](CancellationToken cancellationToken)
   at TMDbLib.Client.TMDbClient.GetTvEpisodeAsync(Int32 tvShowId, Int32 seasonNumber, Int64 episodeNumber, TvEpisodeMethods extraMethods, String language, String includeImageLanguage, CancellationToken cancellationToken)
   at MediaBrowser.Providers.Plugins.Tmdb.TmdbClientManager.GetEpisodeAsync(Int32 tvShowId, Int32 seasonNumber, Int64 episodeNumber, String displayOrder, String language, String imageLanguages, String countryCode, CancellationToken cancellationToken)
   at MediaBrowser.Providers.Plugins.Tmdb.TV.TmdbEpisodeProvider.GetMetadata(EpisodeInfo info, CancellationToken cancellationToken)
   at MediaBrowser.Providers.Manager.MetadataService`2.ExecuteRemoteProviders(MetadataResult`1 temp, String logName, Boolean replaceData, TIdType id, IEnumerable`1 providers, CancellationToken cancellationToken)
[2026-09-19 12:10:07.549 +00:00] [ERR] [85] MediaBrowser.Providers.TV.EpisodeMetadataService: Error in "TheMovieDb" for "/media/tv/Bleach/Bleach.S17E15.MULTi.1080p.BluRay.x265-KAF.mkv"
System.Net.Http.HttpRequestException: Resource temporarily unavailable (api.themoviedb.org:443)
 ---> System.Net.Sockets.SocketException (00000001, 11): Resource temporarily unavailable
   at System.Net.Dns.GetHostEntryOrAddressesCore(String hostName, Boolean justAddresses, AddressFamily addressFamily, Nullable`1 activityOrDefault)
   at System.Net.Dns.<>c.<GetHostEntryOrAddressesCoreAsync>b__34_1(Object s, NameResolutionActivity activity)
   at System.Threading.Tasks.ContinuationResultTaskFromTask`1.InnerInvoke()
   at System.Threading.ExecutionContext.RunFromThreadPoolDispatchLoop(Thread threadPoolThread, ExecutionContext executionContext, ContextCallback callback, Object state)
--- End of stack trace from previous location ---
   at System.Threading.ExecutionContext.RunFromThreadPoolDispatchLoop(Thread threadPoolThread, ExecutionContext executionContext, ContextCallback callback, Object state)
   at System.Threading.Tasks.Task.ExecuteWithThreadLocal(Task& currentTaskSlot, Thread threadPoolThread)
--- End of stack trace from previous location ---
   at TMDbLib.Rest.HappyEyeballsCallback.GetAddressesAsync(String host, CancellationToken cancellationToken)
   at TMDbLib.Rest.HappyEyeballsCallback.ConnectAsync(SocketsHttpConnectionContext context, CancellationToken cancellationToken)
   at System.Net.Http.HttpConnectionPool.ConnectToTcpHostAsync(String host, Int32 port, HttpRequestMessage initialRequest, Boolean async, CancellationToken cancellationToken)
   --- End of inner exception stack trace ---
   at System.Net.Http.HttpConnectionPool.ConnectToTcpHostAsync(String host, Int32 port, HttpRequestMessage initialRequest, Boolean async, CancellationToken cancellationToken)
   at System.Net.Http.HttpConnectionPool.ConnectAsync(HttpRequestMessage request, Boolean async, CancellationToken cancellationToken)
   at System.Net.Http.HttpConnectionPool.CreateHttp11ConnectionAsync(HttpRequestMessage request, Boolean async, CancellationToken cancellationToken)
   at System.Net.Http.HttpConnectionPool.InjectNewHttp11ConnectionAsync(QueueItem queueItem)
   at System.Threading.Tasks.TaskCompletionSourceWithCancellation`1.WaitWithCancellationAsync(CancellationToken cancellationToken)
   at System.Net.Http.HttpConnectionPool.SendWithVersionDetectionAndRetryAsync(HttpRequestMessage request, Boolean async, Boolean doRequestAuth, CancellationToken cancellationToken)
   at System.Net.Http.RedirectHandler.SendAsync(HttpRequestMessage request, Boolean async, CancellationToken cancellationToken)
   at System.Net.Http.HttpClient.<SendAsync>g__Core|83_0(HttpRequestMessage request, HttpCompletionOption completionOption, CancellationTokenSource cts, Boolean disposeCts, CancellationTokenSource pendingRequestsCts, CancellationToken originalCancellationToken)
   at TMDbLib.Rest.RestRequest.SendInternal(HttpMethod method, CancellationToken cancellationToken)
   at TMDbLib.Rest.RestRequest.Get[T](CancellationToken cancellationToken)
   at TMDbLib.Client.TMDbClient.GetTvEpisodeAsync(Int32 tvShowId, Int32 seasonNumber, Int64 episodeNumber, TvEpisodeMethods extraMethods, String language, String includeImageLanguage, CancellationToken cancellationToken)
   at MediaBrowser.Providers.Plugins.Tmdb.TmdbClientManager.GetEpisodeAsync(Int32 tvShowId, Int32 seasonNumber, Int64 episodeNumber, String displayOrder, String language, String imageLanguages, String countryCode, CancellationToken cancellationToken)
   at MediaBrowser.Providers.Plugins.Tmdb.TV.TmdbEpisodeProvider.GetMetadata(EpisodeInfo info, CancellationToken cancellationToken)
   at MediaBrowser.Providers.Manager.MetadataService`2.ExecuteRemoteProviders(MetadataResult`1 temp, String logName, Boolean replaceData, TIdType id, IEnumerable`1 providers, CancellationToken cancellationToken)
[2026-09-19 12:10:07.788 +00:00] [ERR] [85] MediaBrowser.Providers.TV.EpisodeMetadataService: Error in "TheMovieDb" for "/media/tv/Bleach/Bleach.S17E16.MULTi.1080p.BluRay.x265-KAF.mkv"
System.Net.Http.HttpRequestException: Resource temporarily unavailable (api.themoviedb.org:443)
 ---> System.Net.Sockets.SocketException (00000001, 11): Resource temporarily unavailable
   at System.Net.Dns.GetHostEntryOrAddressesCore(String hostName, Boolean justAddresses, AddressFamily addressFamily, Nullable`1 activityOrDefault)
   at System.Net.Dns.<>c.<GetHostEntryOrAddressesCoreAsync>b__34_1(Object s, NameResolutionActivity activity)
   at System.Threading.Tasks.ContinuationResultTaskFromTask`1.InnerInvoke()
   at System.Threading.ExecutionContext.RunFromThreadPoolDispatchLoop(Thread threadPoolThread, ExecutionContext executionContext, ContextCallback callback, Object state)
--- End of stack trace from previous location ---
   at System.Threading.ExecutionContext.RunFromThreadPoolDispatchLoop(Thread threadPoolThread, ExecutionContext executionContext, ContextCallback callback, Object state)
   at System.Threading.Tasks.Task.ExecuteWithThreadLocal(Task& currentTaskSlot, Thread threadPoolThread)
--- End of stack trace from previous location ---
   at TMDbLib.Rest.HappyEyeballsCallback.GetAddressesAsync(String host, CancellationToken cancellationToken)
   at TMDbLib.Rest.HappyEyeballsCallback.ConnectAsync(SocketsHttpConnectionContext context, CancellationToken cancellationToken)
   at System.Net.Http.HttpConnectionPool.ConnectToTcpHostAsync(String host, Int32 port, HttpRequestMessage initialRequest, Boolean async, CancellationToken cancellationToken)
   --- End of inner exception stack trace ---
   at System.Net.Http.HttpConnectionPool.ConnectToTcpHostAsync(String host, Int32 port, HttpRequestMessage initialRequest, Boolean async, CancellationToken cancellationToken)
   at System.Net.Http.HttpConnectionPool.ConnectAsync(HttpRequestMessage request, Boolean async, CancellationToken cancellationToken)
   at System.Net.Http.HttpConnectionPool.CreateHttp11ConnectionAsync(HttpRequestMessage request, Boolean async, CancellationToken cancellationToken)
   at System.Net.Http.HttpConnectionPool.InjectNewHttp11ConnectionAsync(QueueItem queueItem)
   at System.Threading.Tasks.TaskCompletionSourceWithCancellation`1.WaitWithCancellationAsync(CancellationToken cancellationToken)
   at System.Net.Http.HttpConnectionPool.SendWithVersionDetectionAndRetryAsync(HttpRequestMessage request, Boolean async, Boolean doRequestAuth, CancellationToken cancellationToken)
   at System.Net.Http.RedirectHandler.SendAsync(HttpRequestMessage request, Boolean async, CancellationToken cancellationToken)
   at System.Net.Http.HttpClient.<SendAsync>g__Core|83_0(HttpRequestMessage request, HttpCompletionOption completionOption, CancellationTokenSource cts, Boolean disposeCts, CancellationTokenSource pendingRequestsCts, CancellationToken originalCancellationToken)
   at TMDbLib.Rest.RestRequest.SendInternal(HttpMethod method, CancellationToken cancellationToken)
   at TMDbLib.Rest.RestRequest.Get[T](CancellationToken cancellationToken)
   at TMDbLib.Client.TMDbClient.GetTvEpisodeAsync(Int32 tvShowId, Int32 seasonNumber, Int64 episodeNumber, TvEpisodeMethods extraMethods, String language, String includeImageLanguage, CancellationToken cancellationToken)
   at MediaBrowser.Providers.Plugins.Tmdb.TmdbClientManager.GetEpisodeAsync(Int32 tvShowId, Int32 seasonNumber, Int64 episodeNumber, String displayOrder, String language, String imageLanguages, String countryCode, CancellationToken cancellationToken)
   at MediaBrowser.Providers.Plugins.Tmdb.TV.TmdbEpisodeProvider.GetMetadata(EpisodeInfo info, CancellationToken cancellationToken)
   at MediaBrowser.Providers.Manager.MetadataService`2.ExecuteRemoteProviders(MetadataResult`1 temp, String logName, Boolean replaceData, TIdType id, IEnumerable`1 providers, CancellationToken cancellationToken)
[2026-09-19 12:10:07.941 +00:00] [ERR] [63] MediaBrowser.Providers.TV.EpisodeMetadataService: Error in "TheMovieDb" for "/media/tv/Bleach/Bleach.S17E17.MULTi.1080p.BluRay.x265-KAF.mkv"
System.Net.Http.HttpRequestException: Resource temporarily unavailable (api.themoviedb.org:443)
 ---> System.Net.Sockets.SocketException (00000001, 11): Resource temporarily unavailable
   at System.Net.Dns.GetHostEntryOrAddressesCore(String hostName, Boolean justAddresses, AddressFamily addressFamily, Nullable`1 activityOrDefault)
   at System.Net.Dns.<>c.<GetHostEntryOrAddressesCoreAsync>b__34_1(Object s, NameResolutionActivity activity)
   at System.Threading.Tasks.ContinuationResultTaskFromTask`1.InnerInvoke()
   at System.Threading.ExecutionContext.RunFromThreadPoolDispatchLoop(Thread threadPoolThread, ExecutionContext executionContext, ContextCallback callback, Object state)
--- End of stack trace from previous location ---
   at System.Threading.ExecutionContext.RunFromThreadPoolDispatchLoop(Thread threadPoolThread, ExecutionContext executionContext, ContextCallback callback, Object state)
   at System.Threading.Tasks.Task.ExecuteWithThreadLocal(Task& currentTaskSlot, Thread threadPoolThread)
--- End of stack trace from previous location ---
   at TMDbLib.Rest.HappyEyeballsCallback.GetAddressesAsync(String host, CancellationToken cancellationToken)
   at TMDbLib.Rest.HappyEyeballsCallback.ConnectAsync(SocketsHttpConnectionContext context, CancellationToken cancellationToken)
   at System.Net.Http.HttpConnectionPool.ConnectToTcpHostAsync(String host, Int32 port, HttpRequestMessage initialRequest, Boolean async, CancellationToken cancellationToken)
   --- End of inner exception stack trace ---
   at System.Net.Http.HttpConnectionPool.ConnectToTcpHostAsync(String host, Int32 port, HttpRequestMessage initialRequest, Boolean async, CancellationToken cancellationToken)
   at System.Net.Http.HttpConnectionPool.ConnectAsync(HttpRequestMessage request, Boolean async, CancellationToken cancellationToken)
   at System.Net.Http.HttpConnectionPool.CreateHttp11ConnectionAsync(HttpRequestMessage request, Boolean async, CancellationToken cancellationToken)
   at System.Net.Http.HttpConnectionPool.InjectNewHttp11ConnectionAsync(QueueItem queueItem)
   at System.Threading.Tasks.TaskCompletionSourceWithCancellation`1.WaitWithCancellationAsync(CancellationToken cancellationToken)
   at System.Net.Http.HttpConnectionPool.SendWithVersionDetectionAndRetryAsync(HttpRequestMessage request, Boolean async, Boolean doRequestAuth, CancellationToken cancellationToken)
   at System.Net.Http.RedirectHandler.SendAsync(HttpRequestMessage request, Boolean async, CancellationToken cancellationToken)
   at System.Net.Http.HttpClient.<SendAsync>g__Core|83_0(HttpRequestMessage request, HttpCompletionOption completionOption, CancellationTokenSource cts, Boolean disposeCts, CancellationTokenSource pendingRequestsCts, CancellationToken originalCancellationToken)
   at TMDbLib.Rest.RestRequest.SendInternal(HttpMethod method, CancellationToken cancellationToken)
   at TMDbLib.Rest.RestRequest.Get[T](CancellationToken cancellationToken)
   at TMDbLib.Client.TMDbClient.GetTvEpisodeAsync(Int32 tvShowId, Int32 seasonNumber, Int64 episodeNumber, TvEpisodeMethods extraMethods, String language, String includeImageLanguage, CancellationToken cancellationToken)
   at MediaBrowser.Providers.Plugins.Tmdb.TmdbClientManager.GetEpisodeAsync(Int32 tvShowId, Int32 seasonNumber, Int64 episodeNumber, String displayOrder, String language, String imageLanguages, String countryCode, CancellationToken cancellationToken)
   at MediaBrowser.Providers.Plugins.Tmdb.TV.TmdbEpisodeProvider.GetMetadata(EpisodeInfo info, CancellationToken cancellationToken)
   at MediaBrowser.Providers.Manager.MetadataService`2.ExecuteRemoteProviders(MetadataResult`1 temp, String logName, Boolean replaceData, TIdType id, IEnumerable`1 providers, CancellationToken cancellationToken)
[2026-09-19 12:10:08.153 +00:00] [ERR] [85] MediaBrowser.Providers.TV.EpisodeMetadataService: Error in "TheMovieDb" for "/media/tv/Bleach/Bleach.S17E18.MULTi.1080p.BluRay.x265-KAF.mkv"
System.Net.Http.HttpRequestException: Resource temporarily unavailable (api.themoviedb.org:443)
 ---> System.Net.Sockets.SocketException (00000001, 11): Resource temporarily unavailable
   at System.Net.Dns.GetHostEntryOrAddressesCore(String hostName, Boolean justAddresses, AddressFamily addressFamily, Nullable`1 activityOrDefault)
   at System.Net.Dns.<>c.<GetHostEntryOrAddressesCoreAsync>b__34_1(Object s, NameResolutionActivity activity)
   at System.Threading.Tasks.ContinuationResultTaskFromTask`1.InnerInvoke()
   at System.Threading.ExecutionContext.RunFromThreadPoolDispatchLoop(Thread threadPoolThread, ExecutionContext executionContext, ContextCallback callback, Object state)
--- End of stack trace from previous location ---
   at System.Threading.ExecutionContext.RunFromThreadPoolDispatchLoop(Thread threadPoolThread, ExecutionContext executionContext, ContextCallback callback, Object state)
   at System.Threading.Tasks.Task.ExecuteWithThreadLocal(Task& currentTaskSlot, Thread threadPoolThread)
--- End of stack trace from previous location ---
   at TMDbLib.Rest.HappyEyeballsCallback.GetAddressesAsync(String host, CancellationToken cancellationToken)
   at TMDbLib.Rest.HappyEyeballsCallback.ConnectAsync(SocketsHttpConnectionContext context, CancellationToken cancellationToken)
   at System.Net.Http.HttpConnectionPool.ConnectToTcpHostAsync(String host, Int32 port, HttpRequestMessage initialRequest, Boolean async, CancellationToken cancellationToken)
   --- End of inner exception stack trace ---
   at System.Net.Http.HttpConnectionPool.ConnectToTcpHostAsync(String host, Int32 port, HttpRequestMessage initialRequest, Boolean async, CancellationToken cancellationToken)
   at System.Net.Http.HttpConnectionPool.ConnectAsync(HttpRequestMessage request, Boolean async, CancellationToken cancellationToken)
   at System.Net.Http.HttpConnectionPool.CreateHttp11ConnectionAsync(HttpRequestMessage request, Boolean async, CancellationToken cancellationToken)
   at System.Net.Http.HttpConnectionPool.InjectNewHttp11ConnectionAsync(QueueItem queueItem)
   at System.Threading.Tasks.TaskCompletionSourceWithCancellation`1.WaitWithCancellationAsync(CancellationToken cancellationToken)
   at System.Net.Http.HttpConnectionPool.SendWithVersionDetectionAndRetryAsync(HttpRequestMessage request, Boolean async, Boolean doRequestAuth, CancellationToken cancellationToken)
   at System.Net.Http.RedirectHandler.SendAsync(HttpRequestMessage request, Boolean async, CancellationToken cancellationToken)
   at System.Net.Http.HttpClient.<SendAsync>g__Core|83_0(HttpRequestMessage request, HttpCompletionOption completionOption, CancellationTokenSource cts, Boolean disposeCts, CancellationTokenSource pendingRequestsCts, CancellationToken originalCancellationToken)
   at TMDbLib.Rest.RestRequest.SendInternal(HttpMethod method, CancellationToken cancellationToken)
   at TMDbLib.Rest.RestRequest.Get[T](CancellationToken cancellationToken)
   at TMDbLib.Client.TMDbClient.GetTvEpisodeAsync(Int32 tvShowId, Int32 seasonNumber, Int64 episodeNumber, TvEpisodeMethods extraMethods, String language, String includeImageLanguage, CancellationToken cancellationToken)
   at MediaBrowser.Providers.Plugins.Tmdb.TmdbClientManager.GetEpisodeAsync(Int32 tvShowId, Int32 seasonNumber, Int64 episodeNumber, String displayOrder, String language, String imageLanguages, String countryCode, CancellationToken cancellationToken)
   at MediaBrowser.Providers.Plugins.Tmdb.TV.TmdbEpisodeProvider.GetMetadata(EpisodeInfo info, CancellationToken cancellationToken)
   at MediaBrowser.Providers.Manager.MetadataService`2.ExecuteRemoteProviders(MetadataResult`1 temp, String logName, Boolean replaceData, TIdType id, IEnumerable`1 providers, CancellationToken cancellationToken)
[2026-09-19 12:10:08.336 +00:00] [ERR] [85] MediaBrowser.Providers.TV.EpisodeMetadataService: Error in "TheMovieDb" for "/media/tv/Bleach/Bleach.S17E19.MULTi.1080p.BluRay.x265-KAF.mkv"
System.Net.Http.HttpRequestException: Resource temporarily unavailable (api.themoviedb.org:443)
 ---> System.Net.Sockets.SocketException (00000001, 11): Resource temporarily unavailable
   at System.Net.Dns.GetHostEntryOrAddressesCore(String hostName, Boolean justAddresses, AddressFamily addressFamily, Nullable`1 activityOrDefault)
   at System.Net.Dns.<>c.<GetHostEntryOrAddressesCoreAsync>b__34_1(Object s, NameResolutionActivity activity)
   at System.Threading.Tasks.ContinuationResultTaskFromTask`1.InnerInvoke()
   at System.Threading.ExecutionContext.RunFromThreadPoolDispatchLoop(Thread threadPoolThread, ExecutionContext executionContext, ContextCallback callback, Object state)
--- End of stack trace from previous location ---
   at System.Threading.ExecutionContext.RunFromThreadPoolDispatchLoop(Thread threadPoolThread, ExecutionContext executionContext, ContextCallback callback, Object state)
   at System.Threading.Tasks.Task.ExecuteWithThreadLocal(Task& currentTaskSlot, Thread threadPoolThread)
--- End of stack trace from previous location ---
   at TMDbLib.Rest.HappyEyeballsCallback.GetAddressesAsync(String host, CancellationToken cancellationToken)
   at TMDbLib.Rest.HappyEyeballsCallback.ConnectAsync(SocketsHttpConnectionContext context, CancellationToken cancellationToken)
   at System.Net.Http.HttpConnectionPool.ConnectToTcpHostAsync(String host, Int32 port, HttpRequestMessage initialRequest, Boolean async, CancellationToken cancellationToken)
   --- End of inner exception stack trace ---
   at System.Net.Http.HttpConnectionPool.ConnectToTcpHostAsync(String host, Int32 port, HttpRequestMessage initialRequest, Boolean async, CancellationToken cancellationToken)
   at System.Net.Http.HttpConnectionPool.ConnectAsync(HttpRequestMessage request, Boolean async, CancellationToken cancellationToken)
   at System.Net.Http.HttpConnectionPool.CreateHttp11ConnectionAsync(HttpRequestMessage request, Boolean async, CancellationToken cancellationToken)
   at System.Net.Http.HttpConnectionPool.InjectNewHttp11ConnectionAsync(QueueItem queueItem)
   at System.Threading.Tasks.TaskCompletionSourceWithCancellation`1.WaitWithCancellationAsync(CancellationToken cancellationToken)
   at System.Net.Http.HttpConnectionPool.SendWithVersionDetectionAndRetryAsync(HttpRequestMessage request, Boolean async, Boolean doRequestAuth, CancellationToken cancellationToken)
   at System.Net.Http.RedirectHandler.SendAsync(HttpRequestMessage request, Boolean async, CancellationToken cancellationToken)
   at System.Net.Http.HttpClient.<SendAsync>g__Core|83_0(HttpRequestMessage request, HttpCompletionOption completionOption, CancellationTokenSource cts, Boolean disposeCts, CancellationTokenSource pendingRequestsCts, CancellationToken originalCancellationToken)
   at TMDbLib.Rest.RestRequest.SendInternal(HttpMethod method, CancellationToken cancellationToken)
   at TMDbLib.Rest.RestRequest.Get[T](CancellationToken cancellationToken)
   at TMDbLib.Client.TMDbClient.GetTvEpisodeAsync(Int32 tvShowId, Int32 seasonNumber, Int64 episodeNumber, TvEpisodeMethods extraMethods, String language, String includeImageLanguage, CancellationToken cancellationToken)
   at MediaBrowser.Providers.Plugins.Tmdb.TmdbClientManager.GetEpisodeAsync(Int32 tvShowId, Int32 seasonNumber, Int64 episodeNumber, String displayOrder, String language, String imageLanguages, String countryCode, CancellationToken cancellationToken)
   at MediaBrowser.Providers.Plugins.Tmdb.TV.TmdbEpisodeProvider.GetMetadata(EpisodeInfo info, CancellationToken cancellationToken)
   at MediaBrowser.Providers.Manager.MetadataService`2.ExecuteRemoteProviders(MetadataResult`1 temp, String logName, Boolean replaceData, TIdType id, IEnumerable`1 providers, CancellationToken cancellationToken)
[2026-09-19 12:10:08.536 +00:00] [ERR] [85] MediaBrowser.Providers.TV.EpisodeMetadataService: Error in "TheMovieDb" for "/media/tv/Bleach/Bleach.S17E20.MULTi.1080p.BluRay.x265-KAF.mkv"
System.Net.Http.HttpRequestException: Resource temporarily unavailable (api.themoviedb.org:443)
 ---> System.Net.Sockets.SocketException (00000001, 11): Resource temporarily unavailable
   at System.Net.Dns.GetHostEntryOrAddressesCore(String hostName, Boolean justAddresses, AddressFamily addressFamily, Nullable`1 activityOrDefault)
   at System.Net.Dns.<>c.<GetHostEntryOrAddressesCoreAsync>b__34_1(Object s, NameResolutionActivity activity)
   at System.Threading.Tasks.ContinuationResultTaskFromTask`1.InnerInvoke()
   at System.Threading.ExecutionContext.RunFromThreadPoolDispatchLoop(Thread threadPoolThread, ExecutionContext executionContext, ContextCallback callback, Object state)
--- End of stack trace from previous location ---
   at System.Threading.ExecutionContext.RunFromThreadPoolDispatchLoop(Thread threadPoolThread, ExecutionContext executionContext, ContextCallback callback, Object state)
   at System.Threading.Tasks.Task.ExecuteWithThreadLocal(Task& currentTaskSlot, Thread threadPoolThread)
--- End of stack trace from previous location ---
   at TMDbLib.Rest.HappyEyeballsCallback.GetAddressesAsync(String host, CancellationToken cancellationToken)
   at TMDbLib.Rest.HappyEyeballsCallback.ConnectAsync(SocketsHttpConnectionContext context, CancellationToken cancellationToken)
   at System.Net.Http.HttpConnectionPool.ConnectToTcpHostAsync(String host, Int32 port, HttpRequestMessage initialRequest, Boolean async, CancellationToken cancellationToken)
   --- End of inner exception stack trace ---
   at System.Net.Http.HttpConnectionPool.ConnectToTcpHostAsync(String host, Int32 port, HttpRequestMessage initialRequest, Boolean async, CancellationToken cancellationToken)
   at System.Net.Http.HttpConnectionPool.ConnectAsync(HttpRequestMessage request, Boolean async, CancellationToken cancellationToken)
   at System.Net.Http.HttpConnectionPool.CreateHttp11ConnectionAsync(HttpRequestMessage request, Boolean async, CancellationToken cancellationToken)
   at System.Net.Http.HttpConnectionPool.InjectNewHttp11ConnectionAsync(QueueItem queueItem)
   at System.Threading.Tasks.TaskCompletionSourceWithCancellation`1.WaitWithCancellationAsync(CancellationToken cancellationToken)
   at System.Net.Http.HttpConnectionPool.SendWithVersionDetectionAndRetryAsync(HttpRequestMessage request, Boolean async, Boolean doRequestAuth, CancellationToken cancellationToken)
   at System.Net.Http.RedirectHandler.SendAsync(HttpRequestMessage request, Boolean async, CancellationToken cancellationToken)
   at System.Net.Http.HttpClient.<SendAsync>g__Core|83_0(HttpRequestMessage request, HttpCompletionOption completionOption, CancellationTokenSource cts, Boolean disposeCts, CancellationTokenSource pendingRequestsCts, CancellationToken originalCancellationToken)
   at TMDbLib.Rest.RestRequest.SendInternal(HttpMethod method, CancellationToken cancellationToken)
   at TMDbLib.Rest.RestRequest.Get[T](CancellationToken cancellationToken)
   at TMDbLib.Client.TMDbClient.GetTvEpisodeAsync(Int32 tvShowId, Int32 seasonNumber, Int64 episodeNumber, TvEpisodeMethods extraMethods, String language, String includeImageLanguage, CancellationToken cancellationToken)
   at MediaBrowser.Providers.Plugins.Tmdb.TmdbClientManager.GetEpisodeAsync(Int32 tvShowId, Int32 seasonNumber, Int64 episodeNumber, String displayOrder, String language, String imageLanguages, String countryCode, CancellationToken cancellationToken)
   at MediaBrowser.Providers.Plugins.Tmdb.TV.TmdbEpisodeProvider.GetMetadata(EpisodeInfo info, CancellationToken cancellationToken)
   at MediaBrowser.Providers.Manager.MetadataService`2.ExecuteRemoteProviders(MetadataResult`1 temp, String logName, Boolean replaceData, TIdType id, IEnumerable`1 providers, CancellationToken cancellationToken)
[2026-09-19 12:10:08.752 +00:00] [ERR] [63] MediaBrowser.Providers.TV.EpisodeMetadataService: Error in "TheMovieDb" for "/media/tv/Bleach/Bleach.S17E21.MULTi.1080p.BluRay.x265-KAF.mkv"
System.Net.Http.HttpRequestException: Resource temporarily unavailable (api.themoviedb.org:443)
 ---> System.Net.Sockets.SocketException (00000001, 11): Resource temporarily unavailable
   at System.Net.Dns.GetHostEntryOrAddressesCore(String hostName, Boolean justAddresses, AddressFamily addressFamily, Nullable`1 activityOrDefault)
   at System.Net.Dns.<>c.<GetHostEntryOrAddressesCoreAsync>b__34_1(Object s, NameResolutionActivity activity)
   at System.Threading.Tasks.ContinuationResultTaskFromTask`1.InnerInvoke()
   at System.Threading.ExecutionContext.RunFromThreadPoolDispatchLoop(Thread threadPoolThread, ExecutionContext executionContext, ContextCallback callback, Object state)
--- End of stack trace from previous location ---
   at System.Threading.ExecutionContext.RunFromThreadPoolDispatchLoop(Thread threadPoolThread, ExecutionContext executionContext, ContextCallback callback, Object state)
   at System.Threading.Tasks.Task.ExecuteWithThreadLocal(Task& currentTaskSlot, Thread threadPoolThread)
--- End of stack trace from previous location ---
   at TMDbLib.Rest.HappyEyeballsCallback.GetAddressesAsync(String host, CancellationToken cancellationToken)
   at TMDbLib.Rest.HappyEyeballsCallback.ConnectAsync(SocketsHttpConnectionContext context, CancellationToken cancellationToken)
   at System.Net.Http.HttpConnectionPool.ConnectToTcpHostAsync(String host, Int32 port, HttpRequestMessage initialRequest, Boolean async, CancellationToken cancellationToken)
   --- End of inner exception stack trace ---
   at System.Net.Http.HttpConnectionPool.ConnectToTcpHostAsync(String host, Int32 port, HttpRequestMessage initialRequest, Boolean async, CancellationToken cancellationToken)
   at System.Net.Http.HttpConnectionPool.ConnectAsync(HttpRequestMessage request, Boolean async, CancellationToken cancellationToken)
   at System.Net.Http.HttpConnectionPool.CreateHttp11ConnectionAsync(HttpRequestMessage request, Boolean async, CancellationToken cancellationToken)
   at System.Net.Http.HttpConnectionPool.InjectNewHttp11ConnectionAsync(QueueItem queueItem)
   at System.Threading.Tasks.TaskCompletionSourceWithCancellation`1.WaitWithCancellationAsync(CancellationToken cancellationToken)
   at System.Net.Http.HttpConnectionPool.SendWithVersionDetectionAndRetryAsync(HttpRequestMessage request, Boolean async, Boolean doRequestAuth, CancellationToken cancellationToken)
   at System.Net.Http.RedirectHandler.SendAsync(HttpRequestMessage request, Boolean async, CancellationToken cancellationToken)
   at System.Net.Http.HttpClient.<SendAsync>g__Core|83_0(HttpRequestMessage request, HttpCompletionOption completionOption, CancellationTokenSource cts, Boolean disposeCts, CancellationTokenSource pendingRequestsCts, CancellationToken originalCancellationToken)
   at TMDbLib.Rest.RestRequest.SendInternal(HttpMethod method, CancellationToken cancellationToken)
   at TMDbLib.Rest.RestRequest.Get[T](CancellationToken cancellationToken)
   at TMDbLib.Client.TMDbClient.GetTvEpisodeAsync(Int32 tvShowId, Int32 seasonNumber, Int64 episodeNumber, TvEpisodeMethods extraMethods, String language, String includeImageLanguage, CancellationToken cancellationToken)
   at MediaBrowser.Providers.Plugins.Tmdb.TmdbClientManager.GetEpisodeAsync(Int32 tvShowId, Int32 seasonNumber, Int64 episodeNumber, String displayOrder, String language, String imageLanguages, String countryCode, CancellationToken cancellationToken)
   at MediaBrowser.Providers.Plugins.Tmdb.TV.TmdbEpisodeProvider.GetMetadata(EpisodeInfo info, CancellationToken cancellationToken)
   at MediaBrowser.Providers.Manager.MetadataService`2.ExecuteRemoteProviders(MetadataResult`1 temp, String logName, Boolean replaceData, TIdType id, IEnumerable`1 providers, CancellationToken cancellationToken)
[2026-09-19 12:10:08.973 +00:00] [ERR] [35] MediaBrowser.Providers.TV.EpisodeMetadataService: Error in "TheMovieDb" for "/media/tv/Bleach/Bleach.S17E22.MULTi.1080p.BluRay.x265-KAF.mkv"
System.Net.Http.HttpRequestException: Resource temporarily unavailable (api.themoviedb.org:443)
 ---> System.Net.Sockets.SocketException (00000001, 11): Resource temporarily unavailable
   at System.Net.Dns.GetHostEntryOrAddressesCore(String hostName, Boolean justAddresses, AddressFamily addressFamily, Nullable`1 activityOrDefault)
   at System.Net.Dns.<>c.<GetHostEntryOrAddressesCoreAsync>b__34_1(Object s, NameResolutionActivity activity)
   at System.Threading.Tasks.ContinuationResultTaskFromTask`1.InnerInvoke()
   at System.Threading.ExecutionContext.RunFromThreadPoolDispatchLoop(Thread threadPoolThread, ExecutionContext executionContext, ContextCallback callback, Object state)
--- End of stack trace from previous location ---
   at System.Threading.ExecutionContext.RunFromThreadPoolDispatchLoop(Thread threadPoolThread, ExecutionContext executionContext, ContextCallback callback, Object state)
   at System.Threading.Tasks.Task.ExecuteWithThreadLocal(Task& currentTaskSlot, Thread threadPoolThread)
--- End of stack trace from previous location ---
   at TMDbLib.Rest.HappyEyeballsCallback.GetAddressesAsync(String host, CancellationToken cancellationToken)
   at TMDbLib.Rest.HappyEyeballsCallback.ConnectAsync(SocketsHttpConnectionContext context, CancellationToken cancellationToken)
   at System.Net.Http.HttpConnectionPool.ConnectToTcpHostAsync(String host, Int32 port, HttpRequestMessage initialRequest, Boolean async, CancellationToken cancellationToken)
   --- End of inner exception stack trace ---
   at System.Net.Http.HttpConnectionPool.ConnectToTcpHostAsync(String host, Int32 port, HttpRequestMessage initialRequest, Boolean async, CancellationToken cancellationToken)
   at System.Net.Http.HttpConnectionPool.ConnectAsync(HttpRequestMessage request, Boolean async, CancellationToken cancellationToken)
   at System.Net.Http.HttpConnectionPool.CreateHttp11ConnectionAsync(HttpRequestMessage request, Boolean async, CancellationToken cancellationToken)
   at System.Net.Http.HttpConnectionPool.InjectNewHttp11ConnectionAsync(QueueItem queueItem)
   at System.Threading.Tasks.TaskCompletionSourceWithCancellation`1.WaitWithCancellationAsync(CancellationToken cancellationToken)
   at System.Net.Http.HttpConnectionPool.SendWithVersionDetectionAndRetryAsync(HttpRequestMessage request, Boolean async, Boolean doRequestAuth, CancellationToken cancellationToken)
   at System.Net.Http.RedirectHandler.SendAsync(HttpRequestMessage request, Boolean async, CancellationToken cancellationToken)
   at System.Net.Http.HttpClient.<SendAsync>g__Core|83_0(HttpRequestMessage request, HttpCompletionOption completionOption, CancellationTokenSource cts, Boolean disposeCts, CancellationTokenSource pendingRequestsCts, CancellationToken originalCancellationToken)
   at TMDbLib.Rest.RestRequest.SendInternal(HttpMethod method, CancellationToken cancellationToken)
   at TMDbLib.Rest.RestRequest.Get[T](CancellationToken cancellationToken)
   at TMDbLib.Client.TMDbClient.GetTvEpisodeAsync(Int32 tvShowId, Int32 seasonNumber, Int64 episodeNumber, TvEpisodeMethods extraMethods, String language, String includeImageLanguage, CancellationToken cancellationToken)
   at MediaBrowser.Providers.Plugins.Tmdb.TmdbClientManager.GetEpisodeAsync(Int32 tvShowId, Int32 seasonNumber, Int64 episodeNumber, String displayOrder, String language, String imageLanguages, String countryCode, CancellationToken cancellationToken)
   at MediaBrowser.Providers.Plugins.Tmdb.TV.TmdbEpisodeProvider.GetMetadata(EpisodeInfo info, CancellationToken cancellationToken)
   at MediaBrowser.Providers.Manager.MetadataService`2.ExecuteRemoteProviders(MetadataResult`1 temp, String logName, Boolean replaceData, TIdType id, IEnumerable`1 providers, CancellationToken cancellationToken)
[2026-09-19 12:10:09.148 +00:00] [ERR] [35] MediaBrowser.Providers.TV.EpisodeMetadataService: Error in "TheMovieDb" for "/media/tv/Bleach/Bleach.S17E23.MULTi.1080p.BluRay.x265-KAF.mkv"
System.Net.Http.HttpRequestException: Resource temporarily unavailable (api.themoviedb.org:443)
 ---> System.Net.Sockets.SocketException (00000001, 11): Resource temporarily unavailable
   at System.Net.Dns.GetHostEntryOrAddressesCore(String hostName, Boolean justAddresses, AddressFamily addressFamily, Nullable`1 activityOrDefault)
   at System.Net.Dns.<>c.<GetHostEntryOrAddressesCoreAsync>b__34_1(Object s, NameResolutionActivity activity)
   at System.Threading.Tasks.ContinuationResultTaskFromTask`1.InnerInvoke()
   at System.Threading.ExecutionContext.RunFromThreadPoolDispatchLoop(Thread threadPoolThread, ExecutionContext executionContext, ContextCallback callback, Object state)
--- End of stack trace from previous location ---
   at System.Threading.ExecutionContext.RunFromThreadPoolDispatchLoop(Thread threadPoolThread, ExecutionContext executionContext, ContextCallback callback, Object state)
   at System.Threading.Tasks.Task.ExecuteWithThreadLocal(Task& currentTaskSlot, Thread threadPoolThread)
--- End of stack trace from previous location ---
   at TMDbLib.Rest.HappyEyeballsCallback.GetAddressesAsync(String host, CancellationToken cancellationToken)
   at TMDbLib.Rest.HappyEyeballsCallback.ConnectAsync(SocketsHttpConnectionContext context, CancellationToken cancellationToken)
   at System.Net.Http.HttpConnectionPool.ConnectToTcpHostAsync(String host, Int32 port, HttpRequestMessage initialRequest, Boolean async, CancellationToken cancellationToken)
   --- End of inner exception stack trace ---
   at System.Net.Http.HttpConnectionPool.ConnectToTcpHostAsync(String host, Int32 port, HttpRequestMessage initialRequest, Boolean async, CancellationToken cancellationToken)
   at System.Net.Http.HttpConnectionPool.ConnectAsync(HttpRequestMessage request, Boolean async, CancellationToken cancellationToken)
   at System.Net.Http.HttpConnectionPool.CreateHttp11ConnectionAsync(HttpRequestMessage request, Boolean async, CancellationToken cancellationToken)
   at System.Net.Http.HttpConnectionPool.InjectNewHttp11ConnectionAsync(QueueItem queueItem)
   at System.Threading.Tasks.TaskCompletionSourceWithCancellation`1.WaitWithCancellationAsync(CancellationToken cancellationToken)
   at System.Net.Http.HttpConnectionPool.SendWithVersionDetectionAndRetryAsync(HttpRequestMessage request, Boolean async, Boolean doRequestAuth, CancellationToken cancellationToken)
   at System.Net.Http.RedirectHandler.SendAsync(HttpRequestMessage request, Boolean async, CancellationToken cancellationToken)
   at System.Net.Http.HttpClient.<SendAsync>g__Core|83_0(HttpRequestMessage request, HttpCompletionOption completionOption, CancellationTokenSource cts, Boolean disposeCts, CancellationTokenSource pendingRequestsCts, CancellationToken originalCancellationToken)
   at TMDbLib.Rest.RestRequest.SendInternal(HttpMethod method, CancellationToken cancellationToken)
   at TMDbLib.Rest.RestRequest.Get[T](CancellationToken cancellationToken)
   at TMDbLib.Client.TMDbClient.GetTvEpisodeAsync(Int32 tvShowId, Int32 seasonNumber, Int64 episodeNumber, TvEpisodeMethods extraMethods, String language, String includeImageLanguage, CancellationToken cancellationToken)
   at MediaBrowser.Providers.Plugins.Tmdb.TmdbClientManager.GetEpisodeAsync(Int32 tvShowId, Int32 seasonNumber, Int64 episodeNumber, String displayOrder, String language, String imageLanguages, String countryCode, CancellationToken cancellationToken)
   at MediaBrowser.Providers.Plugins.Tmdb.TV.TmdbEpisodeProvider.GetMetadata(EpisodeInfo info, CancellationToken cancellationToken)
   at MediaBrowser.Providers.Manager.MetadataService`2.ExecuteRemoteProviders(MetadataResult`1 temp, String logName, Boolean replaceData, TIdType id, IEnumerable`1 providers, CancellationToken cancellationToken)
[2026-09-19 12:10:09.317 +00:00] [ERR] [63] MediaBrowser.Providers.TV.EpisodeMetadataService: Error in "TheMovieDb" for "/media/tv/Bleach/Bleach.S17E24.MULTi.1080p.BluRay.x265-KAF.mkv"
System.Net.Http.HttpRequestException: Resource temporarily unavailable (api.themoviedb.org:443)
 ---> System.Net.Sockets.SocketException (00000001, 11): Resource temporarily unavailable
   at System.Net.Dns.GetHostEntryOrAddressesCore(String hostName, Boolean justAddresses, AddressFamily addressFamily, Nullable`1 activityOrDefault)
   at System.Net.Dns.<>c.<GetHostEntryOrAddressesCoreAsync>b__34_1(Object s, NameResolutionActivity activity)
   at System.Threading.Tasks.ContinuationResultTaskFromTask`1.InnerInvoke()
   at System.Threading.ExecutionContext.RunFromThreadPoolDispatchLoop(Thread threadPoolThread, ExecutionContext executionContext, ContextCallback callback, Object state)
--- End of stack trace from previous location ---
   at System.Threading.ExecutionContext.RunFromThreadPoolDispatchLoop(Thread threadPoolThread, ExecutionContext executionContext, ContextCallback callback, Object state)
   at System.Threading.Tasks.Task.ExecuteWithThreadLocal(Task& currentTaskSlot, Thread threadPoolThread)
--- End of stack trace from previous location ---
   at TMDbLib.Rest.HappyEyeballsCallback.GetAddressesAsync(String host, CancellationToken cancellationToken)
   at TMDbLib.Rest.HappyEyeballsCallback.ConnectAsync(SocketsHttpConnectionContext context, CancellationToken cancellationToken)
   at System.Net.Http.HttpConnectionPool.ConnectToTcpHostAsync(String host, Int32 port, HttpRequestMessage initialRequest, Boolean async, CancellationToken cancellationToken)
   --- End of inner exception stack trace ---
   at System.Net.Http.HttpConnectionPool.ConnectToTcpHostAsync(String host, Int32 port, HttpRequestMessage initialRequest, Boolean async, CancellationToken cancellationToken)
   at System.Net.Http.HttpConnectionPool.ConnectAsync(HttpRequestMessage request, Boolean async, CancellationToken cancellationToken)
   at System.Net.Http.HttpConnectionPool.CreateHttp11ConnectionAsync(HttpRequestMessage request, Boolean async, CancellationToken cancellationToken)
   at System.Net.Http.HttpConnectionPool.InjectNewHttp11ConnectionAsync(QueueItem queueItem)
   at System.Threading.Tasks.TaskCompletionSourceWithCancellation`1.WaitWithCancellationAsync(CancellationToken cancellationToken)
   at System.Net.Http.HttpConnectionPool.SendWithVersionDetectionAndRetryAsync(HttpRequestMessage request, Boolean async, Boolean doRequestAuth, CancellationToken cancellationToken)
   at System.Net.Http.RedirectHandler.SendAsync(HttpRequestMessage request, Boolean async, CancellationToken cancellationToken)
   at System.Net.Http.HttpClient.<SendAsync>g__Core|83_0(HttpRequestMessage request, HttpCompletionOption completionOption, CancellationTokenSource cts, Boolean disposeCts, CancellationTokenSource pendingRequestsCts, CancellationToken originalCancellationToken)
   at TMDbLib.Rest.RestRequest.SendInternal(HttpMethod method, CancellationToken cancellationToken)
   at TMDbLib.Rest.RestRequest.Get[T](CancellationToken cancellationToken)
   at TMDbLib.Client.TMDbClient.GetTvEpisodeAsync(Int32 tvShowId, Int32 seasonNumber, Int64 episodeNumber, TvEpisodeMethods extraMethods, String language, String includeImageLanguage, CancellationToken cancellationToken)
   at MediaBrowser.Providers.Plugins.Tmdb.TmdbClientManager.GetEpisodeAsync(Int32 tvShowId, Int32 seasonNumber, Int64 episodeNumber, String displayOrder, String language, String imageLanguages, String countryCode, CancellationToken cancellationToken)
   at MediaBrowser.Providers.Plugins.Tmdb.TV.TmdbEpisodeProvider.GetMetadata(EpisodeInfo info, CancellationToken cancellationToken)
   at MediaBrowser.Providers.Manager.MetadataService`2.ExecuteRemoteProviders(MetadataResult`1 temp, String logName, Boolean replaceData, TIdType id, IEnumerable`1 providers, CancellationToken cancellationToken)
[2026-09-19 12:10:09.493 +00:00] [ERR] [63] MediaBrowser.Providers.TV.EpisodeMetadataService: Error in "TheMovieDb" for "/media/tv/Bleach/Bleach.S17E25.MULTi.1080p.BluRay.x265-KAF.mkv"
System.Net.Http.HttpRequestException: Resource temporarily unavailable (api.themoviedb.org:443)
 ---> System.Net.Sockets.SocketException (00000001, 11): Resource temporarily unavailable
   at System.Net.Dns.GetHostEntryOrAddressesCore(String hostName, Boolean justAddresses, AddressFamily addressFamily, Nullable`1 activityOrDefault)
   at System.Net.Dns.<>c.<GetHostEntryOrAddressesCoreAsync>b__34_1(Object s, NameResolutionActivity activity)
   at System.Threading.Tasks.ContinuationResultTaskFromTask`1.InnerInvoke()
   at System.Threading.ExecutionContext.RunFromThreadPoolDispatchLoop(Thread threadPoolThread, ExecutionContext executionContext, ContextCallback callback, Object state)
--- End of stack trace from previous location ---
   at System.Threading.ExecutionContext.RunFromThreadPoolDispatchLoop(Thread threadPoolThread, ExecutionContext executionContext, ContextCallback callback, Object state)
   at System.Threading.Tasks.Task.ExecuteWithThreadLocal(Task& currentTaskSlot, Thread threadPoolThread)
--- End of stack trace from previous location ---
   at TMDbLib.Rest.HappyEyeballsCallback.GetAddressesAsync(String host, CancellationToken cancellationToken)
   at TMDbLib.Rest.HappyEyeballsCallback.ConnectAsync(SocketsHttpConnectionContext context, CancellationToken cancellationToken)
   at System.Net.Http.HttpConnectionPool.ConnectToTcpHostAsync(String host, Int32 port, HttpRequestMessage initialRequest, Boolean async, CancellationToken cancellationToken)
   --- End of inner exception stack trace ---
   at System.Net.Http.HttpConnectionPool.ConnectToTcpHostAsync(String host, Int32 port, HttpRequestMessage initialRequest, Boolean async, CancellationToken cancellationToken)
   at System.Net.Http.HttpConnectionPool.ConnectAsync(HttpRequestMessage request, Boolean async, CancellationToken cancellationToken)
   at System.Net.Http.HttpConnectionPool.CreateHttp11ConnectionAsync(HttpRequestMessage request, Boolean async, CancellationToken cancellationToken)
   at System.Net.Http.HttpConnectionPool.InjectNewHttp11ConnectionAsync(QueueItem queueItem)
   at System.Threading.Tasks.TaskCompletionSourceWithCancellation`1.WaitWithCancellationAsync(CancellationToken cancellationToken)
   at System.Net.Http.HttpConnectionPool.SendWithVersionDetectionAndRetryAsync(HttpRequestMessage request, Boolean async, Boolean doRequestAuth, CancellationToken cancellationToken)
   at System.Net.Http.RedirectHandler.SendAsync(HttpRequestMessage request, Boolean async, CancellationToken cancellationToken)
   at System.Net.Http.HttpClient.<SendAsync>g__Core|83_0(HttpRequestMessage request, HttpCompletionOption completionOption, CancellationTokenSource cts, Boolean disposeCts, CancellationTokenSource pendingRequestsCts, CancellationToken originalCancellationToken)
   at TMDbLib.Rest.RestRequest.SendInternal(HttpMethod method, CancellationToken cancellationToken)
   at TMDbLib.Rest.RestRequest.Get[T](CancellationToken cancellationToken)
   at TMDbLib.Client.TMDbClient.GetTvEpisodeAsync(Int32 tvShowId, Int32 seasonNumber, Int64 episodeNumber, TvEpisodeMethods extraMethods, String language, String includeImageLanguage, CancellationToken cancellationToken)
   at MediaBrowser.Providers.Plugins.Tmdb.TmdbClientManager.GetEpisodeAsync(Int32 tvShowId, Int32 seasonNumber, Int64 episodeNumber, String displayOrder, String language, String imageLanguages, String countryCode, CancellationToken cancellationToken)
   at MediaBrowser.Providers.Plugins.Tmdb.TV.TmdbEpisodeProvider.GetMetadata(EpisodeInfo info, CancellationToken cancellationToken)
   at MediaBrowser.Providers.Manager.MetadataService`2.ExecuteRemoteProviders(MetadataResult`1 temp, String logName, Boolean replaceData, TIdType id, IEnumerable`1 providers, CancellationToken cancellationToken)
[2026-09-19 12:10:09.725 +00:00] [ERR] [63] MediaBrowser.Providers.TV.EpisodeMetadataService: Error in "TheMovieDb" for "/media/tv/Bleach/Bleach.S17E26.MULTi.1080p.BluRay.x265-KAF.mkv"
System.Net.Http.HttpRequestException: Resource temporarily unavailable (api.themoviedb.org:443)
 ---> System.Net.Sockets.SocketException (00000001, 11): Resource temporarily unavailable
   at System.Net.Dns.GetHostEntryOrAddressesCore(String hostName, Boolean justAddresses, AddressFamily addressFamily, Nullable`1 activityOrDefault)
   at System.Net.Dns.<>c.<GetHostEntryOrAddressesCoreAsync>b__34_1(Object s, NameResolutionActivity activity)
   at System.Threading.Tasks.ContinuationResultTaskFromTask`1.InnerInvoke()
   at System.Threading.ExecutionContext.RunFromThreadPoolDispatchLoop(Thread threadPoolThread, ExecutionContext executionContext, ContextCallback callback, Object state)
--- End of stack trace from previous location ---
   at System.Threading.ExecutionContext.RunFromThreadPoolDispatchLoop(Thread threadPoolThread, ExecutionContext executionContext, ContextCallback callback, Object state)
   at System.Threading.Tasks.Task.ExecuteWithThreadLocal(Task& currentTaskSlot, Thread threadPoolThread)
--- End of stack trace from previous location ---
   at TMDbLib.Rest.HappyEyeballsCallback.GetAddressesAsync(String host, CancellationToken cancellationToken)
   at TMDbLib.Rest.HappyEyeballsCallback.ConnectAsync(SocketsHttpConnectionContext context, CancellationToken cancellationToken)
   at System.Net.Http.HttpConnectionPool.ConnectToTcpHostAsync(String host, Int32 port, HttpRequestMessage initialRequest, Boolean async, CancellationToken cancellationToken)
   --- End of inner exception stack trace ---
   at System.Net.Http.HttpConnectionPool.ConnectToTcpHostAsync(String host, Int32 port, HttpRequestMessage initialRequest, Boolean async, CancellationToken cancellationToken)
   at System.Net.Http.HttpConnectionPool.ConnectAsync(HttpRequestMessage request, Boolean async, CancellationToken cancellationToken)
   at System.Net.Http.HttpConnectionPool.CreateHttp11ConnectionAsync(HttpRequestMessage request, Boolean async, CancellationToken cancellationToken)
   at System.Net.Http.HttpConnectionPool.InjectNewHttp11ConnectionAsync(QueueItem queueItem)
   at System.Threading.Tasks.TaskCompletionSourceWithCancellation`1.WaitWithCancellationAsync(CancellationToken cancellationToken)
   at System.Net.Http.HttpConnectionPool.SendWithVersionDetectionAndRetryAsync(HttpRequestMessage request, Boolean async, Boolean doRequestAuth, CancellationToken cancellationToken)
   at System.Net.Http.RedirectHandler.SendAsync(HttpRequestMessage request, Boolean async, CancellationToken cancellationToken)
   at System.Net.Http.HttpClient.<SendAsync>g__Core|83_0(HttpRequestMessage request, HttpCompletionOption completionOption, CancellationTokenSource cts, Boolean disposeCts, CancellationTokenSource pendingRequestsCts, CancellationToken originalCancellationToken)
   at TMDbLib.Rest.RestRequest.SendInternal(HttpMethod method, CancellationToken cancellationToken)
   at TMDbLib.Rest.RestRequest.Get[T](CancellationToken cancellationToken)
   at TMDbLib.Client.TMDbClient.GetTvEpisodeAsync(Int32 tvShowId, Int32 seasonNumber, Int64 episodeNumber, TvEpisodeMethods extraMethods, String language, String includeImageLanguage, CancellationToken cancellationToken)
   at MediaBrowser.Providers.Plugins.Tmdb.TmdbClientManager.GetEpisodeAsync(Int32 tvShowId, Int32 seasonNumber, Int64 episodeNumber, String displayOrder, String language, String imageLanguages, String countryCode, CancellationToken cancellationToken)
   at MediaBrowser.Providers.Plugins.Tmdb.TV.TmdbEpisodeProvider.GetMetadata(EpisodeInfo info, CancellationToken cancellationToken)
   at MediaBrowser.Providers.Manager.MetadataService`2.ExecuteRemoteProviders(MetadataResult`1 temp, String logName, Boolean replaceData, TIdType id, IEnumerable`1 providers, CancellationToken cancellationToken)
[2026-09-19 12:10:11.432 +00:00] [ERR] [85] MediaBrowser.Providers.TV.EpisodeMetadataService: Error in "TheMovieDb" for "/media/tv/Dark Matter (2024)/Season 2/dark.matter.2024.s02e04.1080p.web.h264-cakes[EZTVx.to].mkv"
System.Net.Http.HttpRequestException: Resource temporarily unavailable (api.themoviedb.org:443)
 ---> System.Net.Sockets.SocketException (00000001, 11): Resource temporarily unavailable
   at System.Net.Dns.GetHostEntryOrAddressesCore(String hostName, Boolean justAddresses, AddressFamily addressFamily, Nullable`1 activityOrDefault)
   at System.Net.Dns.<>c.<GetHostEntryOrAddressesCoreAsync>b__34_1(Object s, NameResolutionActivity activity)
   at System.Threading.Tasks.ContinuationResultTaskFromTask`1.InnerInvoke()
   at System.Threading.ExecutionContext.RunFromThreadPoolDispatchLoop(Thread threadPoolThread, ExecutionContext executionContext, ContextCallback callback, Object state)
--- End of stack trace from previous location ---
   at System.Threading.ExecutionContext.RunFromThreadPoolDispatchLoop(Thread threadPoolThread, ExecutionContext executionContext, ContextCallback callback, Object state)
   at System.Threading.Tasks.Task.ExecuteWithThreadLocal(Task& currentTaskSlot, Thread threadPoolThread)
--- End of stack trace from previous location ---
   at TMDbLib.Rest.HappyEyeballsCallback.GetAddressesAsync(String host, CancellationToken cancellationToken)
   at TMDbLib.Rest.HappyEyeballsCallback.ConnectAsync(SocketsHttpConnectionContext context, CancellationToken cancellationToken)
   at System.Net.Http.HttpConnectionPool.ConnectToTcpHostAsync(String host, Int32 port, HttpRequestMessage initialRequest, Boolean async, CancellationToken cancellationToken)
   --- End of inner exception stack trace ---
   at System.Net.Http.HttpConnectionPool.ConnectToTcpHostAsync(String host, Int32 port, HttpRequestMessage initialRequest, Boolean async, CancellationToken cancellationToken)
   at System.Net.Http.HttpConnectionPool.ConnectAsync(HttpRequestMessage request, Boolean async, CancellationToken cancellationToken)
   at System.Net.Http.HttpConnectionPool.CreateHttp11ConnectionAsync(HttpRequestMessage request, Boolean async, CancellationToken cancellationToken)
   at System.Net.Http.HttpConnectionPool.InjectNewHttp11ConnectionAsync(QueueItem queueItem)
   at System.Threading.Tasks.TaskCompletionSourceWithCancellation`1.WaitWithCancellationAsync(CancellationToken cancellationToken)
   at System.Net.Http.HttpConnectionPool.SendWithVersionDetectionAndRetryAsync(HttpRequestMessage request, Boolean async, Boolean doRequestAuth, CancellationToken cancellationToken)
   at System.Net.Http.RedirectHandler.SendAsync(HttpRequestMessage request, Boolean async, CancellationToken cancellationToken)
   at System.Net.Http.HttpClient.<SendAsync>g__Core|83_0(HttpRequestMessage request, HttpCompletionOption completionOption, CancellationTokenSource cts, Boolean disposeCts, CancellationTokenSource pendingRequestsCts, CancellationToken originalCancellationToken)
   at TMDbLib.Rest.RestRequest.SendInternal(HttpMethod method, CancellationToken cancellationToken)
   at TMDbLib.Rest.RestRequest.Get[T](CancellationToken cancellationToken)
   at TMDbLib.Client.TMDbClient.GetTvEpisodeAsync(Int32 tvShowId, Int32 seasonNumber, Int64 episodeNumber, TvEpisodeMethods extraMethods, String language, String includeImageLanguage, CancellationToken cancellationToken)
   at MediaBrowser.Providers.Plugins.Tmdb.TmdbClientManager.GetEpisodeAsync(Int32 tvShowId, Int32 seasonNumber, Int64 episodeNumber, String displayOrder, String language, String imageLanguages, String countryCode, CancellationToken cancellationToken)
   at MediaBrowser.Providers.Plugins.Tmdb.TV.TmdbEpisodeProvider.GetMetadata(EpisodeInfo info, CancellationToken cancellationToken)
   at MediaBrowser.Providers.Manager.MetadataService`2.ExecuteRemoteProviders(MetadataResult`1 temp, String logName, Boolean replaceData, TIdType id, IEnumerable`1 providers, CancellationToken cancellationToken)
[2026-09-19 12:10:23.407 +00:00] [INF] [85] Emby.Server.Implementations.Library.LibraryManager: Running 8 post-scan task(s)
[2026-09-19 12:10:23.407 +00:00] [INF] [85] Emby.Server.Implementations.Library.LibraryManager: Running post-scan task 1/8: "SplashscreenPostScanTask"
[2026-09-19 12:10:30.757 +00:00] [INF] [85] Emby.Server.Implementations.Library.LibraryManager: Post-scan task "SplashscreenPostScanTask" completed after 0 minute(s) and 7 seconds
[2026-09-19 12:10:30.757 +00:00] [INF] [85] Emby.Server.Implementations.Library.LibraryManager: Running post-scan task 2/8: "ArtistsPostScanTask"
[2026-09-19 12:10:30.760 +00:00] [INF] [85] Emby.Server.Implementations.Library.Validators.ArtistsValidator: Refreshed metadata for 0 new artists out of 0 total
[2026-09-19 12:10:30.760 +00:00] [INF] [85] Emby.Server.Implementations.Library.LibraryManager: Post-scan task "ArtistsPostScanTask" completed after 0 minute(s) and 0 seconds
[2026-09-19 12:10:30.760 +00:00] [INF] [85] Emby.Server.Implementations.Library.LibraryManager: Running post-scan task 3/8: "CollectionPosterVerifyPostScanTask"
[2026-09-19 12:10:30.760 +00:00] [INF] [85] Emby.Server.Implementations.Library.LibraryManager: Post-scan task "CollectionPosterVerifyPostScanTask" completed after 0 minute(s) and 0 seconds
[2026-09-19 12:10:30.760 +00:00] [INF] [85] Emby.Server.Implementations.Library.LibraryManager: Running post-scan task 4/8: "CollectionPostScanTask"
[2026-09-19 12:10:30.760 +00:00] [INF] [85] Emby.Server.Implementations.Library.LibraryManager: Post-scan task "CollectionPostScanTask" completed after 0 minute(s) and 0 seconds
[2026-09-19 12:10:30.760 +00:00] [INF] [85] Emby.Server.Implementations.Library.LibraryManager: Running post-scan task 5/8: "GenresPostScanTask"
[2026-09-19 12:10:30.763 +00:00] [INF] [85] Emby.Server.Implementations.Library.Validators.GenresValidator: Refreshed metadata for 0 new genres out of 35 total
[2026-09-19 12:10:30.781 +00:00] [INF] [85] Emby.Server.Implementations.Library.LibraryManager: Post-scan task "GenresPostScanTask" completed after 0 minute(s) and 0 seconds
[2026-09-19 12:10:30.782 +00:00] [INF] [85] Emby.Server.Implementations.Library.LibraryManager: Running post-scan task 6/8: "MusicGenresPostScanTask"
[2026-09-19 12:10:30.821 +00:00] [INF] [85] Emby.Server.Implementations.Library.Validators.MusicGenresValidator: Refreshed metadata for 0 new music genres out of 0 total
[2026-09-19 12:10:30.821 +00:00] [INF] [85] Emby.Server.Implementations.Library.LibraryManager: Post-scan task "MusicGenresPostScanTask" completed after 0 minute(s) and 0 seconds
[2026-09-19 12:10:30.821 +00:00] [INF] [85] Emby.Server.Implementations.Library.LibraryManager: Running post-scan task 7/8: "StudiosPostScanTask"
[2026-09-19 12:10:30.863 +00:00] [INF] [85] Emby.Server.Implementations.Library.Validators.StudiosValidator: Refreshed metadata for 0 new studios out of 1178 total
[2026-09-19 12:10:30.866 +00:00] [INF] [85] Emby.Server.Implementations.Library.LibraryManager: Post-scan task "StudiosPostScanTask" completed after 0 minute(s) and 0 seconds
[2026-09-19 12:10:30.866 +00:00] [INF] [85] Emby.Server.Implementations.Library.LibraryManager: Running post-scan task 8/8: "CleanDatabaseScheduledTask"
[2026-09-19 12:10:30.892 +00:00] [INF] [85] Emby.Server.Implementations.Library.LibraryManager: Post-scan task "CleanDatabaseScheduledTask" completed after 0 minute(s) and 0 seconds
[2026-09-19 12:10:30.892 +00:00] [INF] [85] Emby.Server.Implementations.Library.LibraryManager: All post-scan tasks completed after 0 minute(s) and 7 seconds
[2026-09-19 12:10:30.960 +00:00] [INF] [85] Emby.Server.Implementations.ScheduledTasks.TaskManager: "Scan Media Library" Completed after 0 minute(s) and 34 seconds
[2026-09-19 12:10:31.287 +00:00] [INF] [66] Emby.Server.Implementations.IO.LibraryMonitor: Watching directory "/media/tv"
[2026-09-19 12:10:31.338 +00:00] [INF] [57] Emby.Server.Implementations.IO.LibraryMonitor: Watching directory "/media/movies"
[2026-09-19 12:21:07.840 +00:00] [INF] [58] Emby.Server.Implementations.ScheduledTasks.Tasks.OptimizeDatabaseTask: Vacuuming and analyzing jellyfin.db...
[2026-09-19 12:21:09.356 +00:00] [INF] [58] Jellyfin.Database.Providers.Sqlite.SqliteDatabaseProvider: jellyfin.db optimized successfully!
[2026-09-19 12:21:09.356 +00:00] [INF] [58] Emby.Server.Implementations.ScheduledTasks.TaskManager: "Optimize database" Completed after 0 minute(s) and 1 seconds
[2026-09-19 14:30:43.771 +00:00] [INF] [44] Emby.Server.Implementations.IO.LibraryMonitor: "Bleach" ("/media/tv/Bleach") will be refreshed.
[2026-09-19 14:30:44.048 +00:00] [ERR] [44] MediaBrowser.Providers.TV.EpisodeMetadataService: Error in "TheMovieDb" for "/media/tv/Bleach/Bleach.S17E01.MULTi.1080p.BluRay.x265-KAF.mkv"
System.Net.Http.HttpRequestException: Resource temporarily unavailable (api.themoviedb.org:443)
 ---> System.Net.Sockets.SocketException (00000001, 11): Resource temporarily unavailable
   at System.Net.Dns.GetHostEntryOrAddressesCore(String hostName, Boolean justAddresses, AddressFamily addressFamily, Nullable`1 activityOrDefault)
   at System.Net.Dns.<>c.<GetHostEntryOrAddressesCoreAsync>b__34_1(Object s, NameResolutionActivity activity)
   at System.Threading.Tasks.ContinuationResultTaskFromTask`1.InnerInvoke()
   at System.Threading.ExecutionContext.RunFromThreadPoolDispatchLoop(Thread threadPoolThread, ExecutionContext executionContext, ContextCallback callback, Object state)
--- End of stack trace from previous location ---
   at System.Threading.ExecutionContext.RunFromThreadPoolDispatchLoop(Thread threadPoolThread, ExecutionContext executionContext, ContextCallback callback, Object state)
   at System.Threading.Tasks.Task.ExecuteWithThreadLocal(Task& currentTaskSlot, Thread threadPoolThread)
--- End of stack trace from previous location ---
   at TMDbLib.Rest.HappyEyeballsCallback.GetAddressesAsync(String host, CancellationToken cancellationToken)
   at TMDbLib.Rest.HappyEyeballsCallback.ConnectAsync(SocketsHttpConnectionContext context, CancellationToken cancellationToken)
   at System.Net.Http.HttpConnectionPool.ConnectToTcpHostAsync(String host, Int32 port, HttpRequestMessage initialRequest, Boolean async, CancellationToken cancellationToken)
   --- End of inner exception stack trace ---
   at System.Net.Http.HttpConnectionPool.ConnectToTcpHostAsync(String host, Int32 port, HttpRequestMessage initialRequest, Boolean async, CancellationToken cancellationToken)
   at System.Net.Http.HttpConnectionPool.ConnectAsync(HttpRequestMessage request, Boolean async, CancellationToken cancellationToken)
   at System.Net.Http.HttpConnectionPool.CreateHttp11ConnectionAsync(HttpRequestMessage request, Boolean async, CancellationToken cancellationToken)
   at System.Net.Http.HttpConnectionPool.InjectNewHttp11ConnectionAsync(QueueItem queueItem)
   at System.Threading.Tasks.TaskCompletionSourceWithCancellation`1.WaitWithCancellationAsync(CancellationToken cancellationToken)
   at System.Net.Http.HttpConnectionPool.SendWithVersionDetectionAndRetryAsync(HttpRequestMessage request, Boolean async, Boolean doRequestAuth, CancellationToken cancellationToken)
   at System.Net.Http.RedirectHandler.SendAsync(HttpRequestMessage request, Boolean async, CancellationToken cancellationToken)
   at System.Net.Http.HttpClient.<SendAsync>g__Core|83_0(HttpRequestMessage request, HttpCompletionOption completionOption, CancellationTokenSource cts, Boolean disposeCts, CancellationTokenSource pendingRequestsCts, CancellationToken originalCancellationToken)
   at TMDbLib.Rest.RestRequest.SendInternal(HttpMethod method, CancellationToken cancellationToken)
   at TMDbLib.Rest.RestRequest.Get[T](CancellationToken cancellationToken)
   at TMDbLib.Client.TMDbClient.GetTvEpisodeAsync(Int32 tvShowId, Int32 seasonNumber, Int64 episodeNumber, TvEpisodeMethods extraMethods, String language, String includeImageLanguage, CancellationToken cancellationToken)
   at MediaBrowser.Providers.Plugins.Tmdb.TmdbClientManager.GetEpisodeAsync(Int32 tvShowId, Int32 seasonNumber, Int64 episodeNumber, String displayOrder, String language, String imageLanguages, String countryCode, CancellationToken cancellationToken)
   at MediaBrowser.Providers.Plugins.Tmdb.TV.TmdbEpisodeProvider.GetMetadata(EpisodeInfo info, CancellationToken cancellationToken)
   at MediaBrowser.Providers.Manager.MetadataService`2.ExecuteRemoteProviders(MetadataResult`1 temp, String logName, Boolean replaceData, TIdType id, IEnumerable`1 providers, CancellationToken cancellationToken)
[2026-09-19 14:30:44.404 +00:00] [ERR] [44] MediaBrowser.Providers.TV.EpisodeMetadataService: Error in "TheMovieDb" for "/media/tv/Bleach/Bleach.S17E02.MULTi.1080p.BluRay.x265-KAF.mkv"
System.Net.Http.HttpRequestException: Resource temporarily unavailable (api.themoviedb.org:443)
 ---> System.Net.Sockets.SocketException (00000001, 11): Resource temporarily unavailable
   at System.Net.Dns.GetHostEntryOrAddressesCore(String hostName, Boolean justAddresses, AddressFamily addressFamily, Nullable`1 activityOrDefault)
   at System.Net.Dns.<>c.<GetHostEntryOrAddressesCoreAsync>b__34_1(Object s, NameResolutionActivity activity)
   at System.Threading.Tasks.ContinuationResultTaskFromTask`1.InnerInvoke()
   at System.Threading.ExecutionContext.RunFromThreadPoolDispatchLoop(Thread threadPoolThread, ExecutionContext executionContext, ContextCallback callback, Object state)
--- End of stack trace from previous location ---
   at System.Threading.ExecutionContext.RunFromThreadPoolDispatchLoop(Thread threadPoolThread, ExecutionContext executionContext, ContextCallback callback, Object state)
   at System.Threading.Tasks.Task.ExecuteWithThreadLocal(Task& currentTaskSlot, Thread threadPoolThread)
--- End of stack trace from previous location ---
   at TMDbLib.Rest.HappyEyeballsCallback.GetAddressesAsync(String host, CancellationToken cancellationToken)
   at TMDbLib.Rest.HappyEyeballsCallback.ConnectAsync(SocketsHttpConnectionContext context, CancellationToken cancellationToken)
   at System.Net.Http.HttpConnectionPool.ConnectToTcpHostAsync(String host, Int32 port, HttpRequestMessage initialRequest, Boolean async, CancellationToken cancellationToken)
   --- End of inner exception stack trace ---
   at System.Net.Http.HttpConnectionPool.ConnectToTcpHostAsync(String host, Int32 port, HttpRequestMessage initialRequest, Boolean async, CancellationToken cancellationToken)
   at System.Net.Http.HttpConnectionPool.ConnectAsync(HttpRequestMessage request, Boolean async, CancellationToken cancellationToken)
   at System.Net.Http.HttpConnectionPool.CreateHttp11ConnectionAsync(HttpRequestMessage request, Boolean async, CancellationToken cancellationToken)
   at System.Net.Http.HttpConnectionPool.InjectNewHttp11ConnectionAsync(QueueItem queueItem)
   at System.Threading.Tasks.TaskCompletionSourceWithCancellation`1.WaitWithCancellationAsync(CancellationToken cancellationToken)
   at System.Net.Http.HttpConnectionPool.SendWithVersionDetectionAndRetryAsync(HttpRequestMessage request, Boolean async, Boolean doRequestAuth, CancellationToken cancellationToken)
   at System.Net.Http.RedirectHandler.SendAsync(HttpRequestMessage request, Boolean async, CancellationToken cancellationToken)
   at System.Net.Http.HttpClient.<SendAsync>g__Core|83_0(HttpRequestMessage request, HttpCompletionOption completionOption, CancellationTokenSource cts, Boolean disposeCts, CancellationTokenSource pendingRequestsCts, CancellationToken originalCancellationToken)
   at TMDbLib.Rest.RestRequest.SendInternal(HttpMethod method, CancellationToken cancellationToken)
   at TMDbLib.Rest.RestRequest.Get[T](CancellationToken cancellationToken)
   at TMDbLib.Client.TMDbClient.GetTvEpisodeAsync(Int32 tvShowId, Int32 seasonNumber, Int64 episodeNumber, TvEpisodeMethods extraMethods, String language, String includeImageLanguage, CancellationToken cancellationToken)
   at MediaBrowser.Providers.Plugins.Tmdb.TmdbClientManager.GetEpisodeAsync(Int32 tvShowId, Int32 seasonNumber, Int64 episodeNumber, String displayOrder, String language, String imageLanguages, String countryCode, CancellationToken cancellationToken)
   at MediaBrowser.Providers.Plugins.Tmdb.TV.TmdbEpisodeProvider.GetMetadata(EpisodeInfo info, CancellationToken cancellationToken)
   at MediaBrowser.Providers.Manager.MetadataService`2.ExecuteRemoteProviders(MetadataResult`1 temp, String logName, Boolean replaceData, TIdType id, IEnumerable`1 providers, CancellationToken cancellationToken)
[2026-09-19 14:30:44.580 +00:00] [ERR] [44] MediaBrowser.Providers.TV.EpisodeMetadataService: Error in "TheMovieDb" for "/media/tv/Bleach/Bleach.S17E03.MULTi.1080p.BluRay.x265-KAF.mkv"
System.Net.Http.HttpRequestException: Resource temporarily unavailable (api.themoviedb.org:443)
 ---> System.Net.Sockets.SocketException (00000001, 11): Resource temporarily unavailable
   at System.Net.Dns.GetHostEntryOrAddressesCore(String hostName, Boolean justAddresses, AddressFamily addressFamily, Nullable`1 activityOrDefault)
   at System.Net.Dns.<>c.<GetHostEntryOrAddressesCoreAsync>b__34_1(Object s, NameResolutionActivity activity)
   at System.Threading.Tasks.ContinuationResultTaskFromTask`1.InnerInvoke()
   at System.Threading.ExecutionContext.RunFromThreadPoolDispatchLoop(Thread threadPoolThread, ExecutionContext executionContext, ContextCallback callback, Object state)
--- End of stack trace from previous location ---
   at System.Threading.ExecutionContext.RunFromThreadPoolDispatchLoop(Thread threadPoolThread, ExecutionContext executionContext, ContextCallback callback, Object state)
   at System.Threading.Tasks.Task.ExecuteWithThreadLocal(Task& currentTaskSlot, Thread threadPoolThread)
--- End of stack trace from previous location ---
   at TMDbLib.Rest.HappyEyeballsCallback.GetAddressesAsync(String host, CancellationToken cancellationToken)
   at TMDbLib.Rest.HappyEyeballsCallback.ConnectAsync(SocketsHttpConnectionContext context, CancellationToken cancellationToken)
   at System.Net.Http.HttpConnectionPool.ConnectToTcpHostAsync(String host, Int32 port, HttpRequestMessage initialRequest, Boolean async, CancellationToken cancellationToken)
   --- End of inner exception stack trace ---
   at System.Net.Http.HttpConnectionPool.ConnectToTcpHostAsync(String host, Int32 port, HttpRequestMessage initialRequest, Boolean async, CancellationToken cancellationToken)
   at System.Net.Http.HttpConnectionPool.ConnectAsync(HttpRequestMessage request, Boolean async, CancellationToken cancellationToken)
   at System.Net.Http.HttpConnectionPool.CreateHttp11ConnectionAsync(HttpRequestMessage request, Boolean async, CancellationToken cancellationToken)
   at System.Net.Http.HttpConnectionPool.InjectNewHttp11ConnectionAsync(QueueItem queueItem)
   at System.Threading.Tasks.TaskCompletionSourceWithCancellation`1.WaitWithCancellationAsync(CancellationToken cancellationToken)
   at System.Net.Http.HttpConnectionPool.SendWithVersionDetectionAndRetryAsync(HttpRequestMessage request, Boolean async, Boolean doRequestAuth, CancellationToken cancellationToken)
   at System.Net.Http.RedirectHandler.SendAsync(HttpRequestMessage request, Boolean async, CancellationToken cancellationToken)
   at System.Net.Http.HttpClient.<SendAsync>g__Core|83_0(HttpRequestMessage request, HttpCompletionOption completionOption, CancellationTokenSource cts, Boolean disposeCts, CancellationTokenSource pendingRequestsCts, CancellationToken originalCancellationToken)
   at TMDbLib.Rest.RestRequest.SendInternal(HttpMethod method, CancellationToken cancellationToken)
   at TMDbLib.Rest.RestRequest.Get[T](CancellationToken cancellationToken)
   at TMDbLib.Client.TMDbClient.GetTvEpisodeAsync(Int32 tvShowId, Int32 seasonNumber, Int64 episodeNumber, TvEpisodeMethods extraMethods, String language, String includeImageLanguage, CancellationToken cancellationToken)
   at MediaBrowser.Providers.Plugins.Tmdb.TmdbClientManager.GetEpisodeAsync(Int32 tvShowId, Int32 seasonNumber, Int64 episodeNumber, String displayOrder, String language, String imageLanguages, String countryCode, CancellationToken cancellationToken)
   at MediaBrowser.Providers.Plugins.Tmdb.TV.TmdbEpisodeProvider.GetMetadata(EpisodeInfo info, CancellationToken cancellationToken)
   at MediaBrowser.Providers.Manager.MetadataService`2.ExecuteRemoteProviders(MetadataResult`1 temp, String logName, Boolean replaceData, TIdType id, IEnumerable`1 providers, CancellationToken cancellationToken)
[2026-09-19 14:30:44.768 +00:00] [ERR] [44] MediaBrowser.Providers.TV.EpisodeMetadataService: Error in "TheMovieDb" for "/media/tv/Bleach/Bleach.S17E04.MULTi.1080p.BluRay.x265-KAF.mkv"
System.Net.Http.HttpRequestException: Resource temporarily unavailable (api.themoviedb.org:443)
 ---> System.Net.Sockets.SocketException (00000001, 11): Resource temporarily unavailable
   at System.Net.Dns.GetHostEntryOrAddressesCore(String hostName, Boolean justAddresses, AddressFamily addressFamily, Nullable`1 activityOrDefault)
   at System.Net.Dns.<>c.<GetHostEntryOrAddressesCoreAsync>b__34_1(Object s, NameResolutionActivity activity)
   at System.Threading.Tasks.ContinuationResultTaskFromTask`1.InnerInvoke()
   at System.Threading.ExecutionContext.RunFromThreadPoolDispatchLoop(Thread threadPoolThread, ExecutionContext executionContext, ContextCallback callback, Object state)
--- End of stack trace from previous location ---
   at System.Threading.ExecutionContext.RunFromThreadPoolDispatchLoop(Thread threadPoolThread, ExecutionContext executionContext, ContextCallback callback, Object state)
   at System.Threading.Tasks.Task.ExecuteWithThreadLocal(Task& currentTaskSlot, Thread threadPoolThread)
--- End of stack trace from previous location ---
   at TMDbLib.Rest.HappyEyeballsCallback.GetAddressesAsync(String host, CancellationToken cancellationToken)
   at TMDbLib.Rest.HappyEyeballsCallback.ConnectAsync(SocketsHttpConnectionContext context, CancellationToken cancellationToken)
   at System.Net.Http.HttpConnectionPool.ConnectToTcpHostAsync(String host, Int32 port, HttpRequestMessage initialRequest, Boolean async, CancellationToken cancellationToken)
   --- End of inner exception stack trace ---
   at System.Net.Http.HttpConnectionPool.ConnectToTcpHostAsync(String host, Int32 port, HttpRequestMessage initialRequest, Boolean async, CancellationToken cancellationToken)
   at System.Net.Http.HttpConnectionPool.ConnectAsync(HttpRequestMessage request, Boolean async, CancellationToken cancellationToken)
   at System.Net.Http.HttpConnectionPool.CreateHttp11ConnectionAsync(HttpRequestMessage request, Boolean async, CancellationToken cancellationToken)
   at System.Net.Http.HttpConnectionPool.InjectNewHttp11ConnectionAsync(QueueItem queueItem)
   at System.Threading.Tasks.TaskCompletionSourceWithCancellation`1.WaitWithCancellationAsync(CancellationToken cancellationToken)
   at System.Net.Http.HttpConnectionPool.SendWithVersionDetectionAndRetryAsync(HttpRequestMessage request, Boolean async, Boolean doRequestAuth, CancellationToken cancellationToken)
   at System.Net.Http.RedirectHandler.SendAsync(HttpRequestMessage request, Boolean async, CancellationToken cancellationToken)
   at System.Net.Http.HttpClient.<SendAsync>g__Core|83_0(HttpRequestMessage request, HttpCompletionOption completionOption, CancellationTokenSource cts, Boolean disposeCts, CancellationTokenSource pendingRequestsCts, CancellationToken originalCancellationToken)
   at TMDbLib.Rest.RestRequest.SendInternal(HttpMethod method, CancellationToken cancellationToken)
   at TMDbLib.Rest.RestRequest.Get[T](CancellationToken cancellationToken)
   at TMDbLib.Client.TMDbClient.GetTvEpisodeAsync(Int32 tvShowId, Int32 seasonNumber, Int64 episodeNumber, TvEpisodeMethods extraMethods, String language, String includeImageLanguage, CancellationToken cancellationToken)
   at MediaBrowser.Providers.Plugins.Tmdb.TmdbClientManager.GetEpisodeAsync(Int32 tvShowId, Int32 seasonNumber, Int64 episodeNumber, String displayOrder, String language, String imageLanguages, String countryCode, CancellationToken cancellationToken)
   at MediaBrowser.Providers.Plugins.Tmdb.TV.TmdbEpisodeProvider.GetMetadata(EpisodeInfo info, CancellationToken cancellationToken)
   at MediaBrowser.Providers.Manager.MetadataService`2.ExecuteRemoteProviders(MetadataResult`1 temp, String logName, Boolean replaceData, TIdType id, IEnumerable`1 providers, CancellationToken cancellationToken)
[2026-09-19 14:30:44.964 +00:00] [ERR] [44] MediaBrowser.Providers.TV.EpisodeMetadataService: Error in "TheMovieDb" for "/media/tv/Bleach/Bleach.S17E05.MULTi.1080p.BluRay.x265-KAF.mkv"
System.Net.Http.HttpRequestException: Resource temporarily unavailable (api.themoviedb.org:443)
 ---> System.Net.Sockets.SocketException (00000001, 11): Resource temporarily unavailable
   at System.Net.Dns.GetHostEntryOrAddressesCore(String hostName, Boolean justAddresses, AddressFamily addressFamily, Nullable`1 activityOrDefault)
   at System.Net.Dns.<>c.<GetHostEntryOrAddressesCoreAsync>b__34_1(Object s, NameResolutionActivity activity)
   at System.Threading.Tasks.ContinuationResultTaskFromTask`1.InnerInvoke()
   at System.Threading.ExecutionContext.RunFromThreadPoolDispatchLoop(Thread threadPoolThread, ExecutionContext executionContext, ContextCallback callback, Object state)
--- End of stack trace from previous location ---
   at System.Threading.ExecutionContext.RunFromThreadPoolDispatchLoop(Thread threadPoolThread, ExecutionContext executionContext, ContextCallback callback, Object state)
   at System.Threading.Tasks.Task.ExecuteWithThreadLocal(Task& currentTaskSlot, Thread threadPoolThread)
--- End of stack trace from previous location ---
   at TMDbLib.Rest.HappyEyeballsCallback.GetAddressesAsync(String host, CancellationToken cancellationToken)
   at TMDbLib.Rest.HappyEyeballsCallback.ConnectAsync(SocketsHttpConnectionContext context, CancellationToken cancellationToken)
   at System.Net.Http.HttpConnectionPool.ConnectToTcpHostAsync(String host, Int32 port, HttpRequestMessage initialRequest, Boolean async, CancellationToken cancellationToken)
   --- End of inner exception stack trace ---
   at System.Net.Http.HttpConnectionPool.ConnectToTcpHostAsync(String host, Int32 port, HttpRequestMessage initialRequest, Boolean async, CancellationToken cancellationToken)
   at System.Net.Http.HttpConnectionPool.ConnectAsync(HttpRequestMessage request, Boolean async, CancellationToken cancellationToken)
   at System.Net.Http.HttpConnectionPool.CreateHttp11ConnectionAsync(HttpRequestMessage request, Boolean async, CancellationToken cancellationToken)
   at System.Net.Http.HttpConnectionPool.InjectNewHttp11ConnectionAsync(QueueItem queueItem)
   at System.Threading.Tasks.TaskCompletionSourceWithCancellation`1.WaitWithCancellationAsync(CancellationToken cancellationToken)
   at System.Net.Http.HttpConnectionPool.SendWithVersionDetectionAndRetryAsync(HttpRequestMessage request, Boolean async, Boolean doRequestAuth, CancellationToken cancellationToken)
   at System.Net.Http.RedirectHandler.SendAsync(HttpRequestMessage request, Boolean async, CancellationToken cancellationToken)
   at System.Net.Http.HttpClient.<SendAsync>g__Core|83_0(HttpRequestMessage request, HttpCompletionOption completionOption, CancellationTokenSource cts, Boolean disposeCts, CancellationTokenSource pendingRequestsCts, CancellationToken originalCancellationToken)
   at TMDbLib.Rest.RestRequest.SendInternal(HttpMethod method, CancellationToken cancellationToken)
   at TMDbLib.Rest.RestRequest.Get[T](CancellationToken cancellationToken)
   at TMDbLib.Client.TMDbClient.GetTvEpisodeAsync(Int32 tvShowId, Int32 seasonNumber, Int64 episodeNumber, TvEpisodeMethods extraMethods, String language, String includeImageLanguage, CancellationToken cancellationToken)
   at MediaBrowser.Providers.Plugins.Tmdb.TmdbClientManager.GetEpisodeAsync(Int32 tvShowId, Int32 seasonNumber, Int64 episodeNumber, String displayOrder, String language, String imageLanguages, String countryCode, CancellationToken cancellationToken)
   at MediaBrowser.Providers.Plugins.Tmdb.TV.TmdbEpisodeProvider.GetMetadata(EpisodeInfo info, CancellationToken cancellationToken)
   at MediaBrowser.Providers.Manager.MetadataService`2.ExecuteRemoteProviders(MetadataResult`1 temp, String logName, Boolean replaceData, TIdType id, IEnumerable`1 providers, CancellationToken cancellationToken)
[2026-09-19 14:30:45.164 +00:00] [ERR] [44] MediaBrowser.Providers.TV.EpisodeMetadataService: Error in "TheMovieDb" for "/media/tv/Bleach/Bleach.S17E06.MULTi.1080p.BluRay.x265-KAF.mkv"
System.Net.Http.HttpRequestException: Resource temporarily unavailable (api.themoviedb.org:443)
 ---> System.Net.Sockets.SocketException (00000001, 11): Resource temporarily unavailable
   at System.Net.Dns.GetHostEntryOrAddressesCore(String hostName, Boolean justAddresses, AddressFamily addressFamily, Nullable`1 activityOrDefault)
   at System.Net.Dns.<>c.<GetHostEntryOrAddressesCoreAsync>b__34_1(Object s, NameResolutionActivity activity)
   at System.Threading.Tasks.ContinuationResultTaskFromTask`1.InnerInvoke()
   at System.Threading.ExecutionContext.RunFromThreadPoolDispatchLoop(Thread threadPoolThread, ExecutionContext executionContext, ContextCallback callback, Object state)
--- End of stack trace from previous location ---
   at System.Threading.ExecutionContext.RunFromThreadPoolDispatchLoop(Thread threadPoolThread, ExecutionContext executionContext, ContextCallback callback, Object state)
   at System.Threading.Tasks.Task.ExecuteWithThreadLocal(Task& currentTaskSlot, Thread threadPoolThread)
--- End of stack trace from previous location ---
   at TMDbLib.Rest.HappyEyeballsCallback.GetAddressesAsync(String host, CancellationToken cancellationToken)
   at TMDbLib.Rest.HappyEyeballsCallback.ConnectAsync(SocketsHttpConnectionContext context, CancellationToken cancellationToken)
   at System.Net.Http.HttpConnectionPool.ConnectToTcpHostAsync(String host, Int32 port, HttpRequestMessage initialRequest, Boolean async, CancellationToken cancellationToken)
   --- End of inner exception stack trace ---
   at System.Net.Http.HttpConnectionPool.ConnectToTcpHostAsync(String host, Int32 port, HttpRequestMessage initialRequest, Boolean async, CancellationToken cancellationToken)
   at System.Net.Http.HttpConnectionPool.ConnectAsync(HttpRequestMessage request, Boolean async, CancellationToken cancellationToken)
   at System.Net.Http.HttpConnectionPool.CreateHttp11ConnectionAsync(HttpRequestMessage request, Boolean async, CancellationToken cancellationToken)
   at System.Net.Http.HttpConnectionPool.InjectNewHttp11ConnectionAsync(QueueItem queueItem)
   at System.Threading.Tasks.TaskCompletionSourceWithCancellation`1.WaitWithCancellationAsync(CancellationToken cancellationToken)
   at System.Net.Http.HttpConnectionPool.SendWithVersionDetectionAndRetryAsync(HttpRequestMessage request, Boolean async, Boolean doRequestAuth, CancellationToken cancellationToken)
   at System.Net.Http.RedirectHandler.SendAsync(HttpRequestMessage request, Boolean async, CancellationToken cancellationToken)
   at System.Net.Http.HttpClient.<SendAsync>g__Core|83_0(HttpRequestMessage request, HttpCompletionOption completionOption, CancellationTokenSource cts, Boolean disposeCts, CancellationTokenSource pendingRequestsCts, CancellationToken originalCancellationToken)
   at TMDbLib.Rest.RestRequest.SendInternal(HttpMethod method, CancellationToken cancellationToken)
   at TMDbLib.Rest.RestRequest.Get[T](CancellationToken cancellationToken)
   at TMDbLib.Client.TMDbClient.GetTvEpisodeAsync(Int32 tvShowId, Int32 seasonNumber, Int64 episodeNumber, TvEpisodeMethods extraMethods, String language, String includeImageLanguage, CancellationToken cancellationToken)
   at MediaBrowser.Providers.Plugins.Tmdb.TmdbClientManager.GetEpisodeAsync(Int32 tvShowId, Int32 seasonNumber, Int64 episodeNumber, String displayOrder, String language, String imageLanguages, String countryCode, CancellationToken cancellationToken)
   at MediaBrowser.Providers.Plugins.Tmdb.TV.TmdbEpisodeProvider.GetMetadata(EpisodeInfo info, CancellationToken cancellationToken)
   at MediaBrowser.Providers.Manager.MetadataService`2.ExecuteRemoteProviders(MetadataResult`1 temp, String logName, Boolean replaceData, TIdType id, IEnumerable`1 providers, CancellationToken cancellationToken)
[2026-09-19 14:30:45.340 +00:00] [ERR] [67] MediaBrowser.Providers.TV.EpisodeMetadataService: Error in "TheMovieDb" for "/media/tv/Bleach/Bleach.S17E07.MULTi.1080p.BluRay.x265-KAF.mkv"
System.Net.Http.HttpRequestException: Resource temporarily unavailable (api.themoviedb.org:443)
 ---> System.Net.Sockets.SocketException (00000001, 11): Resource temporarily unavailable
   at System.Net.Dns.GetHostEntryOrAddressesCore(String hostName, Boolean justAddresses, AddressFamily addressFamily, Nullable`1 activityOrDefault)
   at System.Net.Dns.<>c.<GetHostEntryOrAddressesCoreAsync>b__34_1(Object s, NameResolutionActivity activity)
   at System.Threading.Tasks.ContinuationResultTaskFromTask`1.InnerInvoke()
   at System.Threading.ExecutionContext.RunFromThreadPoolDispatchLoop(Thread threadPoolThread, ExecutionContext executionContext, ContextCallback callback, Object state)
--- End of stack trace from previous location ---
   at System.Threading.ExecutionContext.RunFromThreadPoolDispatchLoop(Thread threadPoolThread, ExecutionContext executionContext, ContextCallback callback, Object state)
   at System.Threading.Tasks.Task.ExecuteWithThreadLocal(Task& currentTaskSlot, Thread threadPoolThread)
--- End of stack trace from previous location ---
   at TMDbLib.Rest.HappyEyeballsCallback.GetAddressesAsync(String host, CancellationToken cancellationToken)
   at TMDbLib.Rest.HappyEyeballsCallback.ConnectAsync(SocketsHttpConnectionContext context, CancellationToken cancellationToken)
   at System.Net.Http.HttpConnectionPool.ConnectToTcpHostAsync(String host, Int32 port, HttpRequestMessage initialRequest, Boolean async, CancellationToken cancellationToken)
   --- End of inner exception stack trace ---
   at System.Net.Http.HttpConnectionPool.ConnectToTcpHostAsync(String host, Int32 port, HttpRequestMessage initialRequest, Boolean async, CancellationToken cancellationToken)
   at System.Net.Http.HttpConnectionPool.ConnectAsync(HttpRequestMessage request, Boolean async, CancellationToken cancellationToken)
   at System.Net.Http.HttpConnectionPool.CreateHttp11ConnectionAsync(HttpRequestMessage request, Boolean async, CancellationToken cancellationToken)
   at System.Net.Http.HttpConnectionPool.InjectNewHttp11ConnectionAsync(QueueItem queueItem)
   at System.Threading.Tasks.TaskCompletionSourceWithCancellation`1.WaitWithCancellationAsync(CancellationToken cancellationToken)
   at System.Net.Http.HttpConnectionPool.SendWithVersionDetectionAndRetryAsync(HttpRequestMessage request, Boolean async, Boolean doRequestAuth, CancellationToken cancellationToken)
   at System.Net.Http.RedirectHandler.SendAsync(HttpRequestMessage request, Boolean async, CancellationToken cancellationToken)
   at System.Net.Http.HttpClient.<SendAsync>g__Core|83_0(HttpRequestMessage request, HttpCompletionOption completionOption, CancellationTokenSource cts, Boolean disposeCts, CancellationTokenSource pendingRequestsCts, CancellationToken originalCancellationToken)
   at TMDbLib.Rest.RestRequest.SendInternal(HttpMethod method, CancellationToken cancellationToken)
   at TMDbLib.Rest.RestRequest.Get[T](CancellationToken cancellationToken)
   at TMDbLib.Client.TMDbClient.GetTvEpisodeAsync(Int32 tvShowId, Int32 seasonNumber, Int64 episodeNumber, TvEpisodeMethods extraMethods, String language, String includeImageLanguage, CancellationToken cancellationToken)
   at MediaBrowser.Providers.Plugins.Tmdb.TmdbClientManager.GetEpisodeAsync(Int32 tvShowId, Int32 seasonNumber, Int64 episodeNumber, String displayOrder, String language, String imageLanguages, String countryCode, CancellationToken cancellationToken)
   at MediaBrowser.Providers.Plugins.Tmdb.TV.TmdbEpisodeProvider.GetMetadata(EpisodeInfo info, CancellationToken cancellationToken)
   at MediaBrowser.Providers.Manager.MetadataService`2.ExecuteRemoteProviders(MetadataResult`1 temp, String logName, Boolean replaceData, TIdType id, IEnumerable`1 providers, CancellationToken cancellationToken)
[2026-09-19 14:30:45.528 +00:00] [ERR] [67] MediaBrowser.Providers.TV.EpisodeMetadataService: Error in "TheMovieDb" for "/media/tv/Bleach/Bleach.S17E08.MULTi.1080p.BluRay.x265-KAF.mkv"
System.Net.Http.HttpRequestException: Resource temporarily unavailable (api.themoviedb.org:443)
 ---> System.Net.Sockets.SocketException (00000001, 11): Resource temporarily unavailable
   at System.Net.Dns.GetHostEntryOrAddressesCore(String hostName, Boolean justAddresses, AddressFamily addressFamily, Nullable`1 activityOrDefault)
   at System.Net.Dns.<>c.<GetHostEntryOrAddressesCoreAsync>b__34_1(Object s, NameResolutionActivity activity)
   at System.Threading.Tasks.ContinuationResultTaskFromTask`1.InnerInvoke()
   at System.Threading.ExecutionContext.RunFromThreadPoolDispatchLoop(Thread threadPoolThread, ExecutionContext executionContext, ContextCallback callback, Object state)
--- End of stack trace from previous location ---
   at System.Threading.ExecutionContext.RunFromThreadPoolDispatchLoop(Thread threadPoolThread, ExecutionContext executionContext, ContextCallback callback, Object state)
   at System.Threading.Tasks.Task.ExecuteWithThreadLocal(Task& currentTaskSlot, Thread threadPoolThread)
--- End of stack trace from previous location ---
   at TMDbLib.Rest.HappyEyeballsCallback.GetAddressesAsync(String host, CancellationToken cancellationToken)
   at TMDbLib.Rest.HappyEyeballsCallback.ConnectAsync(SocketsHttpConnectionContext context, CancellationToken cancellationToken)
   at System.Net.Http.HttpConnectionPool.ConnectToTcpHostAsync(String host, Int32 port, HttpRequestMessage initialRequest, Boolean async, CancellationToken cancellationToken)
   --- End of inner exception stack trace ---
   at System.Net.Http.HttpConnectionPool.ConnectToTcpHostAsync(String host, Int32 port, HttpRequestMessage initialRequest, Boolean async, CancellationToken cancellationToken)
   at System.Net.Http.HttpConnectionPool.ConnectAsync(HttpRequestMessage request, Boolean async, CancellationToken cancellationToken)
   at System.Net.Http.HttpConnectionPool.CreateHttp11ConnectionAsync(HttpRequestMessage request, Boolean async, CancellationToken cancellationToken)
   at System.Net.Http.HttpConnectionPool.InjectNewHttp11ConnectionAsync(QueueItem queueItem)
   at System.Threading.Tasks.TaskCompletionSourceWithCancellation`1.WaitWithCancellationAsync(CancellationToken cancellationToken)
   at System.Net.Http.HttpConnectionPool.SendWithVersionDetectionAndRetryAsync(HttpRequestMessage request, Boolean async, Boolean doRequestAuth, CancellationToken cancellationToken)
   at System.Net.Http.RedirectHandler.SendAsync(HttpRequestMessage request, Boolean async, CancellationToken cancellationToken)
   at System.Net.Http.HttpClient.<SendAsync>g__Core|83_0(HttpRequestMessage request, HttpCompletionOption completionOption, CancellationTokenSource cts, Boolean disposeCts, CancellationTokenSource pendingRequestsCts, CancellationToken originalCancellationToken)
   at TMDbLib.Rest.RestRequest.SendInternal(HttpMethod method, CancellationToken cancellationToken)
   at TMDbLib.Rest.RestRequest.Get[T](CancellationToken cancellationToken)
   at TMDbLib.Client.TMDbClient.GetTvEpisodeAsync(Int32 tvShowId, Int32 seasonNumber, Int64 episodeNumber, TvEpisodeMethods extraMethods, String language, String includeImageLanguage, CancellationToken cancellationToken)
   at MediaBrowser.Providers.Plugins.Tmdb.TmdbClientManager.GetEpisodeAsync(Int32 tvShowId, Int32 seasonNumber, Int64 episodeNumber, String displayOrder, String language, String imageLanguages, String countryCode, CancellationToken cancellationToken)
   at MediaBrowser.Providers.Plugins.Tmdb.TV.TmdbEpisodeProvider.GetMetadata(EpisodeInfo info, CancellationToken cancellationToken)
   at MediaBrowser.Providers.Manager.MetadataService`2.ExecuteRemoteProviders(MetadataResult`1 temp, String logName, Boolean replaceData, TIdType id, IEnumerable`1 providers, CancellationToken cancellationToken)
[2026-09-19 14:30:45.704 +00:00] [ERR] [67] MediaBrowser.Providers.TV.EpisodeMetadataService: Error in "TheMovieDb" for "/media/tv/Bleach/Bleach.S17E09.MULTi.1080p.BluRay.x265-KAF.mkv"
System.Net.Http.HttpRequestException: Resource temporarily unavailable (api.themoviedb.org:443)
 ---> System.Net.Sockets.SocketException (00000001, 11): Resource temporarily unavailable
   at System.Net.Dns.GetHostEntryOrAddressesCore(String hostName, Boolean justAddresses, AddressFamily addressFamily, Nullable`1 activityOrDefault)
   at System.Net.Dns.<>c.<GetHostEntryOrAddressesCoreAsync>b__34_1(Object s, NameResolutionActivity activity)
   at System.Threading.Tasks.ContinuationResultTaskFromTask`1.InnerInvoke()
   at System.Threading.ExecutionContext.RunFromThreadPoolDispatchLoop(Thread threadPoolThread, ExecutionContext executionContext, ContextCallback callback, Object state)
--- End of stack trace from previous location ---
   at System.Threading.ExecutionContext.RunFromThreadPoolDispatchLoop(Thread threadPoolThread, ExecutionContext executionContext, ContextCallback callback, Object state)
   at System.Threading.Tasks.Task.ExecuteWithThreadLocal(Task& currentTaskSlot, Thread threadPoolThread)
--- End of stack trace from previous location ---
   at TMDbLib.Rest.HappyEyeballsCallback.GetAddressesAsync(String host, CancellationToken cancellationToken)
   at TMDbLib.Rest.HappyEyeballsCallback.ConnectAsync(SocketsHttpConnectionContext context, CancellationToken cancellationToken)
   at System.Net.Http.HttpConnectionPool.ConnectToTcpHostAsync(String host, Int32 port, HttpRequestMessage initialRequest, Boolean async, CancellationToken cancellationToken)
   --- End of inner exception stack trace ---
   at System.Net.Http.HttpConnectionPool.ConnectToTcpHostAsync(String host, Int32 port, HttpRequestMessage initialRequest, Boolean async, CancellationToken cancellationToken)
   at System.Net.Http.HttpConnectionPool.ConnectAsync(HttpRequestMessage request, Boolean async, CancellationToken cancellationToken)
   at System.Net.Http.HttpConnectionPool.CreateHttp11ConnectionAsync(HttpRequestMessage request, Boolean async, CancellationToken cancellationToken)
   at System.Net.Http.HttpConnectionPool.InjectNewHttp11ConnectionAsync(QueueItem queueItem)
   at System.Threading.Tasks.TaskCompletionSourceWithCancellation`1.WaitWithCancellationAsync(CancellationToken cancellationToken)
   at System.Net.Http.HttpConnectionPool.SendWithVersionDetectionAndRetryAsync(HttpRequestMessage request, Boolean async, Boolean doRequestAuth, CancellationToken cancellationToken)
   at System.Net.Http.RedirectHandler.SendAsync(HttpRequestMessage request, Boolean async, CancellationToken cancellationToken)
   at System.Net.Http.HttpClient.<SendAsync>g__Core|83_0(HttpRequestMessage request, HttpCompletionOption completionOption, CancellationTokenSource cts, Boolean disposeCts, CancellationTokenSource pendingRequestsCts, CancellationToken originalCancellationToken)
   at TMDbLib.Rest.RestRequest.SendInternal(HttpMethod method, CancellationToken cancellationToken)
   at TMDbLib.Rest.RestRequest.Get[T](CancellationToken cancellationToken)
   at TMDbLib.Client.TMDbClient.GetTvEpisodeAsync(Int32 tvShowId, Int32 seasonNumber, Int64 episodeNumber, TvEpisodeMethods extraMethods, String language, String includeImageLanguage, CancellationToken cancellationToken)
   at MediaBrowser.Providers.Plugins.Tmdb.TmdbClientManager.GetEpisodeAsync(Int32 tvShowId, Int32 seasonNumber, Int64 episodeNumber, String displayOrder, String language, String imageLanguages, String countryCode, CancellationToken cancellationToken)
   at MediaBrowser.Providers.Plugins.Tmdb.TV.TmdbEpisodeProvider.GetMetadata(EpisodeInfo info, CancellationToken cancellationToken)
   at MediaBrowser.Providers.Manager.MetadataService`2.ExecuteRemoteProviders(MetadataResult`1 temp, String logName, Boolean replaceData, TIdType id, IEnumerable`1 providers, CancellationToken cancellationToken)
[2026-09-19 14:30:45.916 +00:00] [ERR] [67] MediaBrowser.Providers.TV.EpisodeMetadataService: Error in "TheMovieDb" for "/media/tv/Bleach/Bleach.S17E10.MULTi.1080p.BluRay.x265-KAF.mkv"
System.Net.Http.HttpRequestException: Resource temporarily unavailable (api.themoviedb.org:443)
 ---> System.Net.Sockets.SocketException (00000001, 11): Resource temporarily unavailable
   at System.Net.Dns.GetHostEntryOrAddressesCore(String hostName, Boolean justAddresses, AddressFamily addressFamily, Nullable`1 activityOrDefault)
   at System.Net.Dns.<>c.<GetHostEntryOrAddressesCoreAsync>b__34_1(Object s, NameResolutionActivity activity)
   at System.Threading.Tasks.ContinuationResultTaskFromTask`1.InnerInvoke()
   at System.Threading.ExecutionContext.RunFromThreadPoolDispatchLoop(Thread threadPoolThread, ExecutionContext executionContext, ContextCallback callback, Object state)
--- End of stack trace from previous location ---
   at System.Threading.ExecutionContext.RunFromThreadPoolDispatchLoop(Thread threadPoolThread, ExecutionContext executionContext, ContextCallback callback, Object state)
   at System.Threading.Tasks.Task.ExecuteWithThreadLocal(Task& currentTaskSlot, Thread threadPoolThread)
--- End of stack trace from previous location ---
   at TMDbLib.Rest.HappyEyeballsCallback.GetAddressesAsync(String host, CancellationToken cancellationToken)
   at TMDbLib.Rest.HappyEyeballsCallback.ConnectAsync(SocketsHttpConnectionContext context, CancellationToken cancellationToken)
   at System.Net.Http.HttpConnectionPool.ConnectToTcpHostAsync(String host, Int32 port, HttpRequestMessage initialRequest, Boolean async, CancellationToken cancellationToken)
   --- End of inner exception stack trace ---
   at System.Net.Http.HttpConnectionPool.ConnectToTcpHostAsync(String host, Int32 port, HttpRequestMessage initialRequest, Boolean async, CancellationToken cancellationToken)
   at System.Net.Http.HttpConnectionPool.ConnectAsync(HttpRequestMessage request, Boolean async, CancellationToken cancellationToken)
   at System.Net.Http.HttpConnectionPool.CreateHttp11ConnectionAsync(HttpRequestMessage request, Boolean async, CancellationToken cancellationToken)
   at System.Net.Http.HttpConnectionPool.InjectNewHttp11ConnectionAsync(QueueItem queueItem)
   at System.Threading.Tasks.TaskCompletionSourceWithCancellation`1.WaitWithCancellationAsync(CancellationToken cancellationToken)
   at System.Net.Http.HttpConnectionPool.SendWithVersionDetectionAndRetryAsync(HttpRequestMessage request, Boolean async, Boolean doRequestAuth, CancellationToken cancellationToken)
   at System.Net.Http.RedirectHandler.SendAsync(HttpRequestMessage request, Boolean async, CancellationToken cancellationToken)
   at System.Net.Http.HttpClient.<SendAsync>g__Core|83_0(HttpRequestMessage request, HttpCompletionOption completionOption, CancellationTokenSource cts, Boolean disposeCts, CancellationTokenSource pendingRequestsCts, CancellationToken originalCancellationToken)
   at TMDbLib.Rest.RestRequest.SendInternal(HttpMethod method, CancellationToken cancellationToken)
   at TMDbLib.Rest.RestRequest.Get[T](CancellationToken cancellationToken)
   at TMDbLib.Client.TMDbClient.GetTvEpisodeAsync(Int32 tvShowId, Int32 seasonNumber, Int64 episodeNumber, TvEpisodeMethods extraMethods, String language, String includeImageLanguage, CancellationToken cancellationToken)
   at MediaBrowser.Providers.Plugins.Tmdb.TmdbClientManager.GetEpisodeAsync(Int32 tvShowId, Int32 seasonNumber, Int64 episodeNumber, String displayOrder, String language, String imageLanguages, String countryCode, CancellationToken cancellationToken)
   at MediaBrowser.Providers.Plugins.Tmdb.TV.TmdbEpisodeProvider.GetMetadata(EpisodeInfo info, CancellationToken cancellationToken)
   at MediaBrowser.Providers.Manager.MetadataService`2.ExecuteRemoteProviders(MetadataResult`1 temp, String logName, Boolean replaceData, TIdType id, IEnumerable`1 providers, CancellationToken cancellationToken)
[2026-09-19 14:30:46.116 +00:00] [ERR] [44] MediaBrowser.Providers.TV.EpisodeMetadataService: Error in "TheMovieDb" for "/media/tv/Bleach/Bleach.S17E11.MULTi.1080p.BluRay.x265-KAF.mkv"
System.Net.Http.HttpRequestException: Resource temporarily unavailable (api.themoviedb.org:443)
 ---> System.Net.Sockets.SocketException (00000001, 11): Resource temporarily unavailable
   at System.Net.Dns.GetHostEntryOrAddressesCore(String hostName, Boolean justAddresses, AddressFamily addressFamily, Nullable`1 activityOrDefault)
   at System.Net.Dns.<>c.<GetHostEntryOrAddressesCoreAsync>b__34_1(Object s, NameResolutionActivity activity)
   at System.Threading.Tasks.ContinuationResultTaskFromTask`1.InnerInvoke()
   at System.Threading.ExecutionContext.RunFromThreadPoolDispatchLoop(Thread threadPoolThread, ExecutionContext executionContext, ContextCallback callback, Object state)
--- End of stack trace from previous location ---
   at System.Threading.ExecutionContext.RunFromThreadPoolDispatchLoop(Thread threadPoolThread, ExecutionContext executionContext, ContextCallback callback, Object state)
   at System.Threading.Tasks.Task.ExecuteWithThreadLocal(Task& currentTaskSlot, Thread threadPoolThread)
--- End of stack trace from previous location ---
   at TMDbLib.Rest.HappyEyeballsCallback.GetAddressesAsync(String host, CancellationToken cancellationToken)
   at TMDbLib.Rest.HappyEyeballsCallback.ConnectAsync(SocketsHttpConnectionContext context, CancellationToken cancellationToken)
   at System.Net.Http.HttpConnectionPool.ConnectToTcpHostAsync(String host, Int32 port, HttpRequestMessage initialRequest, Boolean async, CancellationToken cancellationToken)
   --- End of inner exception stack trace ---
   at System.Net.Http.HttpConnectionPool.ConnectToTcpHostAsync(String host, Int32 port, HttpRequestMessage initialRequest, Boolean async, CancellationToken cancellationToken)
   at System.Net.Http.HttpConnectionPool.ConnectAsync(HttpRequestMessage request, Boolean async, CancellationToken cancellationToken)
   at System.Net.Http.HttpConnectionPool.CreateHttp11ConnectionAsync(HttpRequestMessage request, Boolean async, CancellationToken cancellationToken)
   at System.Net.Http.HttpConnectionPool.InjectNewHttp11ConnectionAsync(QueueItem queueItem)
   at System.Threading.Tasks.TaskCompletionSourceWithCancellation`1.WaitWithCancellationAsync(CancellationToken cancellationToken)
   at System.Net.Http.HttpConnectionPool.SendWithVersionDetectionAndRetryAsync(HttpRequestMessage request, Boolean async, Boolean doRequestAuth, CancellationToken cancellationToken)
   at System.Net.Http.RedirectHandler.SendAsync(HttpRequestMessage request, Boolean async, CancellationToken cancellationToken)
   at System.Net.Http.HttpClient.<SendAsync>g__Core|83_0(HttpRequestMessage request, HttpCompletionOption completionOption, CancellationTokenSource cts, Boolean disposeCts, CancellationTokenSource pendingRequestsCts, CancellationToken originalCancellationToken)
   at TMDbLib.Rest.RestRequest.SendInternal(HttpMethod method, CancellationToken cancellationToken)
   at TMDbLib.Rest.RestRequest.Get[T](CancellationToken cancellationToken)
   at TMDbLib.Client.TMDbClient.GetTvEpisodeAsync(Int32 tvShowId, Int32 seasonNumber, Int64 episodeNumber, TvEpisodeMethods extraMethods, String language, String includeImageLanguage, CancellationToken cancellationToken)
   at MediaBrowser.Providers.Plugins.Tmdb.TmdbClientManager.GetEpisodeAsync(Int32 tvShowId, Int32 seasonNumber, Int64 episodeNumber, String displayOrder, String language, String imageLanguages, String countryCode, CancellationToken cancellationToken)
   at MediaBrowser.Providers.Plugins.Tmdb.TV.TmdbEpisodeProvider.GetMetadata(EpisodeInfo info, CancellationToken cancellationToken)
   at MediaBrowser.Providers.Manager.MetadataService`2.ExecuteRemoteProviders(MetadataResult`1 temp, String logName, Boolean replaceData, TIdType id, IEnumerable`1 providers, CancellationToken cancellationToken)
[2026-09-19 14:30:46.308 +00:00] [ERR] [67] MediaBrowser.Providers.TV.EpisodeMetadataService: Error in "TheMovieDb" for "/media/tv/Bleach/Bleach.S17E12.MULTi.1080p.BluRay.x265-KAF.mkv"
System.Net.Http.HttpRequestException: Resource temporarily unavailable (api.themoviedb.org:443)
 ---> System.Net.Sockets.SocketException (00000001, 11): Resource temporarily unavailable
   at System.Net.Dns.GetHostEntryOrAddressesCore(String hostName, Boolean justAddresses, AddressFamily addressFamily, Nullable`1 activityOrDefault)
   at System.Net.Dns.<>c.<GetHostEntryOrAddressesCoreAsync>b__34_1(Object s, NameResolutionActivity activity)
   at System.Threading.Tasks.ContinuationResultTaskFromTask`1.InnerInvoke()
   at System.Threading.ExecutionContext.RunFromThreadPoolDispatchLoop(Thread threadPoolThread, ExecutionContext executionContext, ContextCallback callback, Object state)
--- End of stack trace from previous location ---
   at System.Threading.ExecutionContext.RunFromThreadPoolDispatchLoop(Thread threadPoolThread, ExecutionContext executionContext, ContextCallback callback, Object state)
   at System.Threading.Tasks.Task.ExecuteWithThreadLocal(Task& currentTaskSlot, Thread threadPoolThread)
--- End of stack trace from previous location ---
   at TMDbLib.Rest.HappyEyeballsCallback.GetAddressesAsync(String host, CancellationToken cancellationToken)
   at TMDbLib.Rest.HappyEyeballsCallback.ConnectAsync(SocketsHttpConnectionContext context, CancellationToken cancellationToken)
   at System.Net.Http.HttpConnectionPool.ConnectToTcpHostAsync(String host, Int32 port, HttpRequestMessage initialRequest, Boolean async, CancellationToken cancellationToken)
   --- End of inner exception stack trace ---
   at System.Net.Http.HttpConnectionPool.ConnectToTcpHostAsync(String host, Int32 port, HttpRequestMessage initialRequest, Boolean async, CancellationToken cancellationToken)
   at System.Net.Http.HttpConnectionPool.ConnectAsync(HttpRequestMessage request, Boolean async, CancellationToken cancellationToken)
   at System.Net.Http.HttpConnectionPool.CreateHttp11ConnectionAsync(HttpRequestMessage request, Boolean async, CancellationToken cancellationToken)
   at System.Net.Http.HttpConnectionPool.InjectNewHttp11ConnectionAsync(QueueItem queueItem)
   at System.Threading.Tasks.TaskCompletionSourceWithCancellation`1.WaitWithCancellationAsync(CancellationToken cancellationToken)
   at System.Net.Http.HttpConnectionPool.SendWithVersionDetectionAndRetryAsync(HttpRequestMessage request, Boolean async, Boolean doRequestAuth, CancellationToken cancellationToken)
   at System.Net.Http.RedirectHandler.SendAsync(HttpRequestMessage request, Boolean async, CancellationToken cancellationToken)
   at System.Net.Http.HttpClient.<SendAsync>g__Core|83_0(HttpRequestMessage request, HttpCompletionOption completionOption, CancellationTokenSource cts, Boolean disposeCts, CancellationTokenSource pendingRequestsCts, CancellationToken originalCancellationToken)
   at TMDbLib.Rest.RestRequest.SendInternal(HttpMethod method, CancellationToken cancellationToken)
   at TMDbLib.Rest.RestRequest.Get[T](CancellationToken cancellationToken)
   at TMDbLib.Client.TMDbClient.GetTvEpisodeAsync(Int32 tvShowId, Int32 seasonNumber, Int64 episodeNumber, TvEpisodeMethods extraMethods, String language, String includeImageLanguage, CancellationToken cancellationToken)
   at MediaBrowser.Providers.Plugins.Tmdb.TmdbClientManager.GetEpisodeAsync(Int32 tvShowId, Int32 seasonNumber, Int64 episodeNumber, String displayOrder, String language, String imageLanguages, String countryCode, CancellationToken cancellationToken)
   at MediaBrowser.Providers.Plugins.Tmdb.TV.TmdbEpisodeProvider.GetMetadata(EpisodeInfo info, CancellationToken cancellationToken)
   at MediaBrowser.Providers.Manager.MetadataService`2.ExecuteRemoteProviders(MetadataResult`1 temp, String logName, Boolean replaceData, TIdType id, IEnumerable`1 providers, CancellationToken cancellationToken)
[2026-09-19 14:30:46.476 +00:00] [ERR] [67] MediaBrowser.Providers.TV.EpisodeMetadataService: Error in "TheMovieDb" for "/media/tv/Bleach/Bleach.S17E13.MULTi.1080p.BluRay.x265-KAF.mkv"
System.Net.Http.HttpRequestException: Resource temporarily unavailable (api.themoviedb.org:443)
 ---> System.Net.Sockets.SocketException (00000001, 11): Resource temporarily unavailable
   at System.Net.Dns.GetHostEntryOrAddressesCore(String hostName, Boolean justAddresses, AddressFamily addressFamily, Nullable`1 activityOrDefault)
   at System.Net.Dns.<>c.<GetHostEntryOrAddressesCoreAsync>b__34_1(Object s, NameResolutionActivity activity)
   at System.Threading.Tasks.ContinuationResultTaskFromTask`1.InnerInvoke()
   at System.Threading.ExecutionContext.RunFromThreadPoolDispatchLoop(Thread threadPoolThread, ExecutionContext executionContext, ContextCallback callback, Object state)
--- End of stack trace from previous location ---
   at System.Threading.ExecutionContext.RunFromThreadPoolDispatchLoop(Thread threadPoolThread, ExecutionContext executionContext, ContextCallback callback, Object state)
   at System.Threading.Tasks.Task.ExecuteWithThreadLocal(Task& currentTaskSlot, Thread threadPoolThread)
--- End of stack trace from previous location ---
   at TMDbLib.Rest.HappyEyeballsCallback.GetAddressesAsync(String host, CancellationToken cancellationToken)
   at TMDbLib.Rest.HappyEyeballsCallback.ConnectAsync(SocketsHttpConnectionContext context, CancellationToken cancellationToken)
   at System.Net.Http.HttpConnectionPool.ConnectToTcpHostAsync(String host, Int32 port, HttpRequestMessage initialRequest, Boolean async, CancellationToken cancellationToken)
   --- End of inner exception stack trace ---
   at System.Net.Http.HttpConnectionPool.ConnectToTcpHostAsync(String host, Int32 port, HttpRequestMessage initialRequest, Boolean async, CancellationToken cancellationToken)
   at System.Net.Http.HttpConnectionPool.ConnectAsync(HttpRequestMessage request, Boolean async, CancellationToken cancellationToken)
   at System.Net.Http.HttpConnectionPool.CreateHttp11ConnectionAsync(HttpRequestMessage request, Boolean async, CancellationToken cancellationToken)
   at System.Net.Http.HttpConnectionPool.InjectNewHttp11ConnectionAsync(QueueItem queueItem)
   at System.Threading.Tasks.TaskCompletionSourceWithCancellation`1.WaitWithCancellationAsync(CancellationToken cancellationToken)
   at System.Net.Http.HttpConnectionPool.SendWithVersionDetectionAndRetryAsync(HttpRequestMessage request, Boolean async, Boolean doRequestAuth, CancellationToken cancellationToken)
   at System.Net.Http.RedirectHandler.SendAsync(HttpRequestMessage request, Boolean async, CancellationToken cancellationToken)
   at System.Net.Http.HttpClient.<SendAsync>g__Core|83_0(HttpRequestMessage request, HttpCompletionOption completionOption, CancellationTokenSource cts, Boolean disposeCts, CancellationTokenSource pendingRequestsCts, CancellationToken originalCancellationToken)
   at TMDbLib.Rest.RestRequest.SendInternal(HttpMethod method, CancellationToken cancellationToken)
   at TMDbLib.Rest.RestRequest.Get[T](CancellationToken cancellationToken)
   at TMDbLib.Client.TMDbClient.GetTvEpisodeAsync(Int32 tvShowId, Int32 seasonNumber, Int64 episodeNumber, TvEpisodeMethods extraMethods, String language, String includeImageLanguage, CancellationToken cancellationToken)
   at MediaBrowser.Providers.Plugins.Tmdb.TmdbClientManager.GetEpisodeAsync(Int32 tvShowId, Int32 seasonNumber, Int64 episodeNumber, String displayOrder, String language, String imageLanguages, String countryCode, CancellationToken cancellationToken)
   at MediaBrowser.Providers.Plugins.Tmdb.TV.TmdbEpisodeProvider.GetMetadata(EpisodeInfo info, CancellationToken cancellationToken)
   at MediaBrowser.Providers.Manager.MetadataService`2.ExecuteRemoteProviders(MetadataResult`1 temp, String logName, Boolean replaceData, TIdType id, IEnumerable`1 providers, CancellationToken cancellationToken)
[2026-09-19 14:30:46.696 +00:00] [ERR] [44] MediaBrowser.Providers.TV.EpisodeMetadataService: Error in "TheMovieDb" for "/media/tv/Bleach/Bleach.S17E14.MULTi.1080p.BluRay.x265-KAF.mkv"
System.Net.Http.HttpRequestException: Resource temporarily unavailable (api.themoviedb.org:443)
 ---> System.Net.Sockets.SocketException (00000001, 11): Resource temporarily unavailable
   at System.Net.Dns.GetHostEntryOrAddressesCore(String hostName, Boolean justAddresses, AddressFamily addressFamily, Nullable`1 activityOrDefault)
   at System.Net.Dns.<>c.<GetHostEntryOrAddressesCoreAsync>b__34_1(Object s, NameResolutionActivity activity)
   at System.Threading.Tasks.ContinuationResultTaskFromTask`1.InnerInvoke()
   at System.Threading.ExecutionContext.RunFromThreadPoolDispatchLoop(Thread threadPoolThread, ExecutionContext executionContext, ContextCallback callback, Object state)
--- End of stack trace from previous location ---
   at System.Threading.ExecutionContext.RunFromThreadPoolDispatchLoop(Thread threadPoolThread, ExecutionContext executionContext, ContextCallback callback, Object state)
   at System.Threading.Tasks.Task.ExecuteWithThreadLocal(Task& currentTaskSlot, Thread threadPoolThread)
--- End of stack trace from previous location ---
   at TMDbLib.Rest.HappyEyeballsCallback.GetAddressesAsync(String host, CancellationToken cancellationToken)
   at TMDbLib.Rest.HappyEyeballsCallback.ConnectAsync(SocketsHttpConnectionContext context, CancellationToken cancellationToken)
   at System.Net.Http.HttpConnectionPool.ConnectToTcpHostAsync(String host, Int32 port, HttpRequestMessage initialRequest, Boolean async, CancellationToken cancellationToken)
   --- End of inner exception stack trace ---
   at System.Net.Http.HttpConnectionPool.ConnectToTcpHostAsync(String host, Int32 port, HttpRequestMessage initialRequest, Boolean async, CancellationToken cancellationToken)
   at System.Net.Http.HttpConnectionPool.ConnectAsync(HttpRequestMessage request, Boolean async, CancellationToken cancellationToken)
   at System.Net.Http.HttpConnectionPool.CreateHttp11ConnectionAsync(HttpRequestMessage request, Boolean async, CancellationToken cancellationToken)
   at System.Net.Http.HttpConnectionPool.InjectNewHttp11ConnectionAsync(QueueItem queueItem)
   at System.Threading.Tasks.TaskCompletionSourceWithCancellation`1.WaitWithCancellationAsync(CancellationToken cancellationToken)
   at System.Net.Http.HttpConnectionPool.SendWithVersionDetectionAndRetryAsync(HttpRequestMessage request, Boolean async, Boolean doRequestAuth, CancellationToken cancellationToken)
   at System.Net.Http.RedirectHandler.SendAsync(HttpRequestMessage request, Boolean async, CancellationToken cancellationToken)
   at System.Net.Http.HttpClient.<SendAsync>g__Core|83_0(HttpRequestMessage request, HttpCompletionOption completionOption, CancellationTokenSource cts, Boolean disposeCts, CancellationTokenSource pendingRequestsCts, CancellationToken originalCancellationToken)
   at TMDbLib.Rest.RestRequest.SendInternal(HttpMethod method, CancellationToken cancellationToken)
   at TMDbLib.Rest.RestRequest.Get[T](CancellationToken cancellationToken)
   at TMDbLib.Client.TMDbClient.GetTvEpisodeAsync(Int32 tvShowId, Int32 seasonNumber, Int64 episodeNumber, TvEpisodeMethods extraMethods, String language, String includeImageLanguage, CancellationToken cancellationToken)
   at MediaBrowser.Providers.Plugins.Tmdb.TmdbClientManager.GetEpisodeAsync(Int32 tvShowId, Int32 seasonNumber, Int64 episodeNumber, String displayOrder, String language, String imageLanguages, String countryCode, CancellationToken cancellationToken)
   at MediaBrowser.Providers.Plugins.Tmdb.TV.TmdbEpisodeProvider.GetMetadata(EpisodeInfo info, CancellationToken cancellationToken)
   at MediaBrowser.Providers.Manager.MetadataService`2.ExecuteRemoteProviders(MetadataResult`1 temp, String logName, Boolean replaceData, TIdType id, IEnumerable`1 providers, CancellationToken cancellationToken)
[2026-09-19 14:30:46.896 +00:00] [ERR] [44] MediaBrowser.Providers.TV.EpisodeMetadataService: Error in "TheMovieDb" for "/media/tv/Bleach/Bleach.S17E15.MULTi.1080p.BluRay.x265-KAF.mkv"
System.Net.Http.HttpRequestException: Resource temporarily unavailable (api.themoviedb.org:443)
 ---> System.Net.Sockets.SocketException (00000001, 11): Resource temporarily unavailable
   at System.Net.Dns.GetHostEntryOrAddressesCore(String hostName, Boolean justAddresses, AddressFamily addressFamily, Nullable`1 activityOrDefault)
   at System.Net.Dns.<>c.<GetHostEntryOrAddressesCoreAsync>b__34_1(Object s, NameResolutionActivity activity)
   at System.Threading.Tasks.ContinuationResultTaskFromTask`1.InnerInvoke()
   at System.Threading.ExecutionContext.RunFromThreadPoolDispatchLoop(Thread threadPoolThread, ExecutionContext executionContext, ContextCallback callback, Object state)
--- End of stack trace from previous location ---
   at System.Threading.ExecutionContext.RunFromThreadPoolDispatchLoop(Thread threadPoolThread, ExecutionContext executionContext, ContextCallback callback, Object state)
   at System.Threading.Tasks.Task.ExecuteWithThreadLocal(Task& currentTaskSlot, Thread threadPoolThread)
--- End of stack trace from previous location ---
   at TMDbLib.Rest.HappyEyeballsCallback.GetAddressesAsync(String host, CancellationToken cancellationToken)
   at TMDbLib.Rest.HappyEyeballsCallback.ConnectAsync(SocketsHttpConnectionContext context, CancellationToken cancellationToken)
   at System.Net.Http.HttpConnectionPool.ConnectToTcpHostAsync(String host, Int32 port, HttpRequestMessage initialRequest, Boolean async, CancellationToken cancellationToken)
   --- End of inner exception stack trace ---
   at System.Net.Http.HttpConnectionPool.ConnectToTcpHostAsync(String host, Int32 port, HttpRequestMessage initialRequest, Boolean async, CancellationToken cancellationToken)
   at System.Net.Http.HttpConnectionPool.ConnectAsync(HttpRequestMessage request, Boolean async, CancellationToken cancellationToken)
   at System.Net.Http.HttpConnectionPool.CreateHttp11ConnectionAsync(HttpRequestMessage request, Boolean async, CancellationToken cancellationToken)
   at System.Net.Http.HttpConnectionPool.InjectNewHttp11ConnectionAsync(QueueItem queueItem)
   at System.Threading.Tasks.TaskCompletionSourceWithCancellation`1.WaitWithCancellationAsync(CancellationToken cancellationToken)
   at System.Net.Http.HttpConnectionPool.SendWithVersionDetectionAndRetryAsync(HttpRequestMessage request, Boolean async, Boolean doRequestAuth, CancellationToken cancellationToken)
   at System.Net.Http.RedirectHandler.SendAsync(HttpRequestMessage request, Boolean async, CancellationToken cancellationToken)
   at System.Net.Http.HttpClient.<SendAsync>g__Core|83_0(HttpRequestMessage request, HttpCompletionOption completionOption, CancellationTokenSource cts, Boolean disposeCts, CancellationTokenSource pendingRequestsCts, CancellationToken originalCancellationToken)
   at TMDbLib.Rest.RestRequest.SendInternal(HttpMethod method, CancellationToken cancellationToken)
   at TMDbLib.Rest.RestRequest.Get[T](CancellationToken cancellationToken)
   at TMDbLib.Client.TMDbClient.GetTvEpisodeAsync(Int32 tvShowId, Int32 seasonNumber, Int64 episodeNumber, TvEpisodeMethods extraMethods, String language, String includeImageLanguage, CancellationToken cancellationToken)
   at MediaBrowser.Providers.Plugins.Tmdb.TmdbClientManager.GetEpisodeAsync(Int32 tvShowId, Int32 seasonNumber, Int64 episodeNumber, String displayOrder, String language, String imageLanguages, String countryCode, CancellationToken cancellationToken)
   at MediaBrowser.Providers.Plugins.Tmdb.TV.TmdbEpisodeProvider.GetMetadata(EpisodeInfo info, CancellationToken cancellationToken)
   at MediaBrowser.Providers.Manager.MetadataService`2.ExecuteRemoteProviders(MetadataResult`1 temp, String logName, Boolean replaceData, TIdType id, IEnumerable`1 providers, CancellationToken cancellationToken)
[2026-09-19 14:30:47.116 +00:00] [ERR] [67] MediaBrowser.Providers.TV.EpisodeMetadataService: Error in "TheMovieDb" for "/media/tv/Bleach/Bleach.S17E16.MULTi.1080p.BluRay.x265-KAF.mkv"
System.Net.Http.HttpRequestException: Resource temporarily unavailable (api.themoviedb.org:443)
 ---> System.Net.Sockets.SocketException (00000001, 11): Resource temporarily unavailable
   at System.Net.Dns.GetHostEntryOrAddressesCore(String hostName, Boolean justAddresses, AddressFamily addressFamily, Nullable`1 activityOrDefault)
   at System.Net.Dns.<>c.<GetHostEntryOrAddressesCoreAsync>b__34_1(Object s, NameResolutionActivity activity)
   at System.Threading.Tasks.ContinuationResultTaskFromTask`1.InnerInvoke()
   at System.Threading.ExecutionContext.RunFromThreadPoolDispatchLoop(Thread threadPoolThread, ExecutionContext executionContext, ContextCallback callback, Object state)
--- End of stack trace from previous location ---
   at System.Threading.ExecutionContext.RunFromThreadPoolDispatchLoop(Thread threadPoolThread, ExecutionContext executionContext, ContextCallback callback, Object state)
   at System.Threading.Tasks.Task.ExecuteWithThreadLocal(Task& currentTaskSlot, Thread threadPoolThread)
--- End of stack trace from previous location ---
   at TMDbLib.Rest.HappyEyeballsCallback.GetAddressesAsync(String host, CancellationToken cancellationToken)
   at TMDbLib.Rest.HappyEyeballsCallback.ConnectAsync(SocketsHttpConnectionContext context, CancellationToken cancellationToken)
   at System.Net.Http.HttpConnectionPool.ConnectToTcpHostAsync(String host, Int32 port, HttpRequestMessage initialRequest, Boolean async, CancellationToken cancellationToken)
   --- End of inner exception stack trace ---
   at System.Net.Http.HttpConnectionPool.ConnectToTcpHostAsync(String host, Int32 port, HttpRequestMessage initialRequest, Boolean async, CancellationToken cancellationToken)
   at System.Net.Http.HttpConnectionPool.ConnectAsync(HttpRequestMessage request, Boolean async, CancellationToken cancellationToken)
   at System.Net.Http.HttpConnectionPool.CreateHttp11ConnectionAsync(HttpRequestMessage request, Boolean async, CancellationToken cancellationToken)
   at System.Net.Http.HttpConnectionPool.InjectNewHttp11ConnectionAsync(QueueItem queueItem)
   at System.Threading.Tasks.TaskCompletionSourceWithCancellation`1.WaitWithCancellationAsync(CancellationToken cancellationToken)
   at System.Net.Http.HttpConnectionPool.SendWithVersionDetectionAndRetryAsync(HttpRequestMessage request, Boolean async, Boolean doRequestAuth, CancellationToken cancellationToken)
   at System.Net.Http.RedirectHandler.SendAsync(HttpRequestMessage request, Boolean async, CancellationToken cancellationToken)
   at System.Net.Http.HttpClient.<SendAsync>g__Core|83_0(HttpRequestMessage request, HttpCompletionOption completionOption, CancellationTokenSource cts, Boolean disposeCts, CancellationTokenSource pendingRequestsCts, CancellationToken originalCancellationToken)
   at TMDbLib.Rest.RestRequest.SendInternal(HttpMethod method, CancellationToken cancellationToken)
   at TMDbLib.Rest.RestRequest.Get[T](CancellationToken cancellationToken)
   at TMDbLib.Client.TMDbClient.GetTvEpisodeAsync(Int32 tvShowId, Int32 seasonNumber, Int64 episodeNumber, TvEpisodeMethods extraMethods, String language, String includeImageLanguage, CancellationToken cancellationToken)
   at MediaBrowser.Providers.Plugins.Tmdb.TmdbClientManager.GetEpisodeAsync(Int32 tvShowId, Int32 seasonNumber, Int64 episodeNumber, String displayOrder, String language, String imageLanguages, String countryCode, CancellationToken cancellationToken)
   at MediaBrowser.Providers.Plugins.Tmdb.TV.TmdbEpisodeProvider.GetMetadata(EpisodeInfo info, CancellationToken cancellationToken)
   at MediaBrowser.Providers.Manager.MetadataService`2.ExecuteRemoteProviders(MetadataResult`1 temp, String logName, Boolean replaceData, TIdType id, IEnumerable`1 providers, CancellationToken cancellationToken)
[2026-09-19 14:30:47.302 +00:00] [ERR] [46] MediaBrowser.Providers.TV.EpisodeMetadataService: Error in "TheMovieDb" for "/media/tv/Bleach/Bleach.S17E17.MULTi.1080p.BluRay.x265-KAF.mkv"
System.Net.Http.HttpRequestException: Resource temporarily unavailable (api.themoviedb.org:443)
 ---> System.Net.Sockets.SocketException (00000001, 11): Resource temporarily unavailable
   at System.Net.Dns.GetHostEntryOrAddressesCore(String hostName, Boolean justAddresses, AddressFamily addressFamily, Nullable`1 activityOrDefault)
   at System.Net.Dns.<>c.<GetHostEntryOrAddressesCoreAsync>b__34_1(Object s, NameResolutionActivity activity)
   at System.Threading.Tasks.ContinuationResultTaskFromTask`1.InnerInvoke()
   at System.Threading.ExecutionContext.RunFromThreadPoolDispatchLoop(Thread threadPoolThread, ExecutionContext executionContext, ContextCallback callback, Object state)
--- End of stack trace from previous location ---
   at System.Threading.ExecutionContext.RunFromThreadPoolDispatchLoop(Thread threadPoolThread, ExecutionContext executionContext, ContextCallback callback, Object state)
   at System.Threading.Tasks.Task.ExecuteWithThreadLocal(Task& currentTaskSlot, Thread threadPoolThread)
--- End of stack trace from previous location ---
   at TMDbLib.Rest.HappyEyeballsCallback.GetAddressesAsync(String host, CancellationToken cancellationToken)
   at TMDbLib.Rest.HappyEyeballsCallback.ConnectAsync(SocketsHttpConnectionContext context, CancellationToken cancellationToken)
   at System.Net.Http.HttpConnectionPool.ConnectToTcpHostAsync(String host, Int32 port, HttpRequestMessage initialRequest, Boolean async, CancellationToken cancellationToken)
   --- End of inner exception stack trace ---
   at System.Net.Http.HttpConnectionPool.ConnectToTcpHostAsync(String host, Int32 port, HttpRequestMessage initialRequest, Boolean async, CancellationToken cancellationToken)
   at System.Net.Http.HttpConnectionPool.ConnectAsync(HttpRequestMessage request, Boolean async, CancellationToken cancellationToken)
   at System.Net.Http.HttpConnectionPool.CreateHttp11ConnectionAsync(HttpRequestMessage request, Boolean async, CancellationToken cancellationToken)
   at System.Net.Http.HttpConnectionPool.InjectNewHttp11ConnectionAsync(QueueItem queueItem)
   at System.Threading.Tasks.TaskCompletionSourceWithCancellation`1.WaitWithCancellationAsync(CancellationToken cancellationToken)
   at System.Net.Http.HttpConnectionPool.SendWithVersionDetectionAndRetryAsync(HttpRequestMessage request, Boolean async, Boolean doRequestAuth, CancellationToken cancellationToken)
   at System.Net.Http.RedirectHandler.SendAsync(HttpRequestMessage request, Boolean async, CancellationToken cancellationToken)
   at System.Net.Http.HttpClient.<SendAsync>g__Core|83_0(HttpRequestMessage request, HttpCompletionOption completionOption, CancellationTokenSource cts, Boolean disposeCts, CancellationTokenSource pendingRequestsCts, CancellationToken originalCancellationToken)
   at TMDbLib.Rest.RestRequest.SendInternal(HttpMethod method, CancellationToken cancellationToken)
   at TMDbLib.Rest.RestRequest.Get[T](CancellationToken cancellationToken)
   at TMDbLib.Client.TMDbClient.GetTvEpisodeAsync(Int32 tvShowId, Int32 seasonNumber, Int64 episodeNumber, TvEpisodeMethods extraMethods, String language, String includeImageLanguage, CancellationToken cancellationToken)
   at MediaBrowser.Providers.Plugins.Tmdb.TmdbClientManager.GetEpisodeAsync(Int32 tvShowId, Int32 seasonNumber, Int64 episodeNumber, String displayOrder, String language, String imageLanguages, String countryCode, CancellationToken cancellationToken)
   at MediaBrowser.Providers.Plugins.Tmdb.TV.TmdbEpisodeProvider.GetMetadata(EpisodeInfo info, CancellationToken cancellationToken)
   at MediaBrowser.Providers.Manager.MetadataService`2.ExecuteRemoteProviders(MetadataResult`1 temp, String logName, Boolean replaceData, TIdType id, IEnumerable`1 providers, CancellationToken cancellationToken)
[2026-09-19 14:30:47.508 +00:00] [ERR] [44] MediaBrowser.Providers.TV.EpisodeMetadataService: Error in "TheMovieDb" for "/media/tv/Bleach/Bleach.S17E18.MULTi.1080p.BluRay.x265-KAF.mkv"
System.Net.Http.HttpRequestException: Resource temporarily unavailable (api.themoviedb.org:443)
 ---> System.Net.Sockets.SocketException (00000001, 11): Resource temporarily unavailable
   at System.Net.Dns.GetHostEntryOrAddressesCore(String hostName, Boolean justAddresses, AddressFamily addressFamily, Nullable`1 activityOrDefault)
   at System.Net.Dns.<>c.<GetHostEntryOrAddressesCoreAsync>b__34_1(Object s, NameResolutionActivity activity)
   at System.Threading.Tasks.ContinuationResultTaskFromTask`1.InnerInvoke()
   at System.Threading.ExecutionContext.RunFromThreadPoolDispatchLoop(Thread threadPoolThread, ExecutionContext executionContext, ContextCallback callback, Object state)
--- End of stack trace from previous location ---
   at System.Threading.ExecutionContext.RunFromThreadPoolDispatchLoop(Thread threadPoolThread, ExecutionContext executionContext, ContextCallback callback, Object state)
   at System.Threading.Tasks.Task.ExecuteWithThreadLocal(Task& currentTaskSlot, Thread threadPoolThread)
--- End of stack trace from previous location ---
   at TMDbLib.Rest.HappyEyeballsCallback.GetAddressesAsync(String host, CancellationToken cancellationToken)
   at TMDbLib.Rest.HappyEyeballsCallback.ConnectAsync(SocketsHttpConnectionContext context, CancellationToken cancellationToken)
   at System.Net.Http.HttpConnectionPool.ConnectToTcpHostAsync(String host, Int32 port, HttpRequestMessage initialRequest, Boolean async, CancellationToken cancellationToken)
   --- End of inner exception stack trace ---
   at System.Net.Http.HttpConnectionPool.ConnectToTcpHostAsync(String host, Int32 port, HttpRequestMessage initialRequest, Boolean async, CancellationToken cancellationToken)
   at System.Net.Http.HttpConnectionPool.ConnectAsync(HttpRequestMessage request, Boolean async, CancellationToken cancellationToken)
   at System.Net.Http.HttpConnectionPool.CreateHttp11ConnectionAsync(HttpRequestMessage request, Boolean async, CancellationToken cancellationToken)
   at System.Net.Http.HttpConnectionPool.InjectNewHttp11ConnectionAsync(QueueItem queueItem)
   at System.Threading.Tasks.TaskCompletionSourceWithCancellation`1.WaitWithCancellationAsync(CancellationToken cancellationToken)
   at System.Net.Http.HttpConnectionPool.SendWithVersionDetectionAndRetryAsync(HttpRequestMessage request, Boolean async, Boolean doRequestAuth, CancellationToken cancellationToken)
   at System.Net.Http.RedirectHandler.SendAsync(HttpRequestMessage request, Boolean async, CancellationToken cancellationToken)
   at System.Net.Http.HttpClient.<SendAsync>g__Core|83_0(HttpRequestMessage request, HttpCompletionOption completionOption, CancellationTokenSource cts, Boolean disposeCts, CancellationTokenSource pendingRequestsCts, CancellationToken originalCancellationToken)
   at TMDbLib.Rest.RestRequest.SendInternal(HttpMethod method, CancellationToken cancellationToken)
   at TMDbLib.Rest.RestRequest.Get[T](CancellationToken cancellationToken)
   at TMDbLib.Client.TMDbClient.GetTvEpisodeAsync(Int32 tvShowId, Int32 seasonNumber, Int64 episodeNumber, TvEpisodeMethods extraMethods, String language, String includeImageLanguage, CancellationToken cancellationToken)
   at MediaBrowser.Providers.Plugins.Tmdb.TmdbClientManager.GetEpisodeAsync(Int32 tvShowId, Int32 seasonNumber, Int64 episodeNumber, String displayOrder, String language, String imageLanguages, String countryCode, CancellationToken cancellationToken)
   at MediaBrowser.Providers.Plugins.Tmdb.TV.TmdbEpisodeProvider.GetMetadata(EpisodeInfo info, CancellationToken cancellationToken)
   at MediaBrowser.Providers.Manager.MetadataService`2.ExecuteRemoteProviders(MetadataResult`1 temp, String logName, Boolean replaceData, TIdType id, IEnumerable`1 providers, CancellationToken cancellationToken)
[2026-09-19 14:30:47.720 +00:00] [ERR] [46] MediaBrowser.Providers.TV.EpisodeMetadataService: Error in "TheMovieDb" for "/media/tv/Bleach/Bleach.S17E19.MULTi.1080p.BluRay.x265-KAF.mkv"
System.Net.Http.HttpRequestException: Resource temporarily unavailable (api.themoviedb.org:443)
 ---> System.Net.Sockets.SocketException (00000001, 11): Resource temporarily unavailable
   at System.Net.Dns.GetHostEntryOrAddressesCore(String hostName, Boolean justAddresses, AddressFamily addressFamily, Nullable`1 activityOrDefault)
   at System.Net.Dns.<>c.<GetHostEntryOrAddressesCoreAsync>b__34_1(Object s, NameResolutionActivity activity)
   at System.Threading.Tasks.ContinuationResultTaskFromTask`1.InnerInvoke()
   at System.Threading.ExecutionContext.RunFromThreadPoolDispatchLoop(Thread threadPoolThread, ExecutionContext executionContext, ContextCallback callback, Object state)
--- End of stack trace from previous location ---
   at System.Threading.ExecutionContext.RunFromThreadPoolDispatchLoop(Thread threadPoolThread, ExecutionContext executionContext, ContextCallback callback, Object state)
   at System.Threading.Tasks.Task.ExecuteWithThreadLocal(Task& currentTaskSlot, Thread threadPoolThread)
--- End of stack trace from previous location ---
   at TMDbLib.Rest.HappyEyeballsCallback.GetAddressesAsync(String host, CancellationToken cancellationToken)
   at TMDbLib.Rest.HappyEyeballsCallback.ConnectAsync(SocketsHttpConnectionContext context, CancellationToken cancellationToken)
   at System.Net.Http.HttpConnectionPool.ConnectToTcpHostAsync(String host, Int32 port, HttpRequestMessage initialRequest, Boolean async, CancellationToken cancellationToken)
   --- End of inner exception stack trace ---
   at System.Net.Http.HttpConnectionPool.ConnectToTcpHostAsync(String host, Int32 port, HttpRequestMessage initialRequest, Boolean async, CancellationToken cancellationToken)
   at System.Net.Http.HttpConnectionPool.ConnectAsync(HttpRequestMessage request, Boolean async, CancellationToken cancellationToken)
   at System.Net.Http.HttpConnectionPool.CreateHttp11ConnectionAsync(HttpRequestMessage request, Boolean async, CancellationToken cancellationToken)
   at System.Net.Http.HttpConnectionPool.InjectNewHttp11ConnectionAsync(QueueItem queueItem)
   at System.Threading.Tasks.TaskCompletionSourceWithCancellation`1.WaitWithCancellationAsync(CancellationToken cancellationToken)
   at System.Net.Http.HttpConnectionPool.SendWithVersionDetectionAndRetryAsync(HttpRequestMessage request, Boolean async, Boolean doRequestAuth, CancellationToken cancellationToken)
   at System.Net.Http.RedirectHandler.SendAsync(HttpRequestMessage request, Boolean async, CancellationToken cancellationToken)
   at System.Net.Http.HttpClient.<SendAsync>g__Core|83_0(HttpRequestMessage request, HttpCompletionOption completionOption, CancellationTokenSource cts, Boolean disposeCts, CancellationTokenSource pendingRequestsCts, CancellationToken originalCancellationToken)
   at TMDbLib.Rest.RestRequest.SendInternal(HttpMethod method, CancellationToken cancellationToken)
   at TMDbLib.Rest.RestRequest.Get[T](CancellationToken cancellationToken)
   at TMDbLib.Client.TMDbClient.GetTvEpisodeAsync(Int32 tvShowId, Int32 seasonNumber, Int64 episodeNumber, TvEpisodeMethods extraMethods, String language, String includeImageLanguage, CancellationToken cancellationToken)
   at MediaBrowser.Providers.Plugins.Tmdb.TmdbClientManager.GetEpisodeAsync(Int32 tvShowId, Int32 seasonNumber, Int64 episodeNumber, String displayOrder, String language, String imageLanguages, String countryCode, CancellationToken cancellationToken)
   at MediaBrowser.Providers.Plugins.Tmdb.TV.TmdbEpisodeProvider.GetMetadata(EpisodeInfo info, CancellationToken cancellationToken)
   at MediaBrowser.Providers.Manager.MetadataService`2.ExecuteRemoteProviders(MetadataResult`1 temp, String logName, Boolean replaceData, TIdType id, IEnumerable`1 providers, CancellationToken cancellationToken)
[2026-09-19 14:30:47.928 +00:00] [ERR] [61] MediaBrowser.Providers.TV.EpisodeMetadataService: Error in "TheMovieDb" for "/media/tv/Bleach/Bleach.S17E20.MULTi.1080p.BluRay.x265-KAF.mkv"
System.Net.Http.HttpRequestException: Resource temporarily unavailable (api.themoviedb.org:443)
 ---> System.Net.Sockets.SocketException (00000001, 11): Resource temporarily unavailable
   at System.Net.Dns.GetHostEntryOrAddressesCore(String hostName, Boolean justAddresses, AddressFamily addressFamily, Nullable`1 activityOrDefault)
   at System.Net.Dns.<>c.<GetHostEntryOrAddressesCoreAsync>b__34_1(Object s, NameResolutionActivity activity)
   at System.Threading.Tasks.ContinuationResultTaskFromTask`1.InnerInvoke()
   at System.Threading.ExecutionContext.RunFromThreadPoolDispatchLoop(Thread threadPoolThread, ExecutionContext executionContext, ContextCallback callback, Object state)
--- End of stack trace from previous location ---
   at System.Threading.ExecutionContext.RunFromThreadPoolDispatchLoop(Thread threadPoolThread, ExecutionContext executionContext, ContextCallback callback, Object state)
   at System.Threading.Tasks.Task.ExecuteWithThreadLocal(Task& currentTaskSlot, Thread threadPoolThread)
--- End of stack trace from previous location ---
   at TMDbLib.Rest.HappyEyeballsCallback.GetAddressesAsync(String host, CancellationToken cancellationToken)
   at TMDbLib.Rest.HappyEyeballsCallback.ConnectAsync(SocketsHttpConnectionContext context, CancellationToken cancellationToken)
   at System.Net.Http.HttpConnectionPool.ConnectToTcpHostAsync(String host, Int32 port, HttpRequestMessage initialRequest, Boolean async, CancellationToken cancellationToken)
   --- End of inner exception stack trace ---
   at System.Net.Http.HttpConnectionPool.ConnectToTcpHostAsync(String host, Int32 port, HttpRequestMessage initialRequest, Boolean async, CancellationToken cancellationToken)
   at System.Net.Http.HttpConnectionPool.ConnectAsync(HttpRequestMessage request, Boolean async, CancellationToken cancellationToken)
   at System.Net.Http.HttpConnectionPool.CreateHttp11ConnectionAsync(HttpRequestMessage request, Boolean async, CancellationToken cancellationToken)
   at System.Net.Http.HttpConnectionPool.InjectNewHttp11ConnectionAsync(QueueItem queueItem)
   at System.Threading.Tasks.TaskCompletionSourceWithCancellation`1.WaitWithCancellationAsync(CancellationToken cancellationToken)
   at System.Net.Http.HttpConnectionPool.SendWithVersionDetectionAndRetryAsync(HttpRequestMessage request, Boolean async, Boolean doRequestAuth, CancellationToken cancellationToken)
   at System.Net.Http.RedirectHandler.SendAsync(HttpRequestMessage request, Boolean async, CancellationToken cancellationToken)
   at System.Net.Http.HttpClient.<SendAsync>g__Core|83_0(HttpRequestMessage request, HttpCompletionOption completionOption, CancellationTokenSource cts, Boolean disposeCts, CancellationTokenSource pendingRequestsCts, CancellationToken originalCancellationToken)
   at TMDbLib.Rest.RestRequest.SendInternal(HttpMethod method, CancellationToken cancellationToken)
   at TMDbLib.Rest.RestRequest.Get[T](CancellationToken cancellationToken)
   at TMDbLib.Client.TMDbClient.GetTvEpisodeAsync(Int32 tvShowId, Int32 seasonNumber, Int64 episodeNumber, TvEpisodeMethods extraMethods, String language, String includeImageLanguage, CancellationToken cancellationToken)
   at MediaBrowser.Providers.Plugins.Tmdb.TmdbClientManager.GetEpisodeAsync(Int32 tvShowId, Int32 seasonNumber, Int64 episodeNumber, String displayOrder, String language, String imageLanguages, String countryCode, CancellationToken cancellationToken)
   at MediaBrowser.Providers.Plugins.Tmdb.TV.TmdbEpisodeProvider.GetMetadata(EpisodeInfo info, CancellationToken cancellationToken)
   at MediaBrowser.Providers.Manager.MetadataService`2.ExecuteRemoteProviders(MetadataResult`1 temp, String logName, Boolean replaceData, TIdType id, IEnumerable`1 providers, CancellationToken cancellationToken)
[2026-09-19 14:30:48.148 +00:00] [ERR] [61] MediaBrowser.Providers.TV.EpisodeMetadataService: Error in "TheMovieDb" for "/media/tv/Bleach/Bleach.S17E21.MULTi.1080p.BluRay.x265-KAF.mkv"
System.Net.Http.HttpRequestException: Resource temporarily unavailable (api.themoviedb.org:443)
 ---> System.Net.Sockets.SocketException (00000001, 11): Resource temporarily unavailable
   at System.Net.Dns.GetHostEntryOrAddressesCore(String hostName, Boolean justAddresses, AddressFamily addressFamily, Nullable`1 activityOrDefault)
   at System.Net.Dns.<>c.<GetHostEntryOrAddressesCoreAsync>b__34_1(Object s, NameResolutionActivity activity)
   at System.Threading.Tasks.ContinuationResultTaskFromTask`1.InnerInvoke()
   at System.Threading.ExecutionContext.RunFromThreadPoolDispatchLoop(Thread threadPoolThread, ExecutionContext executionContext, ContextCallback callback, Object state)
--- End of stack trace from previous location ---
   at System.Threading.ExecutionContext.RunFromThreadPoolDispatchLoop(Thread threadPoolThread, ExecutionContext executionContext, ContextCallback callback, Object state)
   at System.Threading.Tasks.Task.ExecuteWithThreadLocal(Task& currentTaskSlot, Thread threadPoolThread)
--- End of stack trace from previous location ---
   at TMDbLib.Rest.HappyEyeballsCallback.GetAddressesAsync(String host, CancellationToken cancellationToken)
   at TMDbLib.Rest.HappyEyeballsCallback.ConnectAsync(SocketsHttpConnectionContext context, CancellationToken cancellationToken)
   at System.Net.Http.HttpConnectionPool.ConnectToTcpHostAsync(String host, Int32 port, HttpRequestMessage initialRequest, Boolean async, CancellationToken cancellationToken)
   --- End of inner exception stack trace ---
   at System.Net.Http.HttpConnectionPool.ConnectToTcpHostAsync(String host, Int32 port, HttpRequestMessage initialRequest, Boolean async, CancellationToken cancellationToken)
   at System.Net.Http.HttpConnectionPool.ConnectAsync(HttpRequestMessage request, Boolean async, CancellationToken cancellationToken)
   at System.Net.Http.HttpConnectionPool.CreateHttp11ConnectionAsync(HttpRequestMessage request, Boolean async, CancellationToken cancellationToken)
   at System.Net.Http.HttpConnectionPool.InjectNewHttp11ConnectionAsync(QueueItem queueItem)
   at System.Threading.Tasks.TaskCompletionSourceWithCancellation`1.WaitWithCancellationAsync(CancellationToken cancellationToken)
   at System.Net.Http.HttpConnectionPool.SendWithVersionDetectionAndRetryAsync(HttpRequestMessage request, Boolean async, Boolean doRequestAuth, CancellationToken cancellationToken)
   at System.Net.Http.RedirectHandler.SendAsync(HttpRequestMessage request, Boolean async, CancellationToken cancellationToken)
   at System.Net.Http.HttpClient.<SendAsync>g__Core|83_0(HttpRequestMessage request, HttpCompletionOption completionOption, CancellationTokenSource cts, Boolean disposeCts, CancellationTokenSource pendingRequestsCts, CancellationToken originalCancellationToken)
   at TMDbLib.Rest.RestRequest.SendInternal(HttpMethod method, CancellationToken cancellationToken)
   at TMDbLib.Rest.RestRequest.Get[T](CancellationToken cancellationToken)
   at TMDbLib.Client.TMDbClient.GetTvEpisodeAsync(Int32 tvShowId, Int32 seasonNumber, Int64 episodeNumber, TvEpisodeMethods extraMethods, String language, String includeImageLanguage, CancellationToken cancellationToken)
   at MediaBrowser.Providers.Plugins.Tmdb.TmdbClientManager.GetEpisodeAsync(Int32 tvShowId, Int32 seasonNumber, Int64 episodeNumber, String displayOrder, String language, String imageLanguages, String countryCode, CancellationToken cancellationToken)
   at MediaBrowser.Providers.Plugins.Tmdb.TV.TmdbEpisodeProvider.GetMetadata(EpisodeInfo info, CancellationToken cancellationToken)
   at MediaBrowser.Providers.Manager.MetadataService`2.ExecuteRemoteProviders(MetadataResult`1 temp, String logName, Boolean replaceData, TIdType id, IEnumerable`1 providers, CancellationToken cancellationToken)
[2026-09-19 14:30:48.364 +00:00] [ERR] [46] MediaBrowser.Providers.TV.EpisodeMetadataService: Error in "TheMovieDb" for "/media/tv/Bleach/Bleach.S17E22.MULTi.1080p.BluRay.x265-KAF.mkv"
System.Net.Http.HttpRequestException: Resource temporarily unavailable (api.themoviedb.org:443)
 ---> System.Net.Sockets.SocketException (00000001, 11): Resource temporarily unavailable
   at System.Net.Dns.GetHostEntryOrAddressesCore(String hostName, Boolean justAddresses, AddressFamily addressFamily, Nullable`1 activityOrDefault)
   at System.Net.Dns.<>c.<GetHostEntryOrAddressesCoreAsync>b__34_1(Object s, NameResolutionActivity activity)
   at System.Threading.Tasks.ContinuationResultTaskFromTask`1.InnerInvoke()
   at System.Threading.ExecutionContext.RunFromThreadPoolDispatchLoop(Thread threadPoolThread, ExecutionContext executionContext, ContextCallback callback, Object state)
--- End of stack trace from previous location ---
   at System.Threading.ExecutionContext.RunFromThreadPoolDispatchLoop(Thread threadPoolThread, ExecutionContext executionContext, ContextCallback callback, Object state)
   at System.Threading.Tasks.Task.ExecuteWithThreadLocal(Task& currentTaskSlot, Thread threadPoolThread)
--- End of stack trace from previous location ---
   at TMDbLib.Rest.HappyEyeballsCallback.GetAddressesAsync(String host, CancellationToken cancellationToken)
   at TMDbLib.Rest.HappyEyeballsCallback.ConnectAsync(SocketsHttpConnectionContext context, CancellationToken cancellationToken)
   at System.Net.Http.HttpConnectionPool.ConnectToTcpHostAsync(String host, Int32 port, HttpRequestMessage initialRequest, Boolean async, CancellationToken cancellationToken)
   --- End of inner exception stack trace ---
   at System.Net.Http.HttpConnectionPool.ConnectToTcpHostAsync(String host, Int32 port, HttpRequestMessage initialRequest, Boolean async, CancellationToken cancellationToken)
   at System.Net.Http.HttpConnectionPool.ConnectAsync(HttpRequestMessage request, Boolean async, CancellationToken cancellationToken)
   at System.Net.Http.HttpConnectionPool.CreateHttp11ConnectionAsync(HttpRequestMessage request, Boolean async, CancellationToken cancellationToken)
   at System.Net.Http.HttpConnectionPool.InjectNewHttp11ConnectionAsync(QueueItem queueItem)
   at System.Threading.Tasks.TaskCompletionSourceWithCancellation`1.WaitWithCancellationAsync(CancellationToken cancellationToken)
   at System.Net.Http.HttpConnectionPool.SendWithVersionDetectionAndRetryAsync(HttpRequestMessage request, Boolean async, Boolean doRequestAuth, CancellationToken cancellationToken)
   at System.Net.Http.RedirectHandler.SendAsync(HttpRequestMessage request, Boolean async, CancellationToken cancellationToken)
   at System.Net.Http.HttpClient.<SendAsync>g__Core|83_0(HttpRequestMessage request, HttpCompletionOption completionOption, CancellationTokenSource cts, Boolean disposeCts, CancellationTokenSource pendingRequestsCts, CancellationToken originalCancellationToken)
   at TMDbLib.Rest.RestRequest.SendInternal(HttpMethod method, CancellationToken cancellationToken)
   at TMDbLib.Rest.RestRequest.Get[T](CancellationToken cancellationToken)
   at TMDbLib.Client.TMDbClient.GetTvEpisodeAsync(Int32 tvShowId, Int32 seasonNumber, Int64 episodeNumber, TvEpisodeMethods extraMethods, String language, String includeImageLanguage, CancellationToken cancellationToken)
   at MediaBrowser.Providers.Plugins.Tmdb.TmdbClientManager.GetEpisodeAsync(Int32 tvShowId, Int32 seasonNumber, Int64 episodeNumber, String displayOrder, String language, String imageLanguages, String countryCode, CancellationToken cancellationToken)
   at MediaBrowser.Providers.Plugins.Tmdb.TV.TmdbEpisodeProvider.GetMetadata(EpisodeInfo info, CancellationToken cancellationToken)
   at MediaBrowser.Providers.Manager.MetadataService`2.ExecuteRemoteProviders(MetadataResult`1 temp, String logName, Boolean replaceData, TIdType id, IEnumerable`1 providers, CancellationToken cancellationToken)
[2026-09-19 14:30:48.540 +00:00] [ERR] [61] MediaBrowser.Providers.TV.EpisodeMetadataService: Error in "TheMovieDb" for "/media/tv/Bleach/Bleach.S17E23.MULTi.1080p.BluRay.x265-KAF.mkv"
System.Net.Http.HttpRequestException: Resource temporarily unavailable (api.themoviedb.org:443)
 ---> System.Net.Sockets.SocketException (00000001, 11): Resource temporarily unavailable
   at System.Net.Dns.GetHostEntryOrAddressesCore(String hostName, Boolean justAddresses, AddressFamily addressFamily, Nullable`1 activityOrDefault)
   at System.Net.Dns.<>c.<GetHostEntryOrAddressesCoreAsync>b__34_1(Object s, NameResolutionActivity activity)
   at System.Threading.Tasks.ContinuationResultTaskFromTask`1.InnerInvoke()
   at System.Threading.ExecutionContext.RunFromThreadPoolDispatchLoop(Thread threadPoolThread, ExecutionContext executionContext, ContextCallback callback, Object state)
--- End of stack trace from previous location ---
   at System.Threading.ExecutionContext.RunFromThreadPoolDispatchLoop(Thread threadPoolThread, ExecutionContext executionContext, ContextCallback callback, Object state)
   at System.Threading.Tasks.Task.ExecuteWithThreadLocal(Task& currentTaskSlot, Thread threadPoolThread)
--- End of stack trace from previous location ---
   at TMDbLib.Rest.HappyEyeballsCallback.GetAddressesAsync(String host, CancellationToken cancellationToken)
   at TMDbLib.Rest.HappyEyeballsCallback.ConnectAsync(SocketsHttpConnectionContext context, CancellationToken cancellationToken)
   at System.Net.Http.HttpConnectionPool.ConnectToTcpHostAsync(String host, Int32 port, HttpRequestMessage initialRequest, Boolean async, CancellationToken cancellationToken)
   --- End of inner exception stack trace ---
   at System.Net.Http.HttpConnectionPool.ConnectToTcpHostAsync(String host, Int32 port, HttpRequestMessage initialRequest, Boolean async, CancellationToken cancellationToken)
   at System.Net.Http.HttpConnectionPool.ConnectAsync(HttpRequestMessage request, Boolean async, CancellationToken cancellationToken)
   at System.Net.Http.HttpConnectionPool.CreateHttp11ConnectionAsync(HttpRequestMessage request, Boolean async, CancellationToken cancellationToken)
   at System.Net.Http.HttpConnectionPool.InjectNewHttp11ConnectionAsync(QueueItem queueItem)
   at System.Threading.Tasks.TaskCompletionSourceWithCancellation`1.WaitWithCancellationAsync(CancellationToken cancellationToken)
   at System.Net.Http.HttpConnectionPool.SendWithVersionDetectionAndRetryAsync(HttpRequestMessage request, Boolean async, Boolean doRequestAuth, CancellationToken cancellationToken)
   at System.Net.Http.RedirectHandler.SendAsync(HttpRequestMessage request, Boolean async, CancellationToken cancellationToken)
   at System.Net.Http.HttpClient.<SendAsync>g__Core|83_0(HttpRequestMessage request, HttpCompletionOption completionOption, CancellationTokenSource cts, Boolean disposeCts, CancellationTokenSource pendingRequestsCts, CancellationToken originalCancellationToken)
   at TMDbLib.Rest.RestRequest.SendInternal(HttpMethod method, CancellationToken cancellationToken)
   at TMDbLib.Rest.RestRequest.Get[T](CancellationToken cancellationToken)
   at TMDbLib.Client.TMDbClient.GetTvEpisodeAsync(Int32 tvShowId, Int32 seasonNumber, Int64 episodeNumber, TvEpisodeMethods extraMethods, String language, String includeImageLanguage, CancellationToken cancellationToken)
   at MediaBrowser.Providers.Plugins.Tmdb.TmdbClientManager.GetEpisodeAsync(Int32 tvShowId, Int32 seasonNumber, Int64 episodeNumber, String displayOrder, String language, String imageLanguages, String countryCode, CancellationToken cancellationToken)
   at MediaBrowser.Providers.Plugins.Tmdb.TV.TmdbEpisodeProvider.GetMetadata(EpisodeInfo info, CancellationToken cancellationToken)
   at MediaBrowser.Providers.Manager.MetadataService`2.ExecuteRemoteProviders(MetadataResult`1 temp, String logName, Boolean replaceData, TIdType id, IEnumerable`1 providers, CancellationToken cancellationToken)
[2026-09-19 14:30:48.736 +00:00] [ERR] [61] MediaBrowser.Providers.TV.EpisodeMetadataService: Error in "TheMovieDb" for "/media/tv/Bleach/Bleach.S17E24.MULTi.1080p.BluRay.x265-KAF.mkv"
System.Net.Http.HttpRequestException: Resource temporarily unavailable (api.themoviedb.org:443)
 ---> System.Net.Sockets.SocketException (00000001, 11): Resource temporarily unavailable
   at System.Net.Dns.GetHostEntryOrAddressesCore(String hostName, Boolean justAddresses, AddressFamily addressFamily, Nullable`1 activityOrDefault)
   at System.Net.Dns.<>c.<GetHostEntryOrAddressesCoreAsync>b__34_1(Object s, NameResolutionActivity activity)
   at System.Threading.Tasks.ContinuationResultTaskFromTask`1.InnerInvoke()
   at System.Threading.ExecutionContext.RunFromThreadPoolDispatchLoop(Thread threadPoolThread, ExecutionContext executionContext, ContextCallback callback, Object state)
--- End of stack trace from previous location ---
   at System.Threading.ExecutionContext.RunFromThreadPoolDispatchLoop(Thread threadPoolThread, ExecutionContext executionContext, ContextCallback callback, Object state)
   at System.Threading.Tasks.Task.ExecuteWithThreadLocal(Task& currentTaskSlot, Thread threadPoolThread)
--- End of stack trace from previous location ---
   at TMDbLib.Rest.HappyEyeballsCallback.GetAddressesAsync(String host, CancellationToken cancellationToken)
   at TMDbLib.Rest.HappyEyeballsCallback.ConnectAsync(SocketsHttpConnectionContext context, CancellationToken cancellationToken)
   at System.Net.Http.HttpConnectionPool.ConnectToTcpHostAsync(String host, Int32 port, HttpRequestMessage initialRequest, Boolean async, CancellationToken cancellationToken)
   --- End of inner exception stack trace ---
   at System.Net.Http.HttpConnectionPool.ConnectToTcpHostAsync(String host, Int32 port, HttpRequestMessage initialRequest, Boolean async, CancellationToken cancellationToken)
   at System.Net.Http.HttpConnectionPool.ConnectAsync(HttpRequestMessage request, Boolean async, CancellationToken cancellationToken)
   at System.Net.Http.HttpConnectionPool.CreateHttp11ConnectionAsync(HttpRequestMessage request, Boolean async, CancellationToken cancellationToken)
   at System.Net.Http.HttpConnectionPool.InjectNewHttp11ConnectionAsync(QueueItem queueItem)
   at System.Threading.Tasks.TaskCompletionSourceWithCancellation`1.WaitWithCancellationAsync(CancellationToken cancellationToken)
   at System.Net.Http.HttpConnectionPool.SendWithVersionDetectionAndRetryAsync(HttpRequestMessage request, Boolean async, Boolean doRequestAuth, CancellationToken cancellationToken)
   at System.Net.Http.RedirectHandler.SendAsync(HttpRequestMessage request, Boolean async, CancellationToken cancellationToken)
   at System.Net.Http.HttpClient.<SendAsync>g__Core|83_0(HttpRequestMessage request, HttpCompletionOption completionOption, CancellationTokenSource cts, Boolean disposeCts, CancellationTokenSource pendingRequestsCts, CancellationToken originalCancellationToken)
   at TMDbLib.Rest.RestRequest.SendInternal(HttpMethod method, CancellationToken cancellationToken)
   at TMDbLib.Rest.RestRequest.Get[T](CancellationToken cancellationToken)
   at TMDbLib.Client.TMDbClient.GetTvEpisodeAsync(Int32 tvShowId, Int32 seasonNumber, Int64 episodeNumber, TvEpisodeMethods extraMethods, String language, String includeImageLanguage, CancellationToken cancellationToken)
   at MediaBrowser.Providers.Plugins.Tmdb.TmdbClientManager.GetEpisodeAsync(Int32 tvShowId, Int32 seasonNumber, Int64 episodeNumber, String displayOrder, String language, String imageLanguages, String countryCode, CancellationToken cancellationToken)
   at MediaBrowser.Providers.Plugins.Tmdb.TV.TmdbEpisodeProvider.GetMetadata(EpisodeInfo info, CancellationToken cancellationToken)
   at MediaBrowser.Providers.Manager.MetadataService`2.ExecuteRemoteProviders(MetadataResult`1 temp, String logName, Boolean replaceData, TIdType id, IEnumerable`1 providers, CancellationToken cancellationToken)
[2026-09-19 14:30:48.944 +00:00] [ERR] [44] MediaBrowser.Providers.TV.EpisodeMetadataService: Error in "TheMovieDb" for "/media/tv/Bleach/Bleach.S17E25.MULTi.1080p.BluRay.x265-KAF.mkv"
System.Net.Http.HttpRequestException: Resource temporarily unavailable (api.themoviedb.org:443)
 ---> System.Net.Sockets.SocketException (00000001, 11): Resource temporarily unavailable
   at System.Net.Dns.GetHostEntryOrAddressesCore(String hostName, Boolean justAddresses, AddressFamily addressFamily, Nullable`1 activityOrDefault)
   at System.Net.Dns.<>c.<GetHostEntryOrAddressesCoreAsync>b__34_1(Object s, NameResolutionActivity activity)
   at System.Threading.Tasks.ContinuationResultTaskFromTask`1.InnerInvoke()
   at System.Threading.ExecutionContext.RunFromThreadPoolDispatchLoop(Thread threadPoolThread, ExecutionContext executionContext, ContextCallback callback, Object state)
--- End of stack trace from previous location ---
   at System.Threading.ExecutionContext.RunFromThreadPoolDispatchLoop(Thread threadPoolThread, ExecutionContext executionContext, ContextCallback callback, Object state)
   at System.Threading.Tasks.Task.ExecuteWithThreadLocal(Task& currentTaskSlot, Thread threadPoolThread)
--- End of stack trace from previous location ---
   at TMDbLib.Rest.HappyEyeballsCallback.GetAddressesAsync(String host, CancellationToken cancellationToken)
   at TMDbLib.Rest.HappyEyeballsCallback.ConnectAsync(SocketsHttpConnectionContext context, CancellationToken cancellationToken)
   at System.Net.Http.HttpConnectionPool.ConnectToTcpHostAsync(String host, Int32 port, HttpRequestMessage initialRequest, Boolean async, CancellationToken cancellationToken)
   --- End of inner exception stack trace ---
   at System.Net.Http.HttpConnectionPool.ConnectToTcpHostAsync(String host, Int32 port, HttpRequestMessage initialRequest, Boolean async, CancellationToken cancellationToken)
   at System.Net.Http.HttpConnectionPool.ConnectAsync(HttpRequestMessage request, Boolean async, CancellationToken cancellationToken)
   at System.Net.Http.HttpConnectionPool.CreateHttp11ConnectionAsync(HttpRequestMessage request, Boolean async, CancellationToken cancellationToken)
   at System.Net.Http.HttpConnectionPool.InjectNewHttp11ConnectionAsync(QueueItem queueItem)
   at System.Threading.Tasks.TaskCompletionSourceWithCancellation`1.WaitWithCancellationAsync(CancellationToken cancellationToken)
   at System.Net.Http.HttpConnectionPool.SendWithVersionDetectionAndRetryAsync(HttpRequestMessage request, Boolean async, Boolean doRequestAuth, CancellationToken cancellationToken)
   at System.Net.Http.RedirectHandler.SendAsync(HttpRequestMessage request, Boolean async, CancellationToken cancellationToken)
   at System.Net.Http.HttpClient.<SendAsync>g__Core|83_0(HttpRequestMessage request, HttpCompletionOption completionOption, CancellationTokenSource cts, Boolean disposeCts, CancellationTokenSource pendingRequestsCts, CancellationToken originalCancellationToken)
   at TMDbLib.Rest.RestRequest.SendInternal(HttpMethod method, CancellationToken cancellationToken)
   at TMDbLib.Rest.RestRequest.Get[T](CancellationToken cancellationToken)
   at TMDbLib.Client.TMDbClient.GetTvEpisodeAsync(Int32 tvShowId, Int32 seasonNumber, Int64 episodeNumber, TvEpisodeMethods extraMethods, String language, String includeImageLanguage, CancellationToken cancellationToken)
   at MediaBrowser.Providers.Plugins.Tmdb.TmdbClientManager.GetEpisodeAsync(Int32 tvShowId, Int32 seasonNumber, Int64 episodeNumber, String displayOrder, String language, String imageLanguages, String countryCode, CancellationToken cancellationToken)
   at MediaBrowser.Providers.Plugins.Tmdb.TV.TmdbEpisodeProvider.GetMetadata(EpisodeInfo info, CancellationToken cancellationToken)
   at MediaBrowser.Providers.Manager.MetadataService`2.ExecuteRemoteProviders(MetadataResult`1 temp, String logName, Boolean replaceData, TIdType id, IEnumerable`1 providers, CancellationToken cancellationToken)
[2026-09-19 14:30:49.168 +00:00] [ERR] [44] MediaBrowser.Providers.TV.EpisodeMetadataService: Error in "TheMovieDb" for "/media/tv/Bleach/Bleach.S17E26.MULTi.1080p.BluRay.x265-KAF.mkv"
System.Net.Http.HttpRequestException: Resource temporarily unavailable (api.themoviedb.org:443)
 ---> System.Net.Sockets.SocketException (00000001, 11): Resource temporarily unavailable
   at System.Net.Dns.GetHostEntryOrAddressesCore(String hostName, Boolean justAddresses, AddressFamily addressFamily, Nullable`1 activityOrDefault)
   at System.Net.Dns.<>c.<GetHostEntryOrAddressesCoreAsync>b__34_1(Object s, NameResolutionActivity activity)
   at System.Threading.Tasks.ContinuationResultTaskFromTask`1.InnerInvoke()
   at System.Threading.ExecutionContext.RunFromThreadPoolDispatchLoop(Thread threadPoolThread, ExecutionContext executionContext, ContextCallback callback, Object state)
--- End of stack trace from previous location ---
   at System.Threading.ExecutionContext.RunFromThreadPoolDispatchLoop(Thread threadPoolThread, ExecutionContext executionContext, ContextCallback callback, Object state)
   at System.Threading.Tasks.Task.ExecuteWithThreadLocal(Task& currentTaskSlot, Thread threadPoolThread)
--- End of stack trace from previous location ---
   at TMDbLib.Rest.HappyEyeballsCallback.GetAddressesAsync(String host, CancellationToken cancellationToken)
   at TMDbLib.Rest.HappyEyeballsCallback.ConnectAsync(SocketsHttpConnectionContext context, CancellationToken cancellationToken)
   at System.Net.Http.HttpConnectionPool.ConnectToTcpHostAsync(String host, Int32 port, HttpRequestMessage initialRequest, Boolean async, CancellationToken cancellationToken)
   --- End of inner exception stack trace ---
   at System.Net.Http.HttpConnectionPool.ConnectToTcpHostAsync(String host, Int32 port, HttpRequestMessage initialRequest, Boolean async, CancellationToken cancellationToken)
   at System.Net.Http.HttpConnectionPool.ConnectAsync(HttpRequestMessage request, Boolean async, CancellationToken cancellationToken)
   at System.Net.Http.HttpConnectionPool.CreateHttp11ConnectionAsync(HttpRequestMessage request, Boolean async, CancellationToken cancellationToken)
   at System.Net.Http.HttpConnectionPool.InjectNewHttp11ConnectionAsync(QueueItem queueItem)
   at System.Threading.Tasks.TaskCompletionSourceWithCancellation`1.WaitWithCancellationAsync(CancellationToken cancellationToken)
   at System.Net.Http.HttpConnectionPool.SendWithVersionDetectionAndRetryAsync(HttpRequestMessage request, Boolean async, Boolean doRequestAuth, CancellationToken cancellationToken)
   at System.Net.Http.RedirectHandler.SendAsync(HttpRequestMessage request, Boolean async, CancellationToken cancellationToken)
   at System.Net.Http.HttpClient.<SendAsync>g__Core|83_0(HttpRequestMessage request, HttpCompletionOption completionOption, CancellationTokenSource cts, Boolean disposeCts, CancellationTokenSource pendingRequestsCts, CancellationToken originalCancellationToken)
   at TMDbLib.Rest.RestRequest.SendInternal(HttpMethod method, CancellationToken cancellationToken)
   at TMDbLib.Rest.RestRequest.Get[T](CancellationToken cancellationToken)
   at TMDbLib.Client.TMDbClient.GetTvEpisodeAsync(Int32 tvShowId, Int32 seasonNumber, Int64 episodeNumber, TvEpisodeMethods extraMethods, String language, String includeImageLanguage, CancellationToken cancellationToken)
   at MediaBrowser.Providers.Plugins.Tmdb.TmdbClientManager.GetEpisodeAsync(Int32 tvShowId, Int32 seasonNumber, Int64 episodeNumber, String displayOrder, String language, String imageLanguages, String countryCode, CancellationToken cancellationToken)
   at MediaBrowser.Providers.Plugins.Tmdb.TV.TmdbEpisodeProvider.GetMetadata(EpisodeInfo info, CancellationToken cancellationToken)
   at MediaBrowser.Providers.Manager.MetadataService`2.ExecuteRemoteProviders(MetadataResult`1 temp, String logName, Boolean replaceData, TIdType id, IEnumerable`1 providers, CancellationToken cancellationToken)
[2026-09-19 14:30:49.288 +00:00] [ERR] [44] MediaBrowser.Providers.TV.EpisodeMetadataService: Error in "TheMovieDb" for "/media/tv/Bleach/Bleach.S17E32.Thousand-Year.Blood.War.The.Holy.Newborn.1080p.DSNP.WEB-DL.AAC2.0.H.264-NTb.mkv"
System.Net.Http.HttpRequestException: Resource temporarily unavailable (api.themoviedb.org:443)
 ---> System.Net.Sockets.SocketException (00000001, 11): Resource temporarily unavailable
   at System.Net.Dns.GetHostEntryOrAddressesCore(String hostName, Boolean justAddresses, AddressFamily addressFamily, Nullable`1 activityOrDefault)
   at System.Net.Dns.<>c.<GetHostEntryOrAddressesCoreAsync>b__34_1(Object s, NameResolutionActivity activity)
   at System.Threading.Tasks.ContinuationResultTaskFromTask`1.InnerInvoke()
   at System.Threading.ExecutionContext.RunFromThreadPoolDispatchLoop(Thread threadPoolThread, ExecutionContext executionContext, ContextCallback callback, Object state)
--- End of stack trace from previous location ---
   at System.Threading.ExecutionContext.RunFromThreadPoolDispatchLoop(Thread threadPoolThread, ExecutionContext executionContext, ContextCallback callback, Object state)
   at System.Threading.Tasks.Task.ExecuteWithThreadLocal(Task& currentTaskSlot, Thread threadPoolThread)
--- End of stack trace from previous location ---
   at TMDbLib.Rest.HappyEyeballsCallback.GetAddressesAsync(String host, CancellationToken cancellationToken)
   at TMDbLib.Rest.HappyEyeballsCallback.ConnectAsync(SocketsHttpConnectionContext context, CancellationToken cancellationToken)
   at System.Net.Http.HttpConnectionPool.ConnectToTcpHostAsync(String host, Int32 port, HttpRequestMessage initialRequest, Boolean async, CancellationToken cancellationToken)
   --- End of inner exception stack trace ---
   at System.Net.Http.HttpConnectionPool.ConnectToTcpHostAsync(String host, Int32 port, HttpRequestMessage initialRequest, Boolean async, CancellationToken cancellationToken)
   at System.Net.Http.HttpConnectionPool.ConnectAsync(HttpRequestMessage request, Boolean async, CancellationToken cancellationToken)
   at System.Net.Http.HttpConnectionPool.CreateHttp11ConnectionAsync(HttpRequestMessage request, Boolean async, CancellationToken cancellationToken)
   at System.Net.Http.HttpConnectionPool.InjectNewHttp11ConnectionAsync(QueueItem queueItem)
   at System.Threading.Tasks.TaskCompletionSourceWithCancellation`1.WaitWithCancellationAsync(CancellationToken cancellationToken)
   at System.Net.Http.HttpConnectionPool.SendWithVersionDetectionAndRetryAsync(HttpRequestMessage request, Boolean async, Boolean doRequestAuth, CancellationToken cancellationToken)
   at System.Net.Http.RedirectHandler.SendAsync(HttpRequestMessage request, Boolean async, CancellationToken cancellationToken)
   at System.Net.Http.HttpClient.<SendAsync>g__Core|83_0(HttpRequestMessage request, HttpCompletionOption completionOption, CancellationTokenSource cts, Boolean disposeCts, CancellationTokenSource pendingRequestsCts, CancellationToken originalCancellationToken)
   at TMDbLib.Rest.RestRequest.SendInternal(HttpMethod method, CancellationToken cancellationToken)
   at TMDbLib.Rest.RestRequest.Get[T](CancellationToken cancellationToken)
   at TMDbLib.Client.TMDbClient.GetTvEpisodeAsync(Int32 tvShowId, Int32 seasonNumber, Int64 episodeNumber, TvEpisodeMethods extraMethods, String language, String includeImageLanguage, CancellationToken cancellationToken)
   at MediaBrowser.Providers.Plugins.Tmdb.TmdbClientManager.GetEpisodeAsync(Int32 tvShowId, Int32 seasonNumber, Int64 episodeNumber, String displayOrder, String language, String imageLanguages, String countryCode, CancellationToken cancellationToken)
   at MediaBrowser.Providers.Plugins.Tmdb.TV.TmdbEpisodeProvider.GetMetadata(EpisodeInfo info, CancellationToken cancellationToken)
   at MediaBrowser.Providers.Manager.MetadataService`2.ExecuteRemoteProviders(MetadataResult`1 temp, String logName, Boolean replaceData, TIdType id, IEnumerable`1 providers, CancellationToken cancellationToken)
[2026-09-19 15:13:44.945 +00:00] [INF] [64] Emby.Server.Implementations.IO.LibraryMonitor: "Abbott Elementary" ("/media/tv/Abbott Elementary") will be refreshed.
[2026-09-19 15:13:47.753 +00:00] [INF] [36] Emby.Server.Implementations.IO.LibraryMonitor: "Better Call Saul" ("/media/tv/Better Call Saul") will be refreshed.
[2026-09-19 15:13:52.454 +00:00] [INF] [64] Emby.Server.Implementations.IO.LibraryMonitor: "Bob's Burgers" ("/media/tv/Bobs Burgers") will be refreshed.
[2026-09-19 15:13:53.207 +00:00] [INF] [64] Emby.Server.Implementations.IO.LibraryMonitor: "The Boys" ("/media/tv/The Boys") will be refreshed.
[2026-09-19 15:13:53.697 +00:00] [INF] [64] Emby.Server.Implementations.IO.LibraryMonitor: "Brooklyn Nine-Nine" ("/media/tv/Brooklyn Nine-Nine") will be refreshed.
[2026-09-19 15:13:56.769 +00:00] [INF] [3] Emby.Server.Implementations.IO.LibraryMonitor: "Constellation" ("/media/tv/Constellation") will be refreshed.
[2026-09-19 15:14:00.777 +00:00] [INF] [36] Emby.Server.Implementations.IO.LibraryMonitor: "Empire (2015)" ("/media/tv/Empire (2015)") will be refreshed.
[2026-09-19 15:14:03.027 +00:00] [INF] [3] Emby.Server.Implementations.IO.LibraryMonitor: "The Flash (2014)" ("/media/tv/The Flash (2014)") will be refreshed.
[2026-09-19 15:14:05.122 +00:00] [INF] [36] Emby.Server.Implementations.IO.LibraryMonitor: "Halo" ("/media/tv/Halo") will be refreshed.
[2026-09-19 15:14:08.990 +00:00] [INF] [3] Emby.Server.Implementations.IO.LibraryMonitor: "Jury Duty" ("/media/tv/Jury Duty") will be refreshed.
[2026-09-19 15:14:15.227 +00:00] [INF] [64] Emby.Server.Implementations.IO.LibraryMonitor: "Mr. & Mrs. Smith (2024)" ("/media/tv/Mr. & Mrs. Smith (2024)") will be refreshed.
[2026-09-19 15:14:32.517 +00:00] [INF] [64] Emby.Server.Implementations.IO.LibraryMonitor: "Rick and Morty" ("/media/tv/Rick and Morty") will be refreshed.
[2026-09-19 15:14:34.658 +00:00] [INF] [36] Emby.Server.Implementations.IO.LibraryMonitor: "Shōgun" ("/media/tv/Shōgun") will be refreshed.
[2026-09-19 15:14:37.113 +00:00] [INF] [46] Emby.Server.Implementations.IO.LibraryMonitor: "Star Trek: Discovery" ("/media/tv/Star Trek - Discovery") will be refreshed.
[2026-09-19 15:14:37.416 +00:00] [INF] [46] Emby.Server.Implementations.IO.LibraryMonitor: "The Studio (2025)" ("/media/tv/The Studio (2025)") will be refreshed.
[2026-09-19 15:14:38.951 +00:00] [INF] [36] Emby.Server.Implementations.IO.LibraryMonitor: "The Traitors (US)" ("/media/tv/The Traitors (US)") will be refreshed.
[2026-09-19 15:14:42.269 +00:00] [INF] [36] Emby.Server.Implementations.IO.LibraryMonitor: "X-Men '97" ("/media/tv/X-Men '97") will be refreshed.
[2026-09-19 15:14:43.057 +00:00] [INF] [3] Emby.Server.Implementations.IO.LibraryMonitor: "Young Sheldon" ("/media/tv/Young Sheldon") will be refreshed.
[2026-09-19 18:22:08.840 +00:00] [INF] [28] Emby.Server.Implementations.ScheduledTasks.Tasks.OptimizeDatabaseTask: Vacuuming and analyzing jellyfin.db...
[2026-09-19 18:22:10.380 +00:00] [INF] [28] Jellyfin.Database.Providers.Sqlite.SqliteDatabaseProvider: jellyfin.db optimized successfully!
[2026-09-19 18:22:10.381 +00:00] [INF] [28] Emby.Server.Implementations.ScheduledTasks.TaskManager: "Optimize database" Completed after 0 minute(s) and 1 seconds
[2026-09-19 19:31:36.414 +00:00] [INF] [53] Emby.Server.Implementations.HttpServer.WebSocketManager: WS "10.89.5.56" request
[2026-09-19 19:32:24.882 +00:00] [ERR] [82] Jellyfin.Api.Middleware.ExceptionMiddleware: Error processing request: "Token is required". URL "GET" "/socket".
[2026-09-19 19:32:24.977 +00:00] [ERR] [82] Jellyfin.Api.Middleware.ExceptionMiddleware: Error processing request: "Token is required". URL "GET" "/socket".
[2026-09-19 19:32:34.939 +00:00] [ERR] [89] Jellyfin.Api.Middleware.ExceptionMiddleware: Error processing request: "Token is required". URL "GET" "/socket".
[2026-09-19 19:32:35.000 +00:00] [ERR] [89] Jellyfin.Api.Middleware.ExceptionMiddleware: Error processing request: "Token is required". URL "GET" "/socket".
[2026-09-19 19:32:44.991 +00:00] [ERR] [89] Jellyfin.Api.Middleware.ExceptionMiddleware: Error processing request: "Token is required". URL "GET" "/socket".
[2026-09-19 19:32:45.034 +00:00] [ERR] [89] Jellyfin.Api.Middleware.ExceptionMiddleware: Error processing request: "Token is required". URL "GET" "/socket".
[2026-09-19 19:32:55.032 +00:00] [ERR] [56] Jellyfin.Api.Middleware.ExceptionMiddleware: Error processing request: "Token is required". URL "GET" "/socket".
[2026-09-19 19:33:15.973 +00:00] [ERR] [59] Jellyfin.Api.Middleware.ExceptionMiddleware: Error processing request: "Token is required". URL "GET" "/socket".
[2026-09-19 19:34:14.438 +00:00] [INF] [59] Emby.Server.Implementations.HttpServer.WebSocketManager: WS "10.89.5.56" closed
[2026-09-19 19:34:16.223 +00:00] [ERR] [76] Jellyfin.Api.Middleware.ExceptionMiddleware: Error processing request: "Token is required". URL "GET" "/socket".
[2026-09-19 19:34:16.655 +00:00] [INF] [61] Jellyfin.Api.Auth.CustomAuthenticationHandler: "CustomAuthentication" was not authenticated. Failure message: "Invalid token."
[2026-09-19 19:34:17.241 +00:00] [ERR] [56] Jellyfin.Api.Middleware.ExceptionMiddleware: Error processing request: "Token is required". URL "GET" "/socket".
[2026-09-19 19:34:18.748 +00:00] [ERR] [61] Jellyfin.Api.Middleware.ExceptionMiddleware: Error processing request: "Token is required". URL "GET" "/socket".
[2026-09-19 19:34:21.007 +00:00] [ERR] [59] Jellyfin.Api.Middleware.ExceptionMiddleware: Error processing request: "Token is required". URL "GET" "/socket".
[2026-09-19 19:34:23.382 +00:00] [INF] [59] Jellyfin.Server.Implementations.Users.UserManager: Authentication request for "geru" has been denied (IP: "10.89.5.56").
[2026-09-19 19:34:23.384 +00:00] [ERR] [59] Jellyfin.Api.Middleware.ExceptionMiddleware: Error processing request: "Invalid username or password entered". URL "POST" "/Users/authenticatebyname".
[2026-09-19 19:34:24.393 +00:00] [ERR] [56] Jellyfin.Api.Middleware.ExceptionMiddleware: Error processing request: "Token is required". URL "GET" "/socket".
[2026-09-19 19:34:29.557 +00:00] [ERR] [59] Jellyfin.Api.Middleware.ExceptionMiddleware: Error processing request: "Token is required". URL "GET" "/socket".
[2026-09-19 19:34:37.522 +00:00] [ERR] [61] Jellyfin.Api.Middleware.ExceptionMiddleware: Error processing request: "Token is required". URL "GET" "/socket".
[2026-09-19 19:34:48.932 +00:00] [ERR] [40] Jellyfin.Api.Middleware.ExceptionMiddleware: Error processing request: "Token is required". URL "GET" "/socket".
[2026-09-19 19:34:49.524 +00:00] [INF] [40] Jellyfin.Server.Implementations.Users.UserManager: Authentication request for "geru" has been denied (IP: "10.89.5.56").
[2026-09-19 19:34:49.525 +00:00] [ERR] [40] Jellyfin.Api.Middleware.ExceptionMiddleware: Error processing request: "Invalid username or password entered". URL "POST" "/Users/authenticatebyname".
[2026-09-19 19:35:06.529 +00:00] [ERR] [40] Jellyfin.Api.Middleware.ExceptionMiddleware: Error processing request: "Token is required". URL "GET" "/socket".
[2026-09-19 19:35:32.555 +00:00] [ERR] [61] Jellyfin.Api.Middleware.ExceptionMiddleware: Error processing request: "Token is required". URL "GET" "/socket".
[2026-09-19 19:35:59.829 +00:00] [INF] [50] Jellyfin.Api.Auth.CustomAuthenticationHandler: "CustomAuthentication" was not authenticated. Failure message: "Invalid token."
[2026-09-19 19:36:11.047 +00:00] [ERR] [65] Jellyfin.Api.Middleware.ExceptionMiddleware: Error processing request: "Token is required". URL "GET" "/socket".
[2026-09-19 19:37:09.518 +00:00] [ERR] [61] Jellyfin.Api.Middleware.ExceptionMiddleware: Error processing request: "Token is required". URL "GET" "/socket".
[2026-09-19 19:38:36.526 +00:00] [ERR] [47] Jellyfin.Api.Middleware.ExceptionMiddleware: Error processing request: "Token is required". URL "GET" "/socket".
[2026-09-19 19:40:07.573 +00:00] [INF] [34] Jellyfin.Api.Auth.CustomAuthenticationHandler: "CustomAuthentication" was not authenticated. Failure message: "Invalid token."
[2026-09-19 19:40:46.297 +00:00] [ERR] [47] Jellyfin.Api.Middleware.ExceptionMiddleware: Error processing request: "Token is required". URL "GET" "/socket".
[2026-09-19 19:41:02.867 +00:00] [ERR] [15] Jellyfin.Api.Middleware.ExceptionMiddleware: Error processing request: "Token is required". URL "GET" "/socket".
[2026-09-19 19:41:03.127 +00:00] [INF] [15] Jellyfin.Api.Auth.CustomAuthenticationHandler: "CustomAuthentication" was not authenticated. Failure message: "Invalid token."
[2026-09-19 19:41:03.968 +00:00] [ERR] [34] Jellyfin.Api.Middleware.ExceptionMiddleware: Error processing request: "Token is required". URL "GET" "/socket".
[2026-09-19 19:41:05.486 +00:00] [ERR] [15] Jellyfin.Api.Middleware.ExceptionMiddleware: Error processing request: "Token is required". URL "GET" "/socket".
[2026-09-19 19:41:05.837 +00:00] [INF] [32] Jellyfin.Server.Implementations.Users.UserManager: Authentication request for "geru" has succeeded.
[2026-09-19 19:41:05.837 +00:00] [INF] [32] Emby.Server.Implementations.Session.SessionManager: Current/Max sessions for user "geru": 1/0
[2026-09-19 19:41:05.838 +00:00] [INF] [32] Emby.Server.Implementations.Session.SessionManager: Creating new access token for user 2f7d7af0-05dc-4244-ac98-cdfa99303fd3
[2026-09-19 19:41:05.983 +00:00] [INF] [47] Emby.Server.Implementations.HttpServer.WebSocketManager: WS "10.89.5.56" request
[2026-09-19 19:41:47.267 +00:00] [INF] [65] Jellyfin.Server.Implementations.Users.UserManager: Authentication request for "geru" has succeeded.
[2026-09-19 19:41:47.344 +00:00] [INF] [65] Emby.Server.Implementations.Session.SessionManager: Logging out access token "28945fc539164ce28afd651f3fb48dc3"
[2026-09-19 19:41:47.346 +00:00] [INF] [65] Emby.Server.Implementations.Session.SessionManager: Logging out access token "9493c9f5c9bd41228bb9548c2258f20d"
[2026-09-19 19:41:47.346 +00:00] [INF] [65] Emby.Server.Implementations.Session.SessionManager: Logging out access token "c3a651b7460b4cdd987d64c015f46c52"
[2026-09-19 19:41:47.346 +00:00] [INF] [65] Emby.Server.Implementations.Session.SessionManager: Logging out access token "66ce569de8e04fa296645f83910e2083"
[2026-09-19 19:41:47.347 +00:00] [INF] [65] Emby.Server.Implementations.Session.SessionManager: Logging out access token "8638ac331c8c46e3bf7972b59d3af3fd"
[2026-09-19 19:41:47.347 +00:00] [INF] [65] Emby.Server.Implementations.Session.SessionManager: Logging out access token "b618c4bc7d8943dcb9fa1b6a778e0764"
[2026-09-19 19:41:47.347 +00:00] [INF] [65] Emby.Server.Implementations.Session.SessionManager: Logging out access token "a65f4fc1a6f0469abb24d07b1f3df2c6"
[2026-09-19 19:41:47.347 +00:00] [INF] [65] Emby.Server.Implementations.Session.SessionManager: Logging out access token "4aca61dd627b45e2ba2fd6ab68ef084c"
[2026-09-19 19:41:47.347 +00:00] [INF] [65] Emby.Server.Implementations.Session.SessionManager: Logging out access token "04f64052476a4d2ea6ed54e714d96a81"
[2026-09-19 19:41:47.347 +00:00] [INF] [65] Emby.Server.Implementations.Session.SessionManager: Logging out access token "cae538c2c22e46e1af8a0653aa239215"
[2026-09-19 19:41:47.347 +00:00] [INF] [65] Emby.Server.Implementations.Session.SessionManager: Logging out access token "ded16d9274884ffaa02b456d4ceacc00"
[2026-09-19 19:41:47.348 +00:00] [INF] [65] Emby.Server.Implementations.Session.SessionManager: Logging out access token "b8160607b7bc4cd2a804c28418825fa5"
[2026-09-19 19:41:47.348 +00:00] [INF] [65] Emby.Server.Implementations.Session.SessionManager: Logging out access token "a92bbc505f2d45ce8bb40f1f51f84e03"
[2026-09-19 19:41:47.349 +00:00] [INF] [65] Emby.Server.Implementations.Session.SessionManager: Logging out access token "0d2531e1a520450fad3cf9278754e724"
[2026-09-19 19:41:47.349 +00:00] [INF] [65] Emby.Server.Implementations.Session.SessionManager: Logging out access token "bc6f7676b4354c778bfbfe9c33d01029"
[2026-09-19 19:41:47.349 +00:00] [INF] [65] Emby.Server.Implementations.Session.SessionManager: Logging out access token "3ada168069cd4195992723f2dee699c6"
[2026-09-19 19:41:47.349 +00:00] [INF] [65] Emby.Server.Implementations.Session.SessionManager: Logging out access token "8b97e8a052f74fdab418eadb91471353"
[2026-09-19 19:41:47.349 +00:00] [INF] [65] Emby.Server.Implementations.Session.SessionManager: Logging out access token "ac7736c9499847fa85c782db6153f027"
[2026-09-19 19:41:47.349 +00:00] [INF] [65] Emby.Server.Implementations.Session.SessionManager: Logging out access token "008cb233c3274b8a81222c78c1c1916f"
[2026-09-19 19:42:38.313 +00:00] [INF] [27] Emby.Server.Implementations.AppBase.BaseConfigurationManager: Saving system configuration
[2026-09-19 19:42:38.318 +00:00] [INF] [27] Emby.Server.Implementations.AppBase.BaseConfigurationManager: Setting cache path: "/config/cache"
[2026-09-19 19:44:11.143 +00:00] [INF] [91] Emby.Server.Implementations.Session.SessionManager: Logging out access token "175b9818ac9c4a8aa5ef7456793549d0"
[2026-09-19 19:44:11.148 +00:00] [INF] [54] Emby.Server.Implementations.HttpServer.WebSocketManager: WS "10.89.5.56" closed
[2026-09-19 19:44:11.167 +00:00] [INF] [91] Jellyfin.Api.Auth.CustomAuthenticationHandler: "CustomAuthentication" was not authenticated. Failure message: "Invalid token."
[2026-09-19 19:44:11.167 +00:00] [INF] [91] Jellyfin.Api.Auth.CustomAuthenticationHandler: "CustomAuthentication" was not authenticated. Failure message: "Invalid token."
[2026-09-19 19:44:11.168 +00:00] [INF] [91] Jellyfin.Api.Auth.CustomAuthenticationHandler: AuthenticationScheme: "CustomAuthentication" was challenged.
[2026-09-19 19:44:11.398 +00:00] [INF] [91] Jellyfin.Api.Auth.CustomAuthenticationHandler: "CustomAuthentication" was not authenticated. Failure message: "Invalid token."
[2026-09-19 19:44:11.398 +00:00] [INF] [91] Jellyfin.Api.Auth.CustomAuthenticationHandler: "CustomAuthentication" was not authenticated. Failure message: "Invalid token."
[2026-09-19 19:44:11.398 +00:00] [INF] [91] Jellyfin.Api.Auth.CustomAuthenticationHandler: AuthenticationScheme: "CustomAuthentication" was challenged.
[2026-09-19 19:44:11.401 +00:00] [INF] [54] Jellyfin.Api.Auth.CustomAuthenticationHandler: "CustomAuthentication" was not authenticated. Failure message: "Invalid token."
[2026-09-19 19:44:11.401 +00:00] [INF] [54] Jellyfin.Api.Auth.CustomAuthenticationHandler: "CustomAuthentication" was not authenticated. Failure message: "Invalid token."
[2026-09-19 19:44:11.401 +00:00] [INF] [54] Jellyfin.Api.Auth.CustomAuthenticationHandler: AuthenticationScheme: "CustomAuthentication" was challenged.
[2026-09-19 19:44:11.409 +00:00] [INF] [91] Jellyfin.Api.Auth.CustomAuthenticationHandler: "CustomAuthentication" was not authenticated. Failure message: "Invalid token."
[2026-09-19 19:44:11.409 +00:00] [INF] [91] Jellyfin.Api.Auth.CustomAuthenticationHandler: "CustomAuthentication" was not authenticated. Failure message: "Invalid token."
[2026-09-19 19:44:11.409 +00:00] [INF] [91] Jellyfin.Api.Auth.CustomAuthenticationHandler: AuthenticationScheme: "CustomAuthentication" was challenged.
[2026-09-19 19:44:11.680 +00:00] [INF] [54] Jellyfin.Api.Auth.CustomAuthenticationHandler: "CustomAuthentication" was not authenticated. Failure message: "Invalid token."
[2026-09-19 19:44:12.190 +00:00] [INF] [43] Jellyfin.Api.Auth.CustomAuthenticationHandler: "CustomAuthentication" was not authenticated. Failure message: "Invalid token."
[2026-09-19 19:44:12.190 +00:00] [ERR] [43] Jellyfin.Api.Middleware.ExceptionMiddleware: Error processing request: "Invalid token". URL "GET" "/socket".
[2026-09-19 19:44:13.751 +00:00] [INF] [43] Jellyfin.Api.Auth.CustomAuthenticationHandler: "CustomAuthentication" was not authenticated. Failure message: "Invalid token."
[2026-09-19 19:44:13.752 +00:00] [ERR] [43] Jellyfin.Api.Middleware.ExceptionMiddleware: Error processing request: "Invalid token". URL "GET" "/socket".
[2026-09-19 19:44:15.406 +00:00] [ERR] [43] Jellyfin.Api.Middleware.ExceptionMiddleware: Error processing request: "Token is required". URL "GET" "/socket".
[2026-09-19 19:44:16.425 +00:00] [ERR] [54] Jellyfin.Api.Middleware.ExceptionMiddleware: Error processing request: "Token is required". URL "GET" "/socket".
[2026-09-19 19:44:17.940 +00:00] [ERR] [27] Jellyfin.Api.Middleware.ExceptionMiddleware: Error processing request: "Token is required". URL "GET" "/socket".
[2026-09-19 19:44:20.213 +00:00] [ERR] [27] Jellyfin.Api.Middleware.ExceptionMiddleware: Error processing request: "Token is required". URL "GET" "/socket".
[2026-09-19 19:44:22.649 +00:00] [INF] [27] Jellyfin.Server.Implementations.Users.UserManager: Authentication request for "geru" has succeeded.
[2026-09-19 19:44:22.649 +00:00] [INF] [27] Emby.Server.Implementations.Session.SessionManager: Current/Max sessions for user "geru": 0/0
[2026-09-19 19:44:22.649 +00:00] [INF] [27] Emby.Server.Implementations.Session.SessionManager: Creating new access token for user 2f7d7af0-05dc-4244-ac98-cdfa99303fd3
[2026-09-19 19:44:22.836 +00:00] [INF] [54] Emby.Server.Implementations.HttpServer.WebSocketManager: WS "10.89.5.56" request
[2026-09-19 19:47:15.538 +00:00] [INF] [32] Emby.Server.Implementations.Session.SessionManager: Sending shutdown notifications
[2026-09-19 19:47:15.540 +00:00] [INF] [32] Emby.Server.Implementations.IO.LibraryMonitor: Stopping directory watching for path "/media/movies"
[2026-09-19 19:47:15.541 +00:00] [INF] [32] Emby.Server.Implementations.IO.LibraryMonitor: Stopping directory watching for path "/media/tv"
[2026-09-19 19:47:15.543 +00:00] [INF] [21] Emby.Server.Implementations.HttpServer.WebSocketManager: WS "10.89.5.56" closed
[2026-09-19 19:47:15.550 +00:00] [INF] [7] Main: Optimizing the database... This might take a while
[2026-09-19 19:47:17.141 +00:00] [INF] [7] Jellyfin.Database.Providers.Sqlite.SqliteDatabaseProvider: jellyfin.db optimized successfully!
[2026-09-19 19:47:17.163 +00:00] [INF] [7] Emby.Server.Implementations.ApplicationHost: Disposing "CoreAppHost"
[2026-09-19 19:47:17.164 +00:00] [INF] [7] Emby.Server.Implementations.ApplicationHost: Disposing "Plugin"
[2026-09-19 19:47:28.586 +00:00] [INF] [1] Emby.Server.Implementations.AppBase.BaseConfigurationManager: Setting cache path: "/config/cache"
[2026-09-19 19:47:28.707 +00:00] [INF] [10] Jellyfin.Server.ServerSetupApp.SetupServer: Kestrel is listening on "0.0.0.0"
[2026-09-19 19:47:28.724 +00:00] [INF] [10] Main: Jellyfin version: "12.1.0"
[2026-09-19 19:47:28.726 +00:00] [INF] [10] Main: Environment Variables: ["[JELLYFIN_CONFIG_DIR, /config]", "[JELLYFIN_CACHE_DIR, /config/cache]", "[JELLYFIN_DATA_DIR, /config/data]", "[JELLYFIN_LOG_DIR, /config/log]", "[JELLYFIN_WEB_DIR, /usr/share/jellyfin/web]"]
[2026-09-19 19:47:28.727 +00:00] [INF] [10] Main: Arguments: ["/usr/lib/jellyfin/bin/jellyfin.dll", "--ffmpeg=/usr/lib/jellyfin-ffmpeg/ffmpeg"]
[2026-09-19 19:47:28.728 +00:00] [INF] [10] Main: Operating system: "Ubuntu 26.04.1 LTS"
[2026-09-19 19:47:28.728 +00:00] [INF] [10] Main: Architecture: X64
[2026-09-19 19:47:28.728 +00:00] [INF] [10] Main: 64-Bit Process: True
[2026-09-19 19:47:28.728 +00:00] [INF] [10] Main: User Interactive: True
[2026-09-19 19:47:28.728 +00:00] [INF] [10] Main: Processor count: 24
[2026-09-19 19:47:28.728 +00:00] [INF] [10] Main: Program data path: "/config/data"
[2026-09-19 19:47:28.728 +00:00] [INF] [10] Main: Log directory path: "/config/log"
[2026-09-19 19:47:28.728 +00:00] [INF] [10] Main: Config directory path: "/config"
[2026-09-19 19:47:28.728 +00:00] [INF] [10] Main: Cache path: "/config/cache"
[2026-09-19 19:47:28.728 +00:00] [INF] [10] Main: Temp directory path: "/tmp/jellyfin"
[2026-09-19 19:47:28.728 +00:00] [INF] [10] Main: Web resources path: "/usr/share/jellyfin/web"
[2026-09-19 19:47:28.728 +00:00] [INF] [10] Main: Application directory: "/usr/lib/jellyfin/bin/"
[2026-09-19 19:47:28.730 +00:00] [INF] [10] Jellyfin.Server.Startup: Storage path `"/config/data/data"` (Fixed) successfully checked with "419.1GiB" free which is over the minimum of "2GiB".
[2026-09-19 19:47:28.731 +00:00] [INF] [10] Jellyfin.Server.Startup: Storage path `"/config/cache"` (Fixed) successfully checked with "419.1GiB" free which is over the minimum of "2GiB".
[2026-09-19 19:47:28.731 +00:00] [INF] [10] Jellyfin.Server.Startup: Storage path `"/config/data"` (Fixed) successfully checked with "419.1GiB" free which is over the minimum of "2GiB".
[2026-09-19 19:47:28.732 +00:00] [INF] [10] Emby.Server.Implementations.AppBase.BaseConfigurationManager: Setting cache path: "/config/cache"
[2026-09-19 19:47:28.767 +00:00] [INF] [10] Jellyfin.Database.Providers.Sqlite.SqliteDatabaseProvider: SQLite connection string: "Data Source=/config/data/data/jellyfin.db;Cache=Private;Default Timeout=60;Pooling=True"
[2026-09-19 19:47:28.772 +00:00] [INF] [10] Jellyfin.Database.Providers.Sqlite.SqliteDatabaseProvider: SQLITE connection pragma command set to: 
"PRAGMA locking_mode=NORMAL;
PRAGMA journal_size_limit=134217728;
PRAGMA synchronous=1;
PRAGMA temp_store=2;
"
[2026-09-19 19:47:28.772 +00:00] [INF] [10] Jellyfin.Database.Implementations.Locking.NoLockBehavior: The database locking mode has been set to: NoLock.
[2026-09-19 19:47:28.793 +00:00] [INF] [10] Jellyfin.Server.Migrations.JellyfinMigrationService: Initialise Migration service.
[2026-09-19 19:47:29.058 +00:00] [WRN] [9] Microsoft.Extensions.Diagnostics.HealthChecks.DefaultHealthCheckService: Health check "StartupCheck" with status Degraded completed after 0.7596ms with message '"Server is still starting up."'
[2026-09-19 19:47:29.409 +00:00] [INF] [10] Emby.Server.Implementations.AppBase.BaseConfigurationManager: Setting cache path: "/config/cache"
[2026-09-19 19:47:29.693 +00:00] [INF] [10] Emby.Server.Implementations.ApplicationHost: Loading assemblies
[2026-09-19 19:47:29.716 +00:00] [INF] [10] Jellyfin.Networking.Manager.NetworkManager: Defined LAN subnets: ["127.0.0.0/8", "10.0.0.0/8", "172.16.0.0/12", "192.168.0.0/16"]
[2026-09-19 19:47:29.716 +00:00] [INF] [10] Jellyfin.Networking.Manager.NetworkManager: Defined LAN exclusions: []
[2026-09-19 19:47:29.717 +00:00] [INF] [10] Jellyfin.Networking.Manager.NetworkManager: Used LAN subnets: ["127.0.0.0/8", "10.0.0.0/8", "172.16.0.0/12", "192.168.0.0/16"]
[2026-09-19 19:47:29.718 +00:00] [INF] [10] Jellyfin.Networking.Manager.NetworkManager: Filtered interface addresses: ["127.0.0.1", "10.89.5.62"]
[2026-09-19 19:47:29.718 +00:00] [INF] [10] Jellyfin.Networking.Manager.NetworkManager: Bind Addresses ["0.0.0.0"]
[2026-09-19 19:47:29.718 +00:00] [INF] [10] Jellyfin.Networking.Manager.NetworkManager: Remote IP filter is "Allowlist"
[2026-09-19 19:47:29.718 +00:00] [INF] [10] Jellyfin.Networking.Manager.NetworkManager: Filtered subnets: []
[2026-09-19 19:47:29.790 +00:00] [INF] [10] Jellyfin.Database.Providers.Sqlite.SqliteDatabaseProvider: SQLite connection string: "Data Source=/config/data/data/jellyfin.db;Cache=Private;Default Timeout=60;Pooling=True"
[2026-09-19 19:47:29.790 +00:00] [INF] [10] Jellyfin.Database.Providers.Sqlite.SqliteDatabaseProvider: SQLITE connection pragma command set to: 
"PRAGMA locking_mode=NORMAL;
PRAGMA journal_size_limit=134217728;
PRAGMA synchronous=1;
PRAGMA temp_store=2;
"
[2026-09-19 19:47:29.790 +00:00] [INF] [10] Jellyfin.Database.Implementations.Locking.NoLockBehavior: The database locking mode has been set to: NoLock.
[2026-09-19 19:47:29.817 +00:00] [INF] [10] Main: Prepare system for possible migrations
[2026-09-19 19:47:29.836 +00:00] [INF] [10] Main: A migration will attempt to modify the jellyfin.db, will attempt to backup the file now.
[2026-09-19 19:47:29.956 +00:00] [INF] [10] Main: Jellyfin database has been backed up as "20260919194729"
[2026-09-19 19:47:30.041 +00:00] [INF] [10] Emby.Server.Implementations.Plugins.PluginManager: Loaded plugin: "TMDb" "12.1.0.0"
[2026-09-19 19:47:30.041 +00:00] [INF] [10] Emby.Server.Implementations.Plugins.PluginManager: Loaded plugin: "Studio Images" "12.1.0.0"
[2026-09-19 19:47:30.042 +00:00] [INF] [10] Emby.Server.Implementations.Plugins.PluginManager: Loaded plugin: "OMDb" "12.1.0.0"
[2026-09-19 19:47:30.050 +00:00] [INF] [10] Emby.Server.Implementations.Plugins.PluginManager: Loaded plugin: "MusicBrainz" "12.1.0.0"
[2026-09-19 19:47:30.050 +00:00] [INF] [10] Emby.Server.Implementations.Plugins.PluginManager: Loaded plugin: "ListenBrainz Similarity Provider" "12.1.0.0"
[2026-09-19 19:47:30.050 +00:00] [INF] [10] Emby.Server.Implementations.Plugins.PluginManager: Loaded plugin: "AudioDB" "12.1.0.0"
[2026-09-19 19:47:30.077 +00:00] [WRN] [7] Microsoft.Extensions.Diagnostics.HealthChecks.DefaultHealthCheckService: Health check "StartupCheck" with status Degraded completed after 0.0486ms with message '"Server is still starting up."'
[2026-09-19 19:47:30.083 +00:00] [INF] [10] Emby.Server.Implementations.Library.Search.SearchManager: Registered 0 external search providers: "". Fallback providers: "Database (priority 100)"
[2026-09-19 19:47:30.085 +00:00] [INF] [10] Jellyfin.Server.Migrations.JellyfinMigrationService: There are 3 migrations for stage AppInitialisation.
[2026-09-19 19:47:30.086 +00:00] [INF] [10] InternalCodeMigration: Perform migration "20260908120000_RepairAlternateVersionLinks"
[2026-09-19 19:47:30.655 +00:00] [INF] [10] Jellyfin.Server.Migrations.Routines.RepairAlternateVersionLinks: Repaired 0 of 384 alternate version links, and promoted 0 primaries that were versions themselves.
[2026-09-19 19:47:30.675 +00:00] [INF] [10] InternalCodeMigration: Migration "20260908120000_RepairAlternateVersionLinks" was successfully applied
[2026-09-19 19:47:30.677 +00:00] [INF] [10] InternalCodeMigration: Perform migration "20260910120000_MigrateRatingLevels"
[2026-09-19 19:47:30.678 +00:00] [INF] [10] Jellyfin.Server.Migrations.Routines.MigrateRatingLevels: Recalculating parental rating levels based on rating string.
[2026-09-19 19:47:31.089 +00:00] [WRN] [16] Microsoft.Extensions.Diagnostics.HealthChecks.DefaultHealthCheckService: Health check "StartupCheck" with status Degraded completed after 0.0033ms with message '"Server is still starting up."'
[2026-09-19 19:47:31.660 +00:00] [INF] [10] InternalCodeMigration: Migration "20260910120000_MigrateRatingLevels" was successfully applied
[2026-09-19 19:47:31.662 +00:00] [INF] [10] InternalCodeMigration: Perform migration "20260911120000_StripEmbeddedLinkedChildren"
[2026-09-19 19:47:31.753 +00:00] [INF] [10] Jellyfin.Server.Migrations.Routines.StripEmbeddedLinkedChildren: Dropped dead keys from the serialized data of 4774 items
[2026-09-19 19:47:31.755 +00:00] [INF] [10] InternalCodeMigration: Migration "20260911120000_StripEmbeddedLinkedChildren" was successfully applied
[2026-09-19 19:47:31.756 +00:00] [INF] [10] Main: Attempt to cleanup JellyfinDb backup.
[2026-09-19 19:47:31.790 +00:00] [INF] [10] Main: Migrations have been applied, optimizing the database... This might take a while
[2026-09-19 19:47:32.099 +00:00] [WRN] [16] Microsoft.Extensions.Diagnostics.HealthChecks.DefaultHealthCheckService: Health check "StartupCheck" with status Degraded completed after 0.0047ms with message '"Server is still starting up."'
[2026-09-19 19:47:33.110 +00:00] [WRN] [9] Microsoft.Extensions.Diagnostics.HealthChecks.DefaultHealthCheckService: Health check "StartupCheck" with status Degraded completed after 0.003ms with message '"Server is still starting up."'
[2026-09-19 19:47:33.386 +00:00] [INF] [10] Jellyfin.Database.Providers.Sqlite.SqliteDatabaseProvider: jellyfin.db optimized successfully!
[2026-09-19 19:47:33.425 +00:00] [INF] [10] Main: Kestrel is listening on "0.0.0.0"
[2026-09-19 19:47:33.864 +00:00] [WRN] [10] Microsoft.AspNetCore.StaticFiles.StaticFileMiddleware: The WebRootPath was not found: "/run/s6-rc:s6-rc-init:AmLPJO/servicedirs/svc-jellyfin/wwwroot". Static files may be unavailable.
[2026-09-19 19:47:33.892 +00:00] [INF] [10] Emby.Server.Implementations.ApplicationHost: Running startup tasks
[2026-09-19 19:47:33.907 +00:00] [INF] [10] Emby.Server.Implementations.ScheduledTasks.TaskManager: Daily trigger for "Generate Trickplay Images" set to fire at 2026-09-20 03:00:00.000 +00:00, which is 07:12:26.0924042 from now.
[2026-09-19 19:47:33.912 +00:00] [INF] [10] Emby.Server.Implementations.ScheduledTasks.TaskManager: Daily trigger for "Extract Chapter Images" set to fire at 2026-09-20 02:00:00.000 +00:00, which is 06:12:26.0875044 from now.
[2026-09-19 19:47:33.935 +00:00] [INF] [10] MediaBrowser.MediaEncoding.Encoder.MediaEncoder: Found ffmpeg version "8.1.2"
[2026-09-19 19:47:33.958 +00:00] [INF] [10] MediaBrowser.MediaEncoding.Encoder.MediaEncoder: Available "decoders": ["libdav1d", "av1", "av1_cuvid", "av1_qsv", "h264", "h264_qsv", "h264_cuvid", "hevc", "hevc_qsv", "hevc_cuvid", "mpeg2video", "mpeg2_qsv", "mpeg2_cuvid", "mpeg4", "mpeg4_cuvid", "msmpeg4", "vc1_qsv", "vc1_cuvid", "vp8", "libvpx", "vp8_cuvid", "vp8_qsv", "vp9", "libvpx-vp9", "vp9_cuvid", "vp9_qsv", "aac", "ac3", "ac4", "dca", "flac", "mp3", "truehd"]
[2026-09-19 19:47:33.971 +00:00] [INF] [10] MediaBrowser.MediaEncoding.Encoder.MediaEncoder: Available "encoders": ["libsvtav1", "av1_nvenc", "av1_qsv", "av1_amf", "av1_vaapi", "libx264", "h264_amf", "h264_nvenc", "h264_qsv", "h264_v4l2m2m", "h264_vaapi", "libx265", "hevc_amf", "hevc_nvenc", "hevc_qsv", "hevc_vaapi", "mjpeg_qsv", "mjpeg_vaapi", "aac", "libfdk_aac", "ac3", "alac", "dca", "flac", "libmp3lame", "libopus", "truehd", "libvorbis", "srt"]
[2026-09-19 19:47:33.985 +00:00] [INF] [10] MediaBrowser.MediaEncoding.Encoder.MediaEncoder: Available filters: ["bwdif_cuda", "bwdif_opencl", "deinterlace_qsv", "deinterlace_vaapi", "flip_vulkan", "hwupload_cuda", "hwupload_vaapi", "libplacebo", "overlay_opencl", "overlay_qsv", "overlay_vaapi", "overlay_vulkan", "overlay_cuda", "procamp_vaapi", "scale_cuda", "scale_opencl", "scale_qsv", "scale_vaapi", "scale_vulkan", "tonemapx", "tonemap_cuda", "tonemap_opencl", "tonemap_vaapi", "transpose_cuda", "transpose_opencl", "transpose_vaapi", "transpose_vulkan", "vpp_qsv", "yadif_cuda", "yadif_opencl", "zscale", "alphasrc"]
[2026-09-19 19:47:34.013 +00:00] [INF] [16] Emby.Server.Implementations.IO.LibraryMonitor: Watching directory "/media/tv"
[2026-09-19 19:47:34.143 +00:00] [INF] [10] MediaBrowser.MediaEncoding.Encoder.MediaEncoder: Available hwaccel types: ["cuda", "vaapi", "qsv", "drm", "opencl", "vulkan", "amf"]
[2026-09-19 19:47:34.223 +00:00] [INF] [9] Emby.Server.Implementations.IO.LibraryMonitor: Watching directory "/media/movies"
[2026-09-19 19:47:35.762 +00:00] [INF] [10] MediaBrowser.MediaEncoding.Encoder.MediaEncoder: FFmpeg: "/usr/lib/jellyfin-ffmpeg/ffmpeg"
[2026-09-19 19:47:35.763 +00:00] [INF] [10] Emby.Server.Implementations.ApplicationHost: ServerId: "8d93a6d387d94f44a72723b8b89ff0fb"
[2026-09-19 19:47:35.763 +00:00] [INF] [10] Emby.Server.Implementations.ApplicationHost: Core startup complete
[2026-09-19 19:47:35.763 +00:00] [INF] [10] Main: Startup complete 0:00:09.7408075
[2026-09-19 19:47:36.930 +00:00] [INF] [21] Emby.Server.Implementations.ScheduledTasks.TaskManager: "Clean Transcode Directory" Completed after 0 minute(s) and 0 seconds
[2026-09-19 19:47:37.280 +00:00] [INF] [9] Emby.Server.Implementations.ScheduledTasks.TaskManager: "Update Plugins" Completed after 0 minute(s) and 0 seconds
[2026-09-19 19:47:40.624 +00:00] [INF] [9] Emby.Server.Implementations.HttpServer.WebSocketManager: WS "10.89.5.62" request
[2026-09-19 19:48:13.659 +00:00] [INF] [9] Emby.Server.Implementations.HttpServer.WebSocketManager: WS "10.89.5.62" closed
[2026-09-19 19:48:14.803 +00:00] [INF] [10] Emby.Server.Implementations.HttpServer.WebSocketManager: WS "10.89.5.62" request
